????(??),????(??)
???? ??? ?????,???? ?? ???? ??? ????? ?????? ?? ??????
????? ??? ???,????? ? ??? ???? ? ?? ?????
????? ???? ???? ?????,??? ??? ?? ????? ????
???? ???? ????? ?????,??? ? ??? ?? ???? ?? ????
,
???? ????? ? ????,?? ?? ???? ? ??? ?? ?? ?? ? ??? ? ??? ????
???,? ??????
??. ?? ??? ??? ?????,"????, ??? ??? ?? ? ?? ???? ??? ???"
?? ? ? ??????,?? ? ? ??????
"?? ??? ??? ?,?? ??? ??? ????? ??????",?? ?? ? ??? ?? ????? ?? ???? ????? ???
,
??? ?? ????????.,?? ???? ?? ??? ?? ??? ??????
,
,
,
????? ?? ????,?? ??? ?? ???? ?? ?? ??? ?? ?? ?????
?? ?????? ?? ??? ??? ????,?? ???? ?? ?? ??? ??? ??? ?? ????
????? ???? ????,??? ?? ?? ?? ??? ????? ?????? ?? ? ????
,
?? ????? ??? ??? ????,?? ???? ??? ? ??? ?? ??? ? ??? ??????
,
???? ???? ???? ?????,???? ?? ?? ??? ?? ??? ???? ?? ? ??? ???????
,
,
,
,
,
???? ???? ? ?????,?? ?? ? ??? ???? ?????? ? ?? ????
????? ??? ?? ?????????,????? ??? ?? ????? ?? ???
????? ??? ????,?? ??? ????
,
???? ?????? ???? ?????,???? ?? ??? ??? ??
,
,
,
,
,
??? ????,?? ?? ? ??
,
??? ?????,"? ??, ??? ??? ????"
??? ??? ???,?? ??? ??? ??? ??? ???? ?? ? ?????
???? ??? ???? ????,"???? ?? ?? ?, ??? ?? ?? ???"
?? ??? ??????,"??? ? ?? ?? ???, ??? ????? ????"
KTX? ?? ????,"? KTX? ???, ? ?? ??? ?? ???"
???? ???? ?? ????,????? ?? ? ??????
???? ?? ??????,???? ?? ? ??
??? ?????,?? ????
?? ?? ? ???? ????,?? ? ???? ???????
??? 5??? ?? ??? ????,5??? ??? ???? ?? ???? ?????
,
??? ??????,?? ??? ? ???? ?? ??? ??? ????
?????? ?????? ??? ?? ????.,?????? ???? ?? ? ?? ?? ? ??? ??? ?????
,
,
???? ?? ????,? ? ??? ????
?? ????? ?? ?????,?? ?? ? ???
??????? ??????,?? ???? ??? ?? ? ????
????? ??????,?? ?? ??? ????? ?? ?????
,
????? ????,?? ??? ??? ??? ?? ????
,
,
???? ????? ??? ?? ??? ????,"???? ??? ?? ?, ? ?? ? ?? ?? ?? ?? ???? ????"
,
,
?? ??????,?????
,
??? ??????,??? ????? ??? ??? ????
?? ???? ??? ?? ? ???? ????,?? ?? ? ?? ?? ? ???
?? ? ???? ??????,???? ????
,
?? ???? ??????,???? ? ???? ? ?? ????
,
??? 2???? ????,?? ?? ???? 2??? ?? ??? ??? ?? ? ???
???? ??? 2???? ???????,?? ????? ?? ??? ???? 2???? ?? ????
?????? ????,?????? ?????
???? ???? ? 2??? ????,"? ? ?? ???? 2???? ?? ???, ?? ?? ?????"
?? ??? ????,??? ? ????
????? ????? 2???? ????,??? 2??? ???
?? ????? ??????? 2???? ??? ?????,"????? ?? ?? ?? ? 2? ?? ?, ??? ?? ?? ??? ???"
,
,
,
?? ???? ??? ????.,??? ??? ??
,
,
,
,
????,????
?? ? ??? ?????,"??? ? ? ?? ?? ???, ??? ??????."
?? ???? ??? ??? ? ??????,"???? ??? ?? ??? ? ?? ?? ????, ?? ? ?? ???? ???"
,
,
??CGV?? ??????,"??CGV?? ?? ?????, ????? ?? ?? ?????."
,
,
,
,
???? ????? ??? ??? ????,? ? ?? ? ?? ??? ?? ???? ? ??? ?? ? ?????
,
?? ????? ????? ??? ?? ????,"????? ? ???? ??? ?? ??, ?? ??? ????"
?? C? ??? ????? ??? ????,"C? ?? ??????, ???? ???? ? ????"
,
????? ????? ??? ????,"????? ????? ??? ?????, ?? ?? ?? ?????."
,
??? ??? ?????,"??? ??? ??? ???, ????? ? ? ???"
,
30??? ?? ??? ??????,"30??? ? ???, ?? ??? ???? ? ??? ??????"
??? ??? ?????,"?? ??? ????, ?? ??? ??? ????"
?? ?????,"?? ????, ?? ? ??? ?? ????"
?????? ?? ???? ????,??????? ?? ?? ?? ?? ? ???? ???? ?? ????.
???? ?????,"? ? ?? ?? ????, ? ? ???? ???."
????? ??? ???,"????? ??? ????, ? ?? ?? ????? ????"
???? ???? ??? ?? ????.,"???? ?? ?? ?? ? ???, ? ??? ???."
,
???? ???? ??? ?????,???? ???? ??? ?? ? ??? ??????.
??? ??????,??? ???? ? ? ?? ??? ?? ? ?????
,
,
??? ??? ?? ????,"??? ??? ????, ??? ?? ? ????"
?? ?? ??????,? ???? ?? ???? ??? ? ??? ?? ?????.
,
?????? ?? ???? ??? ?????,?????? ???? ??? ???? ???? ????
,
,
??? ????,"? ?? ?????, ?? ? ?? ?????"
??? ?????,??? ??? ??? ?? ?? ??? ???? ???
???? ??? ????,???? ? ????? ??? ?? ??? ?? ? ?????
?? 1???? 2???? ????????,?? 1???? 2???? ???? ? ??? ?? ??? ?? ? ????
??? ?? ?? ???? ?????,??? ? ?? ?? ???? ? ??? ?? ?? ?????.
,
,
??SRT?? ??? ????,?? SRT?? ?? ??? ??? ?? ?? ???? ? ?????.
,
,
??? ?? ??? ????,"? ?? ?? ?? ????, ??? ? ?? ?? ?? ??? ?????."
,
,
?????? ??????,????? ? ????? ???? ?? ??? ???.
???? ?????? ?? ????,??? ? ?? ?????? ?? ? ??? ? ? ??? ? ?????
????? ?? ?????,????? ????
????? ?????,? ? ??? ??? ?? ????
???? ???? ??? ????.,???? ??? ?? ?? ??? ? ? ??? ?? ??? ???.
,
???? IFC?? ??? ????.,"??? IFC? ??? ???, ???? ? ? ?? ?? ?? ????"
????? ??????,????? ???? ?? ????? ?????
????? ????? ??? ??? ?????,????? ????? ? ?? ?? ? ?? ??? ????
??? ??? ?????,????? ?? ??? ??? ?? ? ????
,
,
???? ???? ??? ??????,??? ??? ?? ??? ?? ??? ??? ?????
?? ????? ??? ?????,"?? ?? ??? ??? ?????, ??? ?????"
,
??? ????? ??????,??? ???? ?? ??? ?? ?? ?????
1??? ??? ????,1??? ?? ???? ??? ? ??? ?? ?????
1??? ???? ???.,"1??? ???? ???, ??? ?? ? ??? ? ? ??????"
???? ?? ??????,??? ?? ?? ??? ? ? ??? ??? ? ???? ????
????? ????,???? ???? ??? ? ????????
?? ???? ?????,"?? ???? ????, ??? ? ?????"
???? ??? ????,"???? ??? ???? ???, ?? ?? ? ? ????."
??? ??? ??? ??? ?????,"??? ??? ??? ????, ?????? ??????"
?? ??? ??? ??? ??????,"??? ??? ??? ????, ??? ??? ? ????"
?????? ? ?????,?????? ?? ? ?? ???? ??? ??? ??????
???? ???? ????? ??????? ?? ????,???? ???? ????? ??????? ?? ?? ? ???? ?????
????????? ??? ?? ??????,???????? ??? ? ?? ????? ?? ? ?????
?? ?????? ???? ?????,????? ???? ?? ?? ???? ??? ?????
????? ??? ?? ?????,? ? ??? ?? ???? ?? ? ???? ?? ? ???????
?????? ?????? ????,?????? ????? ???? ?? ? ???? ??? ??????
,
???? ??? ??? ??? ??? ?????,?????? ??? ??? ??? ??? ??? ? ? ??? ?? ? ?????
???? ?? ?????,"??? ?? ?? ??? ? ?????, ?? ??? ???? ????"
??? ???? ?????,??? ? ??? ???? ??? ????? ????
AT???? ?????,AT??? ???? ??? ???? ?? ???…
,
?? ???? ??? ?????? ??? ??? ????,???? ?? ???? ??? ??? ??? ?? ?? ???????
,
?? ???? ?? ??? ????.,"?? ?? ?? ?????, ??? ??? ?? ???? ????"
,
????????,"?? ?? ????, ????? ?? ? ????."
????? ??????,"????? ??? ?????, ??? ??? ? ? ????"
????? ??? ??? ???,"???? ??? ??? ????, ?? ? ?? ??? ?? ???"
??? ????? ?? ?? ??? ????,"??? ????? ?? ??? ?? ? ?????, ?? ????"
??? ??? ??????,"?? ??? ?????, ?? ? ?? ?? ???? ???"
????? ?? ??????,????? ?? ?? ? ????? ?? ?? ???
???? ?????,"???? ?? ?? ?? ???, ?? ???? ??? ?? ???"
?? ?? ????? ??? ?? ??? ????,???? ????? ? ?? ?? ?? ??? ?? ??? ?? ?????
,
,
??? ?? ????,??? ?? ?? ???? ?? ? 30? ???? ?? ????
,
???? ????? ????,"???? ???? ?????, ?????? ?? ?? ???????"
,
?? ??? ???? ?? ?? ??? ????,?? ??? ???? ?? ?? ?? ?? ? ??? ?? ? ???
,
? ????,"? ? ?? ???, ?? ?? ?? ? ?????"
,
???? ???? 2???? ????,???? ?? ?? 2??? ? ??? ?? ? ?????
,
???? ????,"? ? ????? ? ?????, ???? ??? ??? ? ??."
???? ??????,? ?? ???? ???? ???? ??? ??? ? ???? ???
???????,"??????, ?? ??? ?? ??? ????? ??."
?? ??????? ??????,?? ??????? ?? ???? ???? ?? ?????.
,
???? ????? ?? ????,2??? ????? ???? ?? ?? ???? ? ?????.
,
2???? ??????? ??? ?????,"2???? ?????? ??? ?? ???, ??? ?????"
? ??? ??? ??????,"? ??? ??? ?????? ?? ?? ? ???, ?? ?? ? ????? ????"
,
?? ???? ??? ????.,"??? ?????, ? ??? ? ????? ?? ?????."
,
,
??? ?? ?? ??? ????,? ?? ? ? ?? ??? ?? ? ??? ??? ? ? ?? ???? ???
???? ???? ???????,"?????? ??? ??? ????, ?? ? ?? ? ? ???."
????? ?????,????? ????? ?? ?? ?? ? ???.
?? ???????,?? ??????? ? ?? ?? ?? ?? ??????.
?? ????? ?? ??? ?? ?????,? ? ?? ?? ???? ?? ? ?? ??? ??? ?? ????
???? ??? ????,?? ?? ??? ??? ???? ????? ?? ? ?????.
,
,
?????? ?????? ??? ?? ????.,"?????? ???? ?? ?? ? ???, ?? ??? ???"
,
,
???? ?? ????,"? ? ?? ???, ? ??? ???? ???? ?? ?."
?? ????? ?? ?????,"????? ? ?????, ?? ?? ??? ? ? ???."
??????? ??????,???? ??? ?? ? ??? ??? ??? ???? ? ?????
????? ??????,?? ??? ??? ??? ?? ? ??? ?? ? ???
,
??? ??????,?? ??? ? ?? ?? ? ??? ?? ?? ??? ?? ?.
,
,
????? ?????? ?? ????.,"????? ??? ????, ?? ?? ? ? ????."
,
,
?? ????? ??? ?????.,"???? ????, ?? ??? ??? ???? ??."
????? ??????,? ???? ??? ? ???? ?? ??? ?? ????.
????? ????? ?? ?????????,????? ??? ???? ??? ?? ?? ?? ? ??? ????.
?????? ????? ????,?? ?? ????? ??? ??? ?? ???? ? ?.
?? ??????,"? ? ?? ???? ???, ?? ? ??? ?? ??."
????? ??????,? ?? ??? ? ???? ?? ???? ?? ? ? ??.
,
,
???? ???? ??? ?? ????.,???? ?? ?? ?? ?? ? ??? ????? ??? ?.
,
???? ???? ??? ?????,"???? ???? ??? ??, ??? ??? ? ??? ?."
??? ??????,"??? ???, ?? ?? ?? ???? ??? ??."
,
,
??? ??? ?? ????,"??? ??? ?? ??, ????? ?? ???? ?? ?."
?? ?? ??????,??? ??? ?? ?? ???? ?? ? ?? ???
,
???? ?? ???? ??? ?????,"???? ?? ??? ? ? ??? ???, ? ??? ?? ??."
,
,
???? ?? ? ? ???,???? ?? ? ?? ? ?? ?? ??? ?? ?? ?? ? ??.
??? ??? 2?????,?????????? 2?? ??? ??? ???? ?? ?.
??? ??? ???,"??? ??? ???? ???, ?? ?? ??? ? ????."
?? ??? ?? ????,??? ?? ?? ?? ??? ??? ?? ?? ??? ??.
?? ???????? ???,????? ??? ? ??? ?? ???.
???????? ????? ??? ? ? ???,??? ???? ???? ??? ?? ?? ?? ?? ?? ?? ???.
,
????? ??? ????,"?????? ??? ?? ??, ?? ??? ??? ? ? ???."
??? KT??????.,"KT??? ?? ??? ???, ?? ?? ? ? ??? ???."
???????,"?????? ???? ??, ??? ? ? ?? ? ? ??."
"?, ???? ??? ???.","??? ? ?? ?, ?? ? ?????? ???."
??? ??? ????,??? ??? ??? ?? ?? ??? ?? ???.
? ??? ??? ????,"? ??? ? ?? ?, ?? ???? ? ????"
?? ????? ??????,"? ? ?????? ? ?????, ??? ? ??? ???."
??? ????,"?? ??? ??, ? ?? ?? ??? ? ??."
? ??? ??? ????,"? ??? ??? ???, ?? ???? ? ??? ? ?."
?? ?? ? ????,"?? ????, ? ??? ?? ?? ??? ?? ???"
? ? ?? ????,? ? ? ??? ??? ?? ??? ? ?? ? ????
??? ??????,"??? ?????? ????, ?? “???” ?? ??."
??? ??? ? ?????,"??? ??? ? ????, ? ??? ?? ??? ? ?????"
?? ???? ? ????,"?? ?? ??? ?? ? ????, ?? ? ??? ? ??? ??."
,
??? ? ?????,"??? ? ???? ??? ??? ? ???, ? ???"
,
,
????? ????? ?? ??? ?? ????,????? ?? ???? ????? ??? ? ? ??.
???KT ??????,"KT??? ?? ???, ?? ?? ?? ??."
???????,??? ??????? ?? ???? ???? ??.
? ????? ??? ???,"???? ? ?? ??, ???? ????"
??? ?? ?????,?? ??? ??? ?? ??? ???????
??? ??? ?????,"?? ??? ? ????, ?? ????"
??? ? ???? ????,??? ??? ? ???? ???? ????.
12?? ???? ??? ??? ?????,12?? ????? ?? ?? ? ??? ???? ? ??? ?? ???
,
,
,
,
,
,
??? ???? ??? ? ???,"??? ??? ??? ? ?? ??, ? ? ??? ??."
,
,
,
?? ?? ? ???,"??? ?? ? ?? ??, ?? ???? ??? ??."
?? ??/???? ? ? ???,?? ??? ???? ??? ?? ? ??? ???? ??? ??.
??? ??????,"??? ??? ??, ?? ?? ??? ? ????"
????? ?????,????? ?? ??? ??? ? ???? ???
???? ???? ??? ?? ????.,"???? ?? ?? ?? ? ????, ?? ? ??? ??? ???."
,
,
?? KTX? ????,KTX? ?? ? ??? ?? ??? ? ??
??? ?????,"??? ????? ???? ?, ?? ?? ??? ??."
????? ?? ?????,"????? ??? ??? ??, ?? ?? ???"
,
,
????. ??? ??????,??? ? ?? ? ?? ??? ?? ????? ??? ????
?????? ????? ??? ?? ????.,?????? ??? ?? ?? ?? ?? ? ????
,
,
???? ?? ????,"? ? ?? ??? ? ???, ??? ?? ??? ?? ???."
?????  ????? ?? ?????,"????? ????? ??? ? ? ??, ?? ??? ????."
?????? ??????,??? ??? ??? ?? ? ??? ??? ? ??? ?? ? ???
????? ??????,"?? ??? ???? ? ??? ???, ?? ??."
,
??? ??????,??? ? ???? ???? ?? ?? ??
,
,
?????? ????? ??? ??? ???? ????,"????? ?????? ? ???, ?? ?? ???? ?? ???"
??? 4???? ?? ?? ??? ?? ???,??? 4?? ?? ??? ?? ?? ?? ??? ??? ???.
??? ???? ?????,??? ? ??? ??? ??? ?? ? ??? ???.
,
4??? ??? ??? ?????? ? ????,4??? ??? ??? ??? ?? ?? ? ?? ???? ?? ? ???
,
,
???? ??? ????,???? ??? ????
???? ???? ????,???? ???? ????
???? ???? ?? ????,???? ? ?? ????
????? ???? ??? ??? ?????,????? ???? ??? ??? ?????
???????? ???? ????,???????? ???? ????
???? ???? ??? ? ???,???? ???? ??? ? ???
??????? ???? ?????,??????? ???? ?????
? ??.. 10? ??????? ?????,? ??.. 10? ??????? ?????
,
,
G Pass?? ?? ?????,????? ?? ?? ?? ?? ? ?? ?? ??? ?????
?? ???????,?? ??? ??? ? ?? ???? ???? ???
??? ???? ???,??? ?? ?? ?? ? ??? ???? ?? ? ???
???? ???? ?? ??? ???,??? ??? ?? ?? ? ?? ? ?? ??? ??? ????
?? ?????,?? ??? ???? ?? ?? ? ???
,
??? ?????,?? ??? ????? ?? ???? ? ???
??? ????? ???,? ? ?? ?? ? ??? ??? 10? ??? ? ??
??? ??? 15? ??? ??? ????,? ?? ???? ?? ? ?? 15?? ? ??? ?? ? ??? ???
???? ??? ???,???? ??? ???? ? ?? ? ??
???? ?? ???? ? ???,?? ????? ??? ?? ?? ?? ?? ? ?? ??? ?? ????
????? ????,????? ???? ? ??? ? ?? ?? ?? ???? ?
,
???? ???? ??? ????. ??? ??? ?? ????,??? ??? ?? ? ?? ?? ??? ? ??? ??? ??
,
????? ??? ???? ?? ?????,?????? ??? ?? ?? ?? ?? ?? ??? ? ?? ??
,
??? ?? ???????,?? ?? ??? ??? ?? ? ? ??? ?? ????
,
,
?????? ??? ??? ??????,???? ?? ?? ? ??? ? ? ??? ?? ??? ? ??? ????
???? ???? ??????,??? ? ???? ? ?? ?? ?? ???? ?? ? ??
,
????? ????? ????? ??????.,????? ?? ?? ?? ?? ? ?? ??? ???
,
,
,
?? ??? ??????,"?? ??? ?????, ?? ?? ?? ? ??? ?? ? ??? ????"
????? ????? ? ?? ??? ????,???? ??? ??? ?? ? ??? ?? ?? ??? ???? ?? ?…
,
??? ???? ????,"?? ??? ??? ????, ?? ? ?? ???? ?? ? ?????"
3??? ??? ???????,3? ?? ??? ?? ???? ?? ???? ?? ?? ???? ?? ??.
,
???? ??? ????? ??????,???? ?? ??? ??? ? ?? ?? ?? ???? ???
,
????? ??? ??? ???????,"?? ????? ??? ? ???? ??? ???, ? ??? ????."
??? ????? ????,??? ????? ?????? ?? ??? ?? ?? ??? ??.
????? ??????,?? ??? ??? ??? ??? ? ??? ?? ??? ??.
?? ???????? ??? ??????,"??????? ? ?? ? ???? ???, ???? ? ? ???? ???"
??? ??? ?? ????? ????? ??????,"????? ?? ?? ??? ?? ?? ??? ??? ? ??????, ??."
???? ????? ???? ??? ???? ?? ??? ??? ????,???? ???? ?? ?? ??? ? ? ?? ?? ? ???? ? ??? ?? ?.
,
???? ????? ??????? ?????????,? ?? ?? ??? ?? ?? ? ???? ???? ? ??? ?? ?? ??????
???? ????? ??? ???? ???.,???? ????? ???
??? ??? ???? ??? ??? ????,"???? ??? ? ?????, ??? ??? ???? ????????."
?? ?? ?? ????,?? ?? ?? ?? ??? ?? ??? ???? ?? ????.
????? ???? ??????,??? ??? ??? ?? ?? ?? ? ?? ? ? ???? ???.
??? ???? ????,"?? ?????, ?? ?? ???? ?? ?? ??? ? ??? ???"
,
??? ??? ?????,??? ?? ?? ???? ? ??? ? ?? ? ? ????
??? ???? ??? ????,??? ????? ???? ?? ???
??? ??? ????,?? ? ?? ?????
??????,?? ?????? ? ? ??? ??? ? ? ? ??? ? ???.
???? ?? ??????,"????? ???????, ? ?? ?? ??? ???? ????"
,
??? ??? ?????,?? ??? ?????? ?? ?? ?? ???????.
????? ?????? ??? ?? ????,????? ?????? ??? ??? ??? ????? ?? ?? ?? ???.
,
??? ?? ????,??? ?? ??? ?? ?? ?? ? ? ?? ????
???? ????? ?? ?????,???? ???? ? ? ???? ???? ?? ? ???? ????.
??? ????? ?? ?????,??? ??????? ??? ??? ?? ??? ?? ? ?????
,
????? ???? ????? ??????.,????? ?? ?? ???? ? ???? ?? ?? ???? ? ?? ????
,
,
,
?? ??? ??????,?? ??? ?? ????? ?????? ?? ??? ?? ? ????.
????? ????? ? ?? ??? ????,??? ???? ??? ???? ????? ?? ??? ?? ????
,
??????? ??? ?????,?? ?? ??? ? ?? ?? ??? ??? ? ?? ? ?? ????
?? ???? ????????,?? ???? ? ?? ??? ??? ???? ???? ????
,
????? ???? ??? ??????.,????? ?? ?? ??? ?? ??? ?? ?? ??? ?? ? ???.
,
,
,
????? ??? ?????,????? ??? ???? ?? ? ???? ?? ??? ???? ???.
??? ??? ???,??? ??? ?? ???? ?? ???? ??? ???.
??????????,?? ?? ?????? ?? ?? ?? ??? ???? ???
??????,???? ? ???? ?? ??? ? ?????
??? ??????,??? ?? ?? ??? ?? ?? ? ???? ?????
???? ???? ??? ?? ????.,???? ?? ?? ?? ??? ??? ?? ????.
,
?? 8???? ????,8? ?? ?? ???? ?? ?? ?? ? ????.
9? 15??? ??? ????,9? 15?? ????? ?? ? ?? ? ??? ?? ? ????.
??? ??? ????,"??? ??? ??? ????, ??? ? ??? ? ???"
???? ????? ??????,??? ?? ???? ?????? ?? ?? ???? ?? ???.
??? ???? ????,?? ??? ??? ? ???? ?? ?? ??? ???? ? ???
????????,? ? ??? ???? ??? ?? ??? ? ??????.
???? ??? ????,???? ?? ?? ??? ?? ??? ???? ? ?? ? ??.
,
???? ??????? ????? ?? ????.,???? ??? ?? ???? ?? ?? ???? ?? ??? ??? ????.
,
,
,
????? ?? ?????,"??? ??? ?? ???, ?? ??? ? ?? ????"
????? ??? ????,"??? ?? ??? ?? ?? ???, ?? ?? ? ? ????."
????? ??? ??? ?????,"???? ?? ??? ???? ? ?????, ????."
????? ??? ????? ??? ????,????? ??? ????? ? ???? ? ?? ?????.
2?? ????? ???? ????? ??????,2?? ??? ????? ????? ? ??? ?? ??????.
,
???? 4.19?????? ???? ??????.,???? 4.19?????? ?? ?? ???? ?? ?? ?? ???.
,
,
????? ??? ?????,? ?? ?? ?? ???? ? ???? ?? ????
???? ??????,? ? ?? ?? ??? ??? ?? ???? ?? ????
????? ?? ?????,"?? ??? ? ?????, ???? ? ? ????."
????? ???? ??????,??? ??? ??? ??? ????? ? ?????.
????? ???? ????,"?? ? ??? ???? ????, ? ??? ?????."
4.19???? ???? ????,4.19???? ??? ?? ???? ???? ??? ???.
????? ?? ?????,???? ?? ???? 30? ???? ?? ? ????
,
???? ???? ????? ??????.,???? ?? ?? ?? ?? ?? ??? ? ????.
,
,
,
???? ???? ??? ?????,"???? ???? ?? ??? ???, ?? ??? ? ????"
??? ??????,??? ????? ??? ?? ? ? ???.
??? ???? ????,??? ???? ?? ? ??? ? ?? ???…
??? ??? ??? ??? ??? ??????,??? ??? ?? ??? ????? ? ???? ? ? ????
??? ??????,"?? ??? ?? ????, ?? ? ????."
???? ?? ???? ?? ??? ??? ???? ????,?? ??? ?? ??? ?? ?? ?? ?? ????
,
??? ??? ? ?? ??????,"????? ??? ?? ?? ???, ?? ??? ?? ? ???."
????? ?? ??????,????? ?? ?? ? ???? ? ? ?? ?? ? ???
??? ?? ??????,??? ?? ??? ?? ??? ?? ????
????? ???????,"???? ??? ?? ? ???, ?? ??? ? ????."
???? ??? ???? ????,"?? ??? ??, ???? ???? ???"
,
?? ????? ????,????? ?? ? ????? ?? ??? ??????.
????? ???? ?????? ????,"???? ? ?? ?????, ???? ??? ???."
????? ?? ????,??? ?? ???? ???? ??? ????
???? ????? ??? ??????,???? ??? ??? ?? ?? ? ????
????? ??? ????,? ??? ?? ???? ?? ? ? ?? ????
????? ????,??? ???? ?? QR ?? ?????
???? ?????,"??? ??? ? ?????, ??? ???? ? ????."
,
??? ??? ??? ????,?? ??? ? ? ????
????? ??????,???? ????
??? ????? ????????,??? ? ?? ?? ?? ??? ? ??? ??? ? ???
????? ???? ????,??? ?? ???? ?? ?? ??? ? ??.
???? ?? ????? ?? ?????,????? ??? ?? ??? ?? ???? ???.
???? ???? ???? ????,???? ?? ?? ?? ???? ?? ???.
??? ????????,??? ?? ? ??????? ?? ??? ??? ? ???.
,
????? ????????,????? ?? ??? ?? ??? ??.
,
??? ??? ????,"??? ? ????, ? ??? ?? ????."
???? ???? ??? ?????,"???? ???? ?? ??? ??, ?? ??? ????"
????? ??????,"?? ??? ?????, ?? KTX ?? ??."
,
??????? ???? ??? ????,?????? ????? ????? ? ??? ?? ???
,
???? ?????? ????? ????,???? ???? ???? ???? ??? ? ????
????? ??? ????,"????? ??? ??, ?? ???? ???"
????? ????? ??? ??????,"???? ? ?? ??? ?? ??, ?????."
????? ??? ????,????? ??? ? ? ???? ???? ??.
????? ?? ?????,"??? ????, ??? ?? ? ? ???."
???? ??? ?????,???? ??? ???? ? ?? ?? ? ????
???? ?? ?? ????,???? ?? ? ???? ??? ??? ?? ????
,
??? ?? ???? ????,??? ?? ???? ??? ?? ?? ?? ????
? ???? ??? ??????,"? ??? ? ????? ??? ??, ?? ?? ? ?????."
,
???? ??? ? ??? ????,???? ??? ??? ?? ??? ?? ?? ?? ???
,
,
,
????? ??? ?????,"????? ??? ??? ???, ?? ? ??? ?????."
???? ??????,????? ????? ?? ???? ??????.
,
??? ????,??? ??? ??? ?? ??? ? ?? ??? ? ????.
4? ????  ????? ????,4? ???? ?? ???? ?? 4? ???? ? ?? ? ????
4???????? ????? ??????,4? ???? ?? ?? ? ??? ? ?? ?? ?????
????? ????? ????? ??? ????,????? ????? ?? ?? ??? ??? ??? ?? ?????
,
,
???? ???? ????,"? ? ?? ?? ????, ?? ???? ?? ? ?? ? ?????"
????? ????? ?? ??????,????? ???? ?? ? ??? ?? ?? ?? ??? ????.
????? ??? ????,"????? ????, ? ? ???? ???."
????? ?? ?????,????? ?? ????? ?? ???? ???
????? ?????? ?? ????? ?? ?????,????? ??? ?? ?? ???? ? ? ???? ?? ?? ??????.
????? ????? ?? 2???? ????,????? ????? 2??? ?? ???? ???? ?? ? ????
??? ??????,?? ??? ?? ??? ?? ?? ?? ?? ????
???? ???? ????? ?? ????.,???? ?? ??? ?? ??? ??? ? ?????.
,
,
,
??? ??? ?? ??????,???? ?? ??? ??? ?? ?? ? ?? ????
????? ????? ? ?? ??? ????,???? ???? ?? ?? ??? ?? ? ?? ? ?????
,
?? ??? ??? ??? ??? ????,?? ????? ??? ???? ?? ?? ???? ? ???
???? ??? ????,???? ??? ??? ???? ? ?? ???? ? ??????
????? ?? ??? ?? ?????,?? ?? ? ?? ?? ?? ?? ? ??? ??? ?? ??? ? ????.
??? ?? ??????? ????? ????? ??? ? ?????,?? ? ?? ?? ???? ????? ?? ?? ? ? ? ????
,
,
?? ?? ?????? ???? ? ????,?? ?? ?? ??????? ? ????? ? ???
,
,
,
,
? ?? ??? ??????,?? ??? ??????? ?? ?? ??? ??? ? ?????.
,
??????? ??????? ??? ??????,?? ???? ?? ???? ??? ?? ??? ?? ?? ????
,
??? ????? 2???? ????,? ?? ?? ?? 2???? ?? ? ??? ? ??????
?? ???? ????? ??????,?? ???? ??? ?? ???? ??? ?? ?? ????.
????? ??????,??? ??? ????? ???? ??? ??? ???
???? 24??? ??? ?????,????? 24???? ?? ?? ?? ????
??? ??? ??????,???? ????? ? ? ?? ??? ? ???
?? 24??????,?? 24?????? ?? ?? ?? ?? ????
24???? ??? ??? ? ?? ??????,24??? ?? ? ?? ?? ? ? ?? ? ??? ?? ? ?? ? ???
,
????? ???????? ????? ??????.,"????? ???? ?? ?? ?? ? ????, ?? ???."
,
????? ?? ?????,???? ? ? ? ????? ?? ??? ? ??? ??.
??????? ??? ?????,"?????? ?? ? ??? ??? ???, ?? ? ????"
????? ??????,????? ????? ? ??? ??? ???? ??.
???? ??? ??????,???? ?? ?? ? ??? ??? ? ?? ??? ???
?? ???? ????????,?? ???? ?? ??? ???? ?? 90??? ???.
????? ??? ????,????? ?? ????? 10???? 30???? ? ? ???.
???? ????? ????,???? ???? ??? ???? ? ? ??? ??????.
???? ???? ?????,????? ?? ??? ???? ??? ?? ?? ? ? ?? ???.
???? ?????? ????? ?? ????.,???? ???? ??? ?? ? ?? ??? ?? ??? ???? ?????.
,
???? ?? ????,? ? ?? ??? ?? ???? ?? ? ?? ? ????.
?????? ??? ?????,?????? ??? ?????? ?? ??? ?? ? ???.
????? ??????,????? ? ?????
??????? ?????? ??? ?????,????? ?????? ? ???? ?? ???? ??? ??? ??.
,
????? ??? ????,??????? ? ??? ??? ? ?? ??.
?? ??? ?????,?? ??? ?? ? ?? ???? ? ? ??? ??????.
?????? ????? ?? ?????,"?????? ??? ???? ? ?????, ??? ?????."
,
???? N?????? ????? ???????,???? N???? ??? ??? ?? ??? ???? ?? ? ????.
,
???? ?? ????,? ? ?? ?? ?? ???? ? ??? ????.
????? ??????,????? ????? ?? ??? ????.
M4101??? N?????? ????,M4101 ?? N?????? ?? ?? ???? ??? ? ????
????? ?? ?????,??? ??? ?? ??? ??? ? ?? ?? ????
???? ???? ????,?? ? ?? ? ?? ?? ???? ??? ????????.
???? ??? ?????,??? ? ?? ??? ???? ?? ?? ? ?? ?? ??????.
????? ?? ????,????? ?? ??? ?? ???? ????
??? ??? ????,??? ? ???? ??? ?? ? ???? ??.
????? ???? ???? ?? ?????,????? ?? ?? ??? ? ???? ??? ??? ?? ?? ????.
,
???? ???? ????,???? ??? ?? ???? ??? ?? ? ??????
????? ????? ?? ??? ????,????? ??? ?? ?? ???? ? ???? ? ? ???.
??? ????? ??? ?????,????? ??? ??? ???? ???? ?? ? ???.
???? ??? ?????? ??? ?????,?? ??? ????? ? ??? ??? ??? ?? ? ???.
??? ????? ??????,???? ? ? ??? ?? ??? ?? ??? ??? ?? ????.
????? ?????? ??? ?????,???? ????? ?? ??? ??? ???? ? ?? ?? ? ????
????? ??????,??? ????? ?? ??? ???? ? ?????
??? ?? ??? ?? ?????,??? ????? ? ? ???? ??? ?? ?? ?????.
???? ???? ??? ????.,"???? ??? ??? ??? ?? ???, ???? ????"
????? ???? ??????,????? ??? ?? ???? ??? ? ??? ?????
?????? ??? ???????,?????? ??? ? ?????? ???? ?? ???.
?? ??? ???? ????,?? ??? ??? ??? ??? ??? ?? ? ??.
????? ??????,????? ??? ???? ??? ?? ???? ???.
???? ??????,??? ??? ?? ??? ??? ???? ?? ?????
??? ?? ????,?? ?? ???? ? ?? ?? ???? ?? ????
?????? ??? ?????,????? ?? ??? ???? ?? ??? ? ??.
?? ????? ????,??? ?? ???? ??? ??? ?? ???
?? ????,?? ??? ? ????? ??? ? ?? ????
???? ?????? ??? ????.,???? ?? ??? ?? ??? ?? ??? ???????
????? ???? ??????,????? ??? ?? ?? ???? ?? ?? ???.
????? ??????,?? ?? ?????? ?? ????? ??? ????.
???? ??? ????,???? ? ?????? 2?? ???
??? ????? ???????,??? ? ? ??? ??? ??? ???????
????? ????????? ??? ?????,????? ????? ??? ???? ?? ?????
???????? ???????? ??? ?????,????? ???? ?? ??? ???? ?????
??? ?? ????,? ?? ?? ???? ?? ? ?? ?????
??? ??? ????,??? ? ???? ? ?? ?? ?????.
????? ??????,????? ????? ? ????
????? ????? ??? ?? ????????.,"????? ?? ?? ??? ? ?????, ??????"
,
?????? ??? ?????,????? ?? ? ??? ???? ???? ? ????.
????? ?? ?????,????? ??? ???? ?? ??? ??? ?? ????.
???? ??????,???? ????? ?? ?? ??? ?? ? ????
???? ???? ??????,? ??? ?? ?? ?????? ??? ?? ?????.
???? ???? ??????,???? ??? ????? ????? ????? ???
??? ??? ???????,?? ??? ??? ??? ?? ?? ? ? ???
??? ???? ?? ??????,??? ????? ?? ? ???? ??? ??? ???
????? ??? ???? ??? ??? ?? ????,??? ????? ??? ???? ??? ?? ??? ??? ????
,
???? ???? ??? ?? ????,???? ?? ??? ? ?? ??? ??????? ??? ????
?????????? ??? ????,????????? ?? ?? ?? ?? ???? ??? ?? ???
???? ??? ????,???? ? ?????? ???? ?? ??? ???.
???? ????? ??? ?????,???? ????? ?? ??? ??? ??? ????.
??? ?????,??? ??? ??? ??? ????? ??? ?????.
??? ?? ????,??? ? ?? ???? ?? ??? ?? ? ???.
????? ?? ?????,"????? ? ????, ??? ? ?? ?? ??."
????? ??????,????? ??? ???? ??? ??? ?? ???
????? ??? ????,????? ?? ?? ????? 10?? 30?? ???? ???.
??? ???? ??????,"?? ? ??? ? ???? ?? ?????, ?? ? ??????."
,
???? ???? ??? ?? ?????,???? ???? ?? ??? ? ???? ??? ???
???? ???? ??? ?????,???? ???? ?? ??? ???? ? ??? ? ????
????? ??????,????? ????? ?? ?? ??????.
??? ?? ????,? ?? ?? ??? ??? ??? ? ? ??? ????.
??? ??? ????,??? ? ???? ?? ?? ?? ???.
??? ??????,??? ? ?????? ? ?? ??? ????.
??? ???? ??????,???? ??? ?? ? ? ???? ??? ??? ???
????? ????????? ??? ?????,????? ????????? ??? ??? ????
??? ??? ????,?? ? ?? ?? ?? ???? ??? ?????
???? ???? ????,? ? ?? ?? ?? ???? ? ??? ????.
???? ?????? ???? ??? ??????,???? ??? ??? ??? ??? ?? ??? ??? ????
??????? ??? ????,??????? ?? ?? ???? ??? ?????
???? ??? ????,???? ? ?????? 2????? ????.
??? ????? ??? ????,??? ? ? ??? ??? ???? ????
???? ?? ??? ??????,???? ?? ????? ??? ???? ????????
????? ???????? ??? ?????,????? ??????? ?? ??? ????
????? ??????,????? ????? ??? ???? ?? ??.
??????? ?????? ??? ?????,??????? ?????? ??? ? ??? ????
???? ???? ????,? ? ?? ?? ??? ??? ??? ?? ? ????
????? ??????,????? ? ??? ?? ???? ?? ?? ???
????? ????? ??? ????,????? ???? ??? ? ?? ?? ???? ??? ??? ???? ????
,
,
,
,
,
,
,
????? ????? ??? ??? ????,????? ???? ??? ??? ? ?? ???
,
,
,
???? ???? ????? ?????,???? ???? ???? ?? ???
,
??? ??? ??????,??? ??? ?? ???? ?? ?? ??? ???
????? ??? ??? ??? ???? ?????,????? ??? ???? ?? ??? ??? ???
????? ???? ???? ??? ????,?? ?? ??? ?? ? ??? ??? ?? ? ???? ????.
???????? ??????.,"??????? ?? ? ?????, ?? ????? ?????."
???? ???? ??????,???? ?? ? ??? ??? ?? ?? ????? ???? ? ???
,
,
,
,
,
,
,
,
,
???????? ??????.,"??????? ?? ? ?? ????, ? ? ????."
,
,
,
,
,
,
???? ?? ??????,???? ?? ?? ?? ? ???? ??? ????
????? ????????? ???????,????? ????????? ???? ???
???? ??? ? ????,???? ?? ? ? ?? ? ???
???? ???? ??? ?? ????.,???? ?? ?? ??? ? ?? ?? ????
,
,
???? ???? ?????,"????? ?? ?? ?? ? ???, ? ? ??? ???."
,
??? ??? ??? ??? ?? ??????,????? ??? ?? ??? ?? ? ? ?? ????
???? ??? ???????,?? ?? ??? ??? ??????? KTX? ?? ????
,
??????????,"?? ?? ????? ????, ?? ?? ????."
?? ???? ??? ????,?? ???? ????? ?? ?? ??? ?? ????
??? ????,??? ??? ??? ???? ???? ?????.
???? ?????? ?? ??? ??????,?? ?? ??? ???? ?? ??? ?? ?????
,
,
??? ??? ????,???? ???? ?? ??? ????
????? ktx?? ??? ?? ????,????? KTX ?? ?? ?? ??? ????????
,
????? ???? ??? ??? ?????,???? ?? ????? ?? ??? ????
??? ???? ????? ????? ??? ????,??? ???? ????? ???? ??? ? ?? ???
???? ???? ??? ?? ????.,???? ?? ?? ???? ??? ??? ??? ????.
,
,
?? ??? ? ? ????,?? ??? ? ? ?? ??? ? ?? ??? ? ? ??? ???
??? ?? ? ????,??? ?? ? ?? ?? ?? ?? ????? ???
????? ????? ?? ??? ?? ????.,????? ??? ?? ?? ??? ??? ??? ?????
????  ???? ????,???? ??? ?? ??? ?? ?? ?? ?? ???
,
???? ??? ?? ?????,??? ????? ?? ? ??? ??? ? ???? ??
,
,
?? ??? ???? ??? ??????,??? ??? ? ????? ?? ??? ?? ??
????? ??? ?????? ??? ??????,????? ??? ?????? ???? ? ??? ???
?????? ? ??? ??? ????,?? ???? ?? ??? ?? ??? ? ???
???? ???? ?? ??? ?? ????.,???? ???? ?? ?? ??? ??? ???
,
,
???? ????,???? ???? ? ??? ???? ????
??? ?? ??? ??????,?? ?? ?? ??? ?? ??? ?? ?????
?? ??? ????,?? ?? ??? ?? ???? ??? ????
????? ??????,?? ??? ??? ???? ??? ???
??? ???? ??? ?????,?? ?? ???? ?? ??? ??? ??? ??
,
???? ????? ??? ????,???? ????? ?? ? ? ? ??? ????
,
,
???? ????,???? ???? ??? ? ?? ?? ? ???
??? ?? ??? ??????,???? ? ?? ???? ?? ? ?? ?????
?? ??? ????,?? ?? ???? ?? ??? ???? ? ???
????? ??????,?? ??? ?????? ? ?? ? ??? ? ?????
??? ???? ??? ?????,??? ?? ??? ??? ??? ?????
,
????? ??? ??? ????,????? ?????? ? ??? ??? ???
,
,
,
?? ?? ??? ????,?? ??? ??? ?? ?? ??? ?? ????
???? ????,???? ???? ??? ??? ?????
??? ?? ?????,??? ?? ?????? ?? ????
??? ?? ??? ?????,?? ?? ??? ??? ??? ??? ?? ????
????? ???????? ??? ????,????? ??????? ?? ?? ? ? ????
,
,
,
?? ?? ??? ????,?? ?? ??? ?? ???? ? ? ??? ???
???? ????,???? ? ???? ????? ??? ???? ???
??? ?? ?????,??? ?? ?? ?? ? ???? ??? ? ?? ?? ???
??? ?? ??? ?????,?? ?? ??? ???? ??? ?? ??? ? ???
???? ???? ??? ?? ????.,???? ?? ?? ??? ?? ??? ? ??? ????
,
,
????? ????? ???? ?????????,????? ????? ???? ??? ??? ?? ??? ??
,
,
??? ????,?? ???? ? ?? ??? ??? ?? ???
???? ?????? ?? ??? ??????,?? ?? ?? ??? ???? ?? ?? ??? ? ? ????
,
,
??? ??? ????,??? ??? ???? ???? ? ? ???
????? ktx?? ??? ?? ????,????? KTX ?? ?? ?? ???? ? ??? ??? ? ?????
,
????? ???? ??? ??? ?????,????? ???? ??? ???? ? ???? ????
??? ???? ??? ????? ??? ????,??? ???? ??? ????? ? ?? ?? ???
,
????? ??? ?????? ??? ?????,????? ??? ?????? ??? ??? ???
???? ????,???? ???? ????? ???? ? ? ? ??? ?? ? ????
???? ? ?? ??? ????,???? ?? ?? ???? ?? ??? ???? ?? ???
???? ??? ?????,???? ? ??? ???? ?? ??? ??? ????
???? ??? ??? ?????,??? ?? ??? ? ??? ??? ???
??? ????? ???? ??????,??? ???? ???? ???? ?? ?? ?????
??? ????? ??? ??? ????,??? ???? ??? ??? ?? ??? ?? ???
??? ???????,??? ????? ? ?? ?? ? ?????
????? ??? ??????,??? ??? ????? ? ??????
,
????? ??? ????,?????? ??? ??? ?? ????
,
,
,
?? ??? ? ? ?????,"??? ? ??? ???, ? ??? ????"
,
????? ??? ?????,??? ??? ???? ???? ? ? ???
??? ???? ????,??? ? ? ?????? ?? ???? ????? ????
??? ??? ?? ? ?????,???? ??? ? ???? ? ????
?????? ??? ??? ???? ??? ?????,"?????? ?? ?? ? ?? ???, ?? ?? ? ?? ????"
,
???? ???? ????? ??????.,"???? ?? ????, ? ?? ?? ???"
,
,
,
???????,??? ??? ????
??? ??? ???,??? ? ??? ?????
??? ????,??? ?? ???? ??? ????
???? ?????.,"???? ? ??, ?? ?? ?????"
,
???? ?? ??? ????,"???? ?? ??? ????, ?? ??"
,
?? ???? ????,?? ?? ???
?? ????? ?? ????,?? ???? ? ??? ?? ???
??? ? ? ????,?? ??? ???? ?? ???
???? ?? ???????,???? ?? ?? ????? ?? ? ???
??? ???? ??? ?? ??????,??? ??? ?? ??? ???
?? ???? ?? ????,?? ???? ?? ?? ?? ?? ???
,
,
???? ?????? ????? ????? ?????,???? ?????? ??? ?? ??? ???
,
,
,
?? ??? ??????,?? ??? ? ??? ???
????? ????? ? ?? ??? ????,??? ?? ??? ? ?? ????
,
????? ??? ?????,????? ?? ??? ??? ???
???? ??????? ?????? ? ?????,????? ??? ?????? ?? ???? ? ?? ? ????
???? ??????? ??? ????,???? ???????? ? ??? ??
,
,
,
?? ??? ???? ??? ??????,? ? ??? ? ????
????? ???????,"????? ????, ?? ?? ? ? ?? ???"
????? ????? ? ?? ??? ????,"????? ?? ???, ??? ??? ??????"
,
?? ??? ????? ????,? ?? ????? ???
360?? ??????????,360? ?? ?? ?? ?? ? ?????
????????? ????? ???????,?? ??????? ?????? ? ? ?? ???
,
,
,
??? ??? ????,??? ??? ?????.
????? ????? ? ?? ??? ????,??? ???? ??? ? ???? ?? ?? ? ???
,
????? ???? ????? ?????,????? ?? ?? ?? ?? ? ????
????? ???? ?????,??? ??? ? ??? ???? ????
,
????? ??????? ?? ???????,????? ?????? ? ? ?? ?????
,??? ? ?????? ?? ?????
,
,
?? ??? ???? ??? ??????,? ???? ? ?????
??? ??? ????,???? ?? ????.
????? ????? ? ?? ??? ????,??? ?? ?? ??? ?? ?????.
,
????? ???? ????? ?????,????? ?? ?? ?? ?? ? ???
????? ???? ?????,?? ??? ??????.
,
???? ???? ??? ?? ????.,???? ?? ?? ??? ? ?? ????
,
,
,
???? ??? ???????,??? ?? ??? ??????? ?? ????
?? ??? ????????,?? ? ?? ? ?????
,
??????????,"?? ?? ??? ???, ? ????? ? ????"
?? ???? ??? ????,?? ?? ??? ? ???
??? ????,?? ??? ???? ????
???? ?????? ?? ??? ??????,?? ?? ??? ???? ??? ??? ???????
,
,
??? ??? ????,???? ?? ??? ????
????? ktx?? ??? ?? ????,????? KTX ?? ?? ??? ??? ??? ?? ???.
,
????? ???? ??? ??? ?????,???? ?? ???? ?? ??? ??? ????
,
????? ??? ??????? ????,????? ???? ? ???? ??? ???? ???
???? ??? ?? ????.,?? ?? ??? ?? ????
,
,
????? ?? ????.,?? ??? ??????
??? ??? ???,??? ? ? ??? ????
???? ??? ?????,?? ?? ?? ??? ? ??????
,
,
,
??? ???? ?? ?? ?? ???? ???.,???? ?????
"?? ???? ??? ? ?? ???, ??? ? ???","???? ??? ??? ?? ??? ???, ?? ?? ? ???"
??? ??? ????,??? ??? ???? ?? ???? ???
"?, ?? ? ?? ? ???? ?? ?? ??????",? ?? ?? ?? ?? ? ??? ????
?? ??? ?? ?? ???? ?? ?? ??????,????? ???? ?? ?? ????
??? ?? ???? ?????,??? ?? ?? ?? ?? ?? ? ???
"?, ?? ?? 50? ?? ?? ???? 50? ?? ?? ?? ???????",?? ?? ?? ?? ?? ? ? ?? ???
?? ????? ?????,?? ????? ? ?????
"??? ?? ? ????, ???? ??????",??? ?? ??? ?? ???? ????
,
??? ?? ? ????????,"??? ?? ? ????, ???? ????"
,
,
?? ???? ????,?? ?? ?? ??? ???? ?? ?? ?? ???
?????,?? ?? ? ? ?? ? ?????
?? ???? ??? ????,???? ??? ???? ?? ?? ? ?? ???
????? ? ? ??????,????? ?? ? ? ??????
????? ??? ??????,"????? ??? ?? ???, ? ? ???? ????!"
?? ??? ??????,?? ?? ??? ?? ???? ? ???? ?? ???!
,
??? ???? ????? ??? ???,??? ???? ??? ????. ?? ????? ???
,
,
?? ?? ???? ???? ?? ? ? ??????,???? ???? ?? ? ? ?? ???? ??? ?? ?????
?? ? ??????,? ?????? ?? ? ?????? ???? ?? ?????
"?? ???, ???? ?????","??? ???, ?? ? ??? ??? ? ?? ? ???"
,
,
??? ????,"??? ???, ? ? ??? ??!"
,
???? ??? ???? ??? ?? ??????,"???? ??? ???? ?, ?? ??? ?????"
,
??? ???? ?????,??? ???? ???? ??? ????? ??.
,
????? ?? ???? ????,?? ??? ?? ???? ??? ? ??? ?? ???
???? ???? ? ??? ???,"?? ??, ?? ? ??? ??? ???? ?? ?? ???"
,
?? ???? ? ???? ? ????,?? ???? ???. ???? ??.
,
?????. ? ?? ? ????,????. ?? ?? ?? ?? ?? ????
,
?????. ??? ???? ?? ??????.,??? ???? ? ??????. ??? ? ????.
????? ????? 15??? ?? ???? ???.,???? ??? 2015? ??????. ?? ?? ???
?? ?? ??????,?? ?? ???
"????, ???? ??? ?????",??? ? ?? ? ????? ???? ?????!
?? ?? ?? ????? ????,?? ?? ??? ?????? ???? ? ????.
,
,
"?, ?? ???????","??????? ? ?????, ???? ???."
?? ???????,????? ??? ?? ? ????? ???
,
,
???? ??? 2? ??? ??? ??? ????.,???? ??? ? ? ??? ??? ????. ?? ???
,
,
? ?? ??? ??????,? ?? ??? ?? ?? ???? ?? ???? ??? ????.
????? ? ?????,????? ? ???? ?? ? ??? ? ?????
"?, ?? ???????",??????? ?? ?? ??? ??????
,
????? ????? ?? ??????,????? ????? ?? ?? ? ??? ? ?? ?? ???? ???.
"??, ?? 2? ?? ??????",?? ?? ? ? ?? ?????? ??? ????
??? ?? ? ? ?? ??????,"??? ??? ? ??? ?? ???, ???? ?? ? ?? ? ????"
,
??? ???? ??? ????. ??? ??? ????,??? ??? ? ?? ?? ??? ???? ???? ?? ?? ???
,
,
"?, ? ? ?? ? ?? ?????",? ??? ? ?? ?? ???? ?? ??? ????.
????? ?? ?? ??????,? ??? ?? ?? ??? ????? ????
? ??????,"? ??? ? ??? ??? ??? ???, ?? ? ??? ?????"
,
"?, ??? 3???? ?? ?? ????","????, ? ???? ?? ?? ?? ? ??? ?? ????? ?????."
"?, ?? ???? ?? ?? ? ?? ??? ????",??? ?? ?? ? ?? ??? ???? ??? ?? ?? ???.
,
"??? ?? ????? ????, ??????","??? ???? ????, ????? ??? ? ?? ????"
?? ??????,???? ?? ???? ??? ?? ????.
6? ???? ???? ? ????,?? 6? ??? ??? ???? ? ??? ???? ??? ????.
1?? ? ?? ?? ??????,1?? ? ?? ??? ? ?? ?? ???? ?? ?? ? ?????
,
? ??? ?? ??? ?? ? ?? ?? ????,??? ?? ? ?? ?? ? ?? ?? ???? ????? ?? ?? ???.
"?, ? ??? ?? ????","??? ?? ?? ?? ??, ?? ? ?? ????? ??."
??? ???? ????,"??? ?? ?? ??? ?? ??? ???, ?? ????."
,
,
?????. ?? ??? ?? ?? ? ???? ????,?? ?? ?? ? ??? ? ???? ?? ??? ?? ????.
"?? ?? ?????? ?????, ??? ??? ??????.","?? ????? ?? ???, ?? ??? ?? ???? ?? ???."
,
,
,
?? ??? ????,??? ???? 30? ??? ?? ????? ???.
?? ? ???? ? ????,???? ??? ?? ? ???? ?? ?? ????.
? ?? ??????,? ?? ?? ?? ???? ?? ?? ????.
,
? ? ??????,? ? ????? ???? ???? ??.
?? ? ? ????,?? ?? ? ? ??? ???? ? ?? ?? ? ????
?? ????? ? ? ???? ????.,"???? ?????, ??? ?? ??? ??? ??????."
????? ??? ?? ? ???,
??????? ? ?? ??? ?? ??????,"??????? ???, ??? ?? ??? ??? ???"
,
"?, ??? ????",??? ?????? ? ?? ? ??? ?????.
??? ??? ??????,?? ? ?? ?? ???? ? ? ? ??? ????.
???? ?????,"???? ?????, ?? ? ???? ???."
??? ? ??? ???,??? ?? ??? ??? ? ?? ??? ???.
??? ??? ????,?? ?? ??? ???? ? ???? ?????.
,
???? ????? ?? ?? ??? ??????,???? ??? ?? ?? ????? ?? ?????
?? ???? ??? ??????,?? ???? ????? ??? ? ???? ????
????? ?????,?? ?? ??????? ? ?? ???? ????.
?????,????? ???? ??? ?? ???.
???? ??????,???? ?? ???? ??? ??? ?????
???? ?? ??????,???? ?????? ??? ??? ?? ?? ????
?? ????? ?????? ?? ??????,???? ?? ?? ? ?? ???? ?? ??? ??? ? ????
??? ???? ??? ????,?? ??? ? ??? ???? ?? ?? ???? ???
?? ?? ???? ?? ???????,???? ? ??? ??? ?? ? ?? ???? ? ??? ??.
,
??? ???? ?? ?? ???? ??? ????.,??? ???? ? ? ? ????? ????? ?????
????? ?????,
??? ???? ????????,
?? ????? ??? ? ? ???,
,
???? ??? ????,
?????,
?? ??? ?????,
"?, ?? ?????? ??? ?? ????",
,
? ???? ? ????,
,
?????? ?? ???? ???? ???? ?? ?? ?? ?? ??????.,
,
??? ?????,
"?, ???? ?? ?? ?????",
??? ????? ??????,
??? ? ??? ????,
??? ???? ?????????,
? ? ????,
?? ???? ??????,
?? ?????? ?????,
?????.???? ?? ????? ?? ??? ?? ????.,
??? ?? ??? ???? ???????. ?? ??????,
,
??? ??????,
,
,
,
??? ??? ? ????,
?? ??? ??????,
?? ??? ? ? ?????,
,
?????. ????? ???? ??????,
???? ?????,
,
? ?? ??????,
?? ?? ??? ???? ? ?????,
,
"?, ????????",
??? ??????,
"?, ??????",
???? ??? ????,
,
???? ???? ??? ?? ??????,
,
????,
"?, ?? ? ? ?? ?? ???????",
"?, ??? ?? ?????",
??? ??? ????,
?? 9??? ?? ??? ??? ?? ? ???????,
???? ???? ??? ?? ??????,
? ???? ? ??????,
???? ? ???? ??? ???? ?????,
?????. ??? ????? ?? ? ? ??????.,
? ?? ?? ?? ??? ???? ??? ????.,
?? ????? ?? ? ?????,
???? ?????? ??? ???????,
??? ?? ??? ? ?? ?????,
?? ?? ?? ?? ? ?????,
???? ?? ????,
,
?? ?? ?? ??? ??????,
?? ??????,
?? ? ? ?????,
?????. ?? ????? ???? ??? ??? ??.,
??? ?? ??? ??? ???? ?? ?????,
,
?? ?? ????? ??? ?? ??????,
"?, ?? ????? ?? ????? ???? ????.",
??? ??? ?? ??????,
? ?? ??????? ??????,
????????,
"?, ??? ???? ??? ??? ???? ? ??????",
??? ??? ?????,
,
?? ?? ???? ??????.,
??? ?? ? ?? ?? ??? ?? ?? ? ????.,
,
,
,
"?, ? ???? ?? ?????",
,
?? ?? ?? ?? ?? ??? ????.,
???? ?? ?? ??????.,
,
?? ???? ????? ??????.,
?? ???? ?? ??????,
,
"??? ???? ???, ?? ???? ?? ?????",
? ??????,
???? ?? ????????,
?? ?? ???? ??? ????,
??? ?? ??????,
?? ?? ????? ????,
??????? ?????? ??? ???,
,
,
"?, ????? ?? ?? ????",
,
??? ?? ?? ?? ?????,
?? ? ??? ????,
?? ?? ?? ??????,
,
????? ?? ?? ??? ????,
,
??????,
??? ????????,
??? ?????,
,
??? ? ? ?????,
,
??? ? ??? ?????,
1300? ?? ??? ????,
?? ??? ? ? ????,
?????? ??? ?? ?? ?? ? ????????,
,
?? ??? ????,
??? ?? ??? ????????,
????? ???? ? ???,
,
??? ????? ??? ??? ??????,
??? ????????,
,
????? ??????? ??? ???,
,
? ??? ????,
??? ?? ????,
??? ??????,
? ??? ??? ?????,
?? ??? ????,
?? ???? ??????,
????? ??? ???,
,
????? ???? ??? ?? ? ? ????,
,
??? ?????,
???? ?? ??? ??????,
??????? ????? ???,
??? ???? ?????,
?? ???? ?????,
?????? ??????? ???????,
?? ? ??? ??? ????,
?? ?? ??????,
?????? ??? ??? ????.,
,
,
????? ? ? ?????,
???????? ??? ???? ????????,
??? ?????,
???? ?????? ???? ????,
???? ?????? ???,
???? ??? ??????,
??? ?? ?? ??????,
????? ??????? ??? ????.,
?? ?? ?? ? ??? ? ?????,
??? ??????? ?????,
??????? ???????,
704? ???? ??? ???,
???? ?????,
????? ???????? ?????? ???,
??? ??????,
?? ???? ????,
?? ??????,
????? ??? ?? ?? ? ?????.,
,
???? ?? ????,
???? ?????,
??? ??? ??????,
??? ????,
????? ??? ??? ????,
???? ??? ????,
??????,
,
???? ?????? ????? ?????,
,
??? ????,
?? ???? ?????,
?????? ??? ????,
,
?? ???? ??? ????,
,
??? ???? ? ?????,
??? ? ? ?? ?????,
???? ??? ????,
????? ??????? ??????,
,
?????? ???????? ?????,
?????? 3?? ??????,
,
?? ??? ??????,
?????? ???? ??? ??? ?? ??????,
? ?? ??? ??? ???? ?????,
?? ?????? ????? ??????,
??? ????,
,
?????? ??? ?? ?? ? ?????.,
???? ?? ??? ?? ????,
?? ??? ?????,
,
9????,
????? ????? ????????,
?????,
??? ????? ??? ???,
? ?? ??? ????,
?? ???? ??????,
??????? ????? ??? ?? ?????,
,
?? ????? ? ?????,
?? ??????,
,
??? ???????? ?????? ??? ????,
???? ? ??? ???? ????,
???? ??? ? ? ????,
???? ??? ??? ?? ????,
?? ?? ??? ?????,
?????. ??? ????? ???????.,
??? ?? ??? ?? ?? ? ?? ????,
,
,
,
??? ? ??????,
??? ????,
1????? ? ?? ??? ????,
????????,
,
,
????? ???? ??? ?????.,
,
???? ?????,
????? ???? ??? ???,
????? ???? ? ? ?? ???? ?????,
????? 4?? ???? ???? ????,
? ??? ??? ??????,
,
??? ??? ?????,
,
,
?????. ??? ???? ??? ????.,
??? ???? ????,
,
????? ??? ? ????,
,
??? ?? ? ? ????,
2?? ?? ??? ????,
??? ???? ? ? ??????,
??? ? ? ?? ??? ???,
???? ?????,
,
????? ?? ??? ?? ????.,
,
,
"?, ??? ????",
??????,
?? ????? ????,
,
"?, ??? ??? ???",
????? ?? ?? ?????,
??? ??? ?????,
????? ???????? ????.,
,
,
1? ????????,
?? 1?? ? ??? ????,
???? ??? ???? ???,
?? ? ??? ??? ??????,
?? ???????,
,
,
?????? ?????? ?? ? ? ? ? ?????,
?. ??? ?????,
?? ??? ????????,
1????? ???? ? ? ????,
? ??? ????,
?? ?? ?? ??????,
????? ???? ??? ?????,
?????????,
,
???? ??? ????,
,
???? ??? ??????,
?? ????? ?? ?????? ??? ????.,
,
,
??????? ???? ??? ???????,
????? ???? ??? ??????,
??? ? ? ??? ???? ?? ?????,
?? ? ?? ?? ? ?????,
,
??? ????,
????? ????? ?? ?? ?? ? ?????.,
,
,
2?? ???? ??? ????,
?????? ?????? ?????,
? ??? ??? ?? ????,
,
??? ??? ????,
? ??? ????,
,
??? ??????? kbs??? ????.,
,
,
"?, ?????? ????????",
,
,
,
????? ?? ?????? ?? ????.,
??? ?? ??? ?? ??????.,
,
??????,
?? ??? ??????.,
,
,
?????,
????? ????? ???????? ??? ????,
???? ? ? ?????,
????? ?????? ?? ???? ?????.,
,
,
"?, ?? ??? ?? ? ???",
,
,
?? ??? ????. ????? ?? ???? ?????.,
,
?? ???? ??? ?????,
?? ?? ??? ????? ??? ????.,
?? ?? ?? ?????,
?? ?? OOOO????? ?? ?????,
,
?? 5?? ?????? ?? ? ?? ??????,
?? ?? ?????,
??? ? ?? ?? ????,
???? ?? ???? ????,
9707? ???? OOOO????? ??? ????,
,
???? ??????? ??? ??? ??????,
,
,
,
??? ????,
????? ??? ???,
?? ???? ? ????,
643? ?? ????? ????,
??? ?? ?? ??????,
,
???? ???? ?? ???? ?? ???.,
??? ?? ??? ?????,
?? ???? ????,
??? ?? ????,
?? ??? ?? ???,
???? ? ?? ???? ??? ????,
??? ??? ?????,
?? ???? ????? ??????,
???? ?????.,
???? ?? ?????,
???? ?? ?? ?? ????,
,
,
?? ???? ??? ????,
,
,
????? ???? ???? ??? ????,
?? ???? ??? ?????,
?? ??? ??. ???? ??? ?????,
"??????, ??? ??? ????",
???? ? ???? ????,
????? ???? ??? ??? ??????,
,
,
??? ??????,
? ? ??? ??????,
???????,
,
OOO????? ??? ??? ????,
,
?? ??? ? ?????.,
,
OO? ??? 10? ????? ??? ???????,
,
,
??? ???? ????.,
??,
,
????? ???? ? ????,
,
?? ???? ? ?????.,
OO? ?? OO??? ????? ? ? ?????,
???? ?????,
,
??? ??? ????,
?? ??? ? ? ????,
,
,
?? ??????,
,
? ?? ???? ? ?????.,
OO? ??? 23?? ???? ??????,
?? ???? 23?? ????? ????? ???,
???? ??? ???? ? ?? ?? ??? ???? ???? ?????,
23?? ???? ??? ???? ??? ???,
?? OO????? OO? ?? ??? ? ?????,
???? OO????? 30?? ?????,
???? ? ? ?? ??? ?????,
??? ????? ?? ?????,
,
"????? ??? ????,",
? ?? ??? ?????,
,
??? ? ? ????,
"?, ????? ???? ?? 9??????",
??? ?? ??? ???? ? ????,
,
? ?? ??? ????????,
?? ???? ????,
,
???? ?? ?? ? ? ?? ?? ? ?????!,
,
,
????? ??? ????,
????! ??? ??? ?? ?????,
9?? ??? ???? ???,
???? ???? ??? ?????,
???? ?? ???? ?? ????,
??? ????? 10? ?? ? ? ????,
,
?????? ???????? ? ? ???? ????,
,
??? ??? ?????,
? ??? ? ??? ?? ?????,
??? ??? ????,
??? ? ? ????,
?????? ?? ???? ??????.,
????? ??? ? ??? ???? ????,
,
,
?? ?? ??????.,
"????? ??? ????, ???? ????",
,
???? ????? ?????,
????? ??? ????,
2??? ??????,
?? ??? ??? ?????,
,
? ? ?? ?? ??? ??? ? ????,
???????? ?? ? ? ? ?? ?????,
???? ???? ??? ?? ?????.,
????? ??? ? ? ????,
??? ????? ? ?? ?????,
?? ??? ????? ???? ??????,
?????,
?? ????? ???? ?????,
??? ??? ???????,
????? ???? ??? ????,
,
??? ?????.,
??? ?? ? ?????.,
,
,
,
,
,
????? 09:09 ??? ?? ????? ??? ?????,
"????? ????? ??? ???, ?? ?? ?? ????",
,
,
"?, ?????. ?? ?? ?????? ??? ??? ?? ??????.",
,
,
,
,
,
"?, ????? ? ??? ??? ?? ???",
? ??? ?? ????? ????,
,
?? ?????. ??? ????? ?? ???,
?? ?? ? ?????.,
,
,
??? ??? ? ???? ?? ??? ?????,
,
?? 23:33 ???? ????? ? ?? ??????,
???? ??? ? ?????.,
????? ???? ?????? ?? ??? ?????.,
? ???? ????,
? ??? ?? ????? ? ?? ??????,
,
????? ?? ???? ?? ????.,
??? ?????,
,
,
"? 2???? ???? ???, ?? ?? ????",
?? ? ??? ????. ??? ????,
? ?? ?? ???,
? ?? ????? ????,
,
? ?? ??? OOOOOO? ?? ????? ????,
????? ???? ??????.,
,
,
????? ????,
,
????? ??? ?????,
,
???? ?? ??????.,
,
,
,
????? ?? ????? ?? ? ? ?????.,
,
???? ????? ????,
"?, ???????",
,
??? ??????,
??? ?? ????,
?? ?????,
?? ??? ????,
???? ? ?????,
,
?????. ?? ??? ???? ????,
"????? ??? ???, ???? ?????",
,
,
"?, ? ? ???????",
?? ??? ??????,
"?, ??? ????",
,
?? ?? ?? ??????,
,
?? ???? ??? ??? ??? ???? ? ? ?????,
,
,
?? ??????,
"?, ????? ?? ??????",
??? ?????,
?? ?? ??? ??? ????? ?? ???,
"?, ?? ??? ??? ? ? ?????",
,
? ?? ?? ??????,
,
"?? ?? ???, ???, ????? ?? ????.",
??? ??? ??? ?????,
,
"?, ?? ???? ?? ??? ??????",
????? ????? ?? ??? ???,
,
??? ????,
?????? ???? ??? ???,
"?, ??? ????",
,
? ? ?????.,
????? ?? ??? ?? ????.,
,
,
"?, ????? ?? 3?? ??? ???",
? ? ????,
??? ??????,
"?, ?? ???? ??? ?????",
,
? ??? ????,
?????. ?? ??? ?? ? ?? ?????,
,
?? ?? ????? ????,
"?, ? ? ?????",
??? ?? ??? ?????,
?? ??? ?????,
?? ?? ??? ????,
????? ??????,
"?, ?? ??? ????",
????? ? ? ????,
?????. ?? ??? ?? ??? ????.,
????? ?? ??? ?? ?????,
??? ? ?????,
,
? ??? ?? ?????,
??? ?? ??? ? ??????,
?? ???? ?? ??? ????,
????,
??? ? ?? ?? ????,
,
,
"???? ? ? ??? ???? ???? ????, ??????",
,
?? ?????????,
?? ??? ???? ??? ???????,
?? ??? ??????,
???? ?????,
???? ???? ????,
,
?? ?? ? ???? ? ????,
??? ? ??? ?? ?? ?? ?????,
??? ???? ???? ???? ??? ????,
"?, ?? ???? ???? ???????",
?? ???? ???????,
?? ?? ????? ???? ???? ??? ?? ?? ?????,
? ??? ? ???? ???????,
? ??????,
"?, ??? ??? ???",
? ??????,
,
,
,
,
,
,
???? ? ?? ??? ???????,
??? ???,
???? ??????,
??? ?? ?? ????,
?? ?? ????? ?? ??? ? ? ????,
,
????? ??? ???.,
???? ??? ?????,
,
,
??? ?? ????? ???? ??? ????,
?? ? ??? ??????,
?? ??? ?? ??????,
???? ???? ???????,
? ????? ??? ?????,
,
???? ???? ??? ????.,
,
? ? ????,
????? ?? ?? ???? ???? ????,
??? ??? ??? ? ? ???,
"?, ????? ?? ???????",
??? ??? ????,
,
???? ??? ?? ?? ???? ?????,
,
??????? ????? ??? ????,
,
??? ????,
??????,
??? ??? ????,
???? ????? ??????,
????? SRT??? ???,
????? ???? ????,
?? ??? ????? ?? ????,
,
700? ?? ??? ?? ? ? ????,
,
,
,
"?, 500? ?? ?? ??? ???? ? ?????",
,
,
?? ?? ??? ????? ???? ?? ?? ??????,
???????,
,
???? ???? ?? ??? ? ?? ?? ? ?????.,
???? ???? ????,
???? ????? ??? ??????.,
? ?? ?? ?? ????? ??? ?????,
????? ??? ???,
,
? ?? ??? ????,
,
,
???? ????,
"??? ??? ??? ????, ??? ??? ?????",
,
???? ???? ???? ?? ??? ????,
??? ?? ?? ????,
,
?? ??? ????,
,
????? ??? ???,
?? 5? 50?? ???????,
,
???? ?? ???? ??? ? ????,
,
??? ?? ??? ? ?????,
? ???? ???? ??????,
,
?? ?????? ???????,
??? ??? ????,
??????,
,
??? ??? ???,
????? ?????,
?? ?? ???? ??? ?? ?????,
,
????????? ??? ????,
??? ??? ?? ????????,
,
?? ? ??? ????,
??? ??? ????,
? ? ??? ???? ?? ?? ??? ????? ?? ? ??? ???????,
,
??? ??? ????,
,
???? ???? ??? ??????,
,
??? ?? ??? ? ?????,
?? ????? ???? ??? ?????,
?? ??? ?????,
????????,
?????,
???????,
?? ?? ? ??????,
,
?? ??????,
,
,
???? ???? ??? ?????,
??? ?????,
,
,
,
? ? ???????,
"?, ?? ????",
??? ??? ????,
??? ????,
,
????? ???? ???? ??? ?????,
??? ???? ?????,
,
,
??????? ??? ?????,
,
,
,
? ???????,
??? ?????,
?????? ??? ?????? ??? ? ????,
,
,
?? ??? ??? ???,
??? ????,
??? ?? ?? ??? ????,
,
??? ??????,
??? ??? ? ? ????,
,
????? ???? ??????,
,
,
,
,
,
,
,
??? ??????,
,
?????,
?? ? ??? ?? ? ??? ?????,
,
,
??? ???? ??? ? ????,
,
???? ??? ?? ??????,
,
?????,
,
,
????? ?????? ??? ????,
,
,
????? ???? ??? ??????,
,
????? ?????,
,
???? ???? ????,
??? ??? ????,
,
????? ?? ?? ???,
,
,
,
??? ??????,
?? ?????? ??? ????,
,
???? ??? ??? ????,
????????,
,
?? ?????.,
???? ?? ???????.,
,
,
????,
???? ??????,
,
,
???? ???? ?? ?? ????,
,
KTX ? ?? ?? ?? ?????,
,
,
? ????,
??? ?? KTX? ????,
,
,
??? ????,
?? ?? ???? ????,
,
????? ????? ????,
,
,
????? ??? ??????,
,
??? ??????,
??? ????,
?? ??? ???,
??? ?? ?? ???.,
,
,
??? ??? ???,
,
?? ?? ???? ??? ??????,
?? ??? ?????,
,
,
?? ?? ??? ?? ?? ?????,
,
???? ???? ??? ????~,
???? ???? KTX ??? ??????,
??? ????,
???? ??? ????,
???? ??????,
,
?? ??? ?????,
KTX?? 2?? ??? ? ?????,
KTX ??? ? ????,
??? ??? ???,
????? ????? ??? ?????.,
,
,
,
???? ???,
?????,
?? ??? ????,
,
??? ?? ??? ????,
??? ?????,
,
????? ????? ?? ??? ??????,
??? ??????,
,
?? ??? ?? ????,
,
,
,
,
????? ?? ?? ????? ?????? ???..,
,
,
,
???????,
?? ??? ? ??? ????,
?? ?? ??? ??? ???,
?? ??? ????,
? ? ?? ??? ? ?????,
,
????? ?? ??? ????.,
1??? ??? ??? ?????,
????? ??? ????,
,
???? ??? ? ?????,
,
???? ???? ?? ??? ????,
??? ?? ????,
,
,
?????? ??? ??? ?? ????.,
,
,
,
,
,
????,
?? ?? ??? ??? ???? ?????,
,
?? ?? ????? ?? ?? ??? ??? ?? ????,
????? ?? ??? ???? ??????,
,
??? ??? 5??? 5?? ??????,
?? 3?? ???? ????,
,
? ???? ?????? ??? ??? ????? ?? ????,
? ????,
,
,
,
????? ?? ?? ?? ???,
????? ???? ??? ?? ?? ????,
,
,
???? ???? ????? ???????,
??? ?? ????????,
??????? ?? ?? ??? ????,
??? ??? ?????,
??? ?? ????,
,
"?????, ???? ??? ??? ?????",
?..??? ?? ??? ????,
,
,
???????,
??? ??? ?? ????,
???? ?? ?????? ????,
??? ??????,
???? ?? ?? ??? ????,
,
????? ???? ??????? ??? ????~,
???? ??? ?????,
,
,
,
,
??? ?? ?????,
??? ????,
???? ?? ?????,
,
???? ??? ????,
??? ? ? ????,
?? ??? ????,
??? ??? ??? ???,
???? ??? ????,
?? ?? ?? ?? ??? ??????,
,
,
,
,
????? ??? ??? ???? ??? ??????,
,
,
,
,
??? ?? ??? ?? ???? ??? ?? ???,
,
,
,
,
,
,
,
??? ????? ????,
,
???? ??? ??? ????,
,
,
??? ????,
,
????? ??? ?????,
?????,
???????,
,
,
???? ??? ?? ?? ?? ????.,
???? ??? ??? ??? ??? ?????,
,
????? ???? ? ??? ??? ????,
???? ???? ????? ??? ????,
????? ?????? ??? ?? ????,
??? ??? ?????,
???? ???? ??? ??????,
,
,
?? ???? ??? ?? ??? ????,
???? ?????,
??? ??? ????,
???? ??????,
??? ????,
???? 5?? ????,
???? ???? ?? ???????,
?????,
??? ??? ? ??????,
,
?? ??? ?? ?? ??? ??? ?? ???,
,
,
,
???? ??? ????,
???? ?? ???,
??? ?? ??? ??????,
? ?? ??? ??? ??????,
???? ??? ?????,
,
??? ??? ?? ??? ???? ???,
?? ?????? ????? ????? ?? ?????,
,
,
??? ??? ?????,
??? ??? ?? ??? ???? ????? ??? ????,
???? ??? ?????,
??? ??? ??? ?? ????,
,
,
?? ??? ?? ??? ??? ?? ???,
,
,
??? ??? ?????,
?? ?? ????,
???? ????,
?? ??? ??? ??? ?????,
??? ? ?????,
?? ?? ?????,
,
??? ?? ??? ??? ?? ?????,
,
??? ?? ??? ????? ?? ?????,
,
?? ??? ?? ????,
,
????? ?????????,
??? ???? ? ??? ?? ????,
???? ???? ?????,
,
???? ?? ??? ?? ?????.,
,
,
???? ??? ?? ????,
???? ???? ????? ?? ??????,
???? ??? ??? ???  ?????,
?? ????,
??? ???? ??? ??? ??? ???????,
??? ??? ????,
,
??? ?? ??? ???? ??? ?????,
,
,
??? ?????,
????? ??? ??? ??? ???? ????,
???? ?? ??? ????,
?????? ???? ????,
??? ??? ?????,
,
?? ??? ??? ????,
,
???? ?????????.,
,
????? ?????,
,
,
??? ?? ????,
??? ?????,
?? ?? ?????,
??? ??? ??? ??????,
,
?? ??? ?????? ????,
???? ???? ?? ??? ??? ?? ?????,
??? ??? ???,
??? ??? ?????,
???? ??? ?????,
?????????? ????? ??? ????,
? ??? ?????,
?? ???? ??? ?? ?? ? ?????,
,
,
???????. ???? ?????,
?? ???? ?? ????.,
,
,
????? ???? ????? ????,
???? ktx? ????,
,
??? ?? ????,
?? ???? ??? ????????,
,
?? ??? ??? ?????.,
?? ?????? ????? ?? ?? ?? ? ?????,
,
,
???????? ????? ?? ????,
?????? ??????? ??? ?????,
?? ???? ?????,
??? ???? ??? ???,
,
,
??? ??? ????,
???? ????? ?? ????,
,
,
,
?? ??? ?? ??? ????,
,
??? ??? ????,
??? ???? ?? ?????,
,
??? ????? ?????? ?? ?????,
,
???? ??? ????,
??? ????,
?????? ?? ??? ?????,
?? ??? ??? ?????,
,
????? ?????? ???? ??? ??????,
??? ????? ?? ? ????,
??? ?? ?? ????,
??? ??? ?? ????.,
???? ???? ??? ?? ????,
,
,
??? ??????,
???? ?? ?? ????,
?? ????,
?????,
???? ???? ??? ?? ????,
,
?????? ?? ????? ??? ?????,
,
? ?? ?? ?????.,
???? ?????,
3???? ?????,
???? ??????,
?????? ??? ??? ????,
??? ??? ?? ??? ????,
??? ??????,
,
??????????? ????? ??? ????,
,
?? ??????,
???? ????? ??? ????,
?? ?????,
?????? ???? ??? ????,
??? ?????,
??? ??? ????,
???? ? ??????,
,
??? ??? ?????,
???? ???? ?? ????,
???? ?? ??? ????,
???? ?? ??????,
,
???? ???,
???? ???? ?????,
???? ??? ?? ??? ???? ???,
BRT? ????,
?????,
?? ??? ?? ????,
??????. ?? ??? ????.,
??? ??? ????? ?? ??? ????,
,
???? ?? ????,
?? ?? ??? ????,
?? ??? ?? ????,
370? ??? ?? ?????.,
??? ??? ????,
?????,
,
?????? ?? ????? ?? ??? ?????,
,
,
?????? ?? ???,
???? ?? ?????,
??? ?????,
???? ?????,
??? ??? ???????? ??? ????,
?? ?? ??? ?????,
,
?????? ?? ???? ????,
????? ??? ??? ?? ????,
,
,
????? ??? ?? ????,
?? ??? ??? ???,
9???? 5???? ????,
? ?? 5?? ??? ???? ????,
???? ???? ?????,
,
?? ??? ??? ?? ????.,
,
,
,
,
,
,
,
,
,
??? ??? ? ?????,
???? ? ? ????,
?? ?????,
???? ???? ??? ????,
??? ????,
??? ????????,
??? ?????,
??? ????,
?? ?????,
?? ?? ?????,
????? ???? ?? ?? ????.,
,
?? ?? ??? ?? ??? ????,
? ?? ?? ???.,
???? ??? ?? ??????,
???? ?????,
???? ??? ??? ????,
????? ???? ???????.,
?? ????? ??? ????,
,
?? ????? ????? ?? ????,
?? ??? ??? ??????.,
????? ???? ???,
????? ?? ????,
???? ????,
?????? ??? ??????,
?? ??? ?? ??????,
,
??? ?????,
,
??? ??? ??????,
???? ?? ?? ?????,
,
,
,
,
????? ????? ??? ?????,
????? ??? ?? ????,
??? ??? ????,
,
??? ?? ????? ?? ????.,
?????? ???? ??? ?????,
,
,
???? ??? ????,
??? ??? ????,
??? ?? ????,
?? ??????,
?????,
,
??? ?? ????? ?? ?? ??,
?????? ?? ?? ?? ?????,
,
,
????? ??? ?? ??? ?? ????,
?????,
?????? ???? ?? ???? ??????,
?????,
?? ???? ??? ???.,
,
???????? ??? ? ? ?????,
,
,
??? ??????.,
??? ????? ?????,
??? ??? ?????.,
??? ??? ????,
?? 9??? ????? ???? ??????,
? ?? ??? ?????,
,
???? ???? ????? ?? ????.,
,
,
,
???? ????,
??? ?????,
,
??? ???? ????,
??,
,
??????. ????? ?? ?? ????? ????,
,
,
??? ?? ????,
??? ???? ????,
??? ??? ?????,
?????,
"?? ,??? ????? ???? ????",
,
?? ???? ??????,
,
???? ?????? ????? ?? ???.,
,
,
,
????? 1??????,
??? ??? ????,
,
??? ???? ????,
???? ??? ?????,
,
????? ?????? ???? ?? ???.,
???? ??? ??????,
,
,
,
??? ?? ???????,
?? ? ?? ?? ??? ? ? ????,
??? ????,
???? ?????,
,
,
?? ?? ???? ????.,
????? ???? ????? ??? ????,
,
,
?? ??? ????,
??????,
???????,
KTX? ?????,
??? ?? ????,
???? ?? ?????,
??? ?? ??? ??? ? ?????,
,
,
,
??? ??? ?? ????,
??? ??? ????,
??? ??? ??? ???? ????,
??? ??? ????,
?????,
,
?????? ????? ??????? ????? ??????.,
,
,
,
???? ????,
??? ?????,
,
?? ??? ???? ????,
?????,
,
???? ???? ?? ??? ?? ???,
,
,
???? ?? ??? ?? ????? ?? ???,
?? ?????,
?? ???? ?????? ??????,
???? ??? ???,
???? ??? ?????,
BTR??? ??? ?????,
,
???? ?? ??? ??? ?? ????,
,
,
,
,
????? ?? ?? ??? ?? ????,
??? ????,
?? ??? ??? ??? ? ????,
?? ???  ?? ????,
,
????? ????? ?? ????? ?????,
,
,
,
???? ??? ? ? ????,
???? ?? ???,
??? ?????,
?? ???? ?? ?? ??? ????,
?? ??? ??? ????,
,
????? ???? ????? ??????.,
,
,
?? ?? ??? ????,
?? ??? ? ?? ????,
???? ?????,
??? ??? ????,
??? ?? ????,
??? ??? ?????.,
?? ?? ????,
,
???? ??? ?? ????.,
????? ??? ?? ??? ?? ???.,
,
,
,
,
???? ? ??? ?? ???…,
?? ??? ?? ?? ?????,
?????? ? ? ????,
??????,
,
???? ????? ?????? ??? ?? ????,
,
,
???? ?? ????? ?? ????,
??? ????,
??? ??? ??? ??? ??? ?????,
??????,
?????,
???????,
????? ??? ??? ?? ??? ?? ??? ??????,
,
????? ???? ??? ?? ???,
,
,
,
??? ?????,
????? ????? ? ?? ??? ????,
????? ?????,
??? ??? ?????,
?? ???? ?? ?????,
,
????? ???? ?? ????? ?????.,
,
,
?? ??? ???? ???? ??? ???,
???? ?? ??????,
??? ???? ????,
??? ??? ????,
??? ?????,
,
??? ????? ??? ???? ??? ??????,
,
,
,
5???? ???? ????,
2??? ??? ?? ??? ?????,
??? ??? ?????,
2??? ???? ??? ???? ????,
,
???? ?? ????? ??? ????.,
??? ??? ???? ????,
,
??? ??? ??? ? ?????,
,
??? ?? ???? ????? ?????,
???? ???? ??? ???? ????,
,
???? ????,
???? ?? ?? ?????,
?? ????? ?????,
???? ?? ???? ???? ????.,
???? ??? ???? ??? ??? ??? ?????,
??????? ???? ??? ??? ????,
????? ??? ?????,
????? ?????? ??? ??? ????,
????? ????? ??? ??? ??? ????,
?? ? 9? ???? ?????? ????? ???? ?? ? ?????,
?? ???? ?? ??????,
,
??? ?????,
???????. ????? ?????,
??? ?? ??? ??????.,
,
,
,
?? ??? ????,
?? ????? ???? ?? ?? ?? ?????,
??? ???? ?????,
?????? ????? ??? ??? ??? ??? ??????,
,
????? ????? ???? ? ? ?? ???,
,
,
,
,
?????? ??????,
,
?? ??? ? ?????.,
,
????? ???????,
?? ?? ? ? ? ?????,
,
,
,
??? ?? ??? ??? ????,
???? ?????,
???????,
???? ????? ??? ??? ????????,
,
,
? ???? ??????,
??? ??? ?????,
??? ????? ????,
? ????? ????,
,
?? ?? ?? ??? ????,
?? ???? ???????,
,
???? ??? ? ??? ? ????.,
,
,
,
,
,
,
,
,
,
????? ??? ??? ????.,
,
,
,
???????,
??? 3???? ????? ??? ????,
,
? ??? ??? ??? ????,
??? ??? ????,
??? ? ????? ?? ????? ????,
????? KBS????? ?? ? ?????.,
,
"?, ?? ????? ???",
,
,
????~ ??? ??? ???? ????? ?????.,
??? ??? ?? ??? ????? ??????,
"??, ??? ??? ????",
?? ???? ??? ????,
??? ????????,
?? ???? ???? ??? ?????,
??? ??????,
??? ??? ?????.,
"?? ???? ??, ?? ?? ??? ?????? ????",
?? ?? ?? ? ?????.,
??????? ????,
?? ?? ?????? ?? ????,
,
??? ?? ????,
,
"?, ??? ???????",
??? ??? ????,
???? ????? ????.,
??? ?? ??????,
?????? ??????,
??? ?? ???? ????.,
,
?? ??? ?? ??? ????? ????? ???? ??????,
?????? ??? ? ??????,
??? ?? ?? ?????? ????,
?? ??? ?????,
,
??? ??? ??? ?? ?????.,
,
,
,
,
,
?? ? ?????,
?? ???? ????? ???? ??? ?? CCTV? ?? ?????,
?? ?? ??? ??? ??? ????,
???? ???? ????,
??? ?? ????????.,
???? ??? ????? ???? ???? ??????,
??? ??? ??????,
?? ????? ??? ? ?? ????,
?? ?? ????? ???? ????,
??? ?? ????? ???? ??????,
?? ??? ??????,
???? ????? ???? ????,
???? ??????,
1942???? ???????,
??? ??? ? ? ????,
,
??? OO 2?? ??? ???? ??????,
,
???? ??? ???? ???? ????,
?? ???? ??????,
6???? ??????,
???? ???????? ?? ??? ?????? ?????.,
,
??????,
,
??? ??? ????? ????.,
??? ??? ??? ?????,
??? ????? ? ?? ????,
? ??? ?????,
???? ??? ?????,
?? ?????,
60?? ???? ??? ????? ? ???,
,
?? ??? ?????,
,
?? ??? ??? ?????? ?????.,
????? ??? ??????,
,
???? ????,
??? ??? ???,
??? ??? ???,
1??? ?????,
??? ?? ???,
???? ???? ??? ?? ?????,
????? ???,
,
???? ?? ?? ? ?? ????.,
???? ??? ??? ?????,
?? ???????,
,
???? ???? ????,
,
?? ?? ???? ?????,
,
?????? ??? ??? ?????,
?????,
,
????? ?? ???? ??????.,
,
,
??? ????,
,
,
,
??????,
?? ??? ?????,
9??? ???? ?? ????,
,
????? ???? ?? ?? ???? ???.,
,
,
???? ??? ????,
??? ????? ???? ????,
,
???? ?? ??????,
???? ???? ???? ???,
??? ?? ? ?????,
??? ? ? ???? ? ? ????,
????????,
??? ?? ??? ?? ????,
???? ??? ????? ??? ????,
?? ?????,
?? ?? ?? ? ??? ??? ???.,
?? ??? ??? ??? ?? ?? ???,
,
????? ???????,
,
?? ??? ???? ?? ??? ??? ?????,
,
???? ???? ? ?????,
,
"????? ???, ???? ????????.",
???????? ????? ??? ???,
,
,
????? ????? ????,
,
? ???? ? ??????,
,
KTX? ??? ???? ?????.,
,
???? ??? ?????? ????,
,
,
,
? ??????,
,
,
? ??? ?? ?? ???,
,
???? ?? ? ?? ?????,
,
???? ?????,
,
?? ???? ?? ????,
? ??? ?? ??? ?????,
??? ??? ?????,
??????,
?? ? ??? ???? ??? ???????,
,
???? ???? ?? ??? ?? ????.,
,
,
,
??? ??? ???,
????? ????,
?? ????,
,
??? ???? ??? ????????? ???,
,
?? ??? ?? ?? ?? ?? ????,
,
?? ???? ????,
?? ????? ?????,
???? ? ?? ?? ???,
??? ???? ?????,
?? ?? ?? ?? ??? ????? ??????,
510? ?? ?? ??? ????,
?? ???????,
?? ??? ? ???????,
????? ?? ???? ??? ?? ??? ??? ????,
,
?? 63? ??? ????? ?? ??? ????,
??? ??? ??? ????,
?? 5200?? ???? ??? ????,
,
,
????? ??? ???,
?????? 63?? ??? ??????,
5200?? ????????,
???? ????? ? ?? ?????,
,
?? ?? ??? ???? ??? ??????,
,
,
,
??? ?? ? ??? ?????,
???? ???? ?? ??? ???? ??? ????,
??? ?????,
??? ?? ?? ????? ??? ????,
,
?? ??? ?????,
????? ??? ??? ??? ????? ????,
?.,
???? ??? ????,
????? ??? ???,
????? ??? ???,
????? ?????? ????,
?? ? 13?? ??? ????,
????? ??? ???? ?? ?????,
????? ???? ??? ???,
?? ?? ??? ????,
? ????,
,
,
??? ??? ????,
??? ?? ??? ??? ?? ??????,
??? ?????,
,
?????? ??????,
??? ??? ?? ??? ??? ???,
,
?? ? ????,
?? ??? ???? ?? ???? ?? ? ?????,
,
,
,
?? ??? ?????,
,
,
,
?? ???? ??? ?? ?????,
,
???? ???? ?? ??? ? ?? ?????,
,
,
,
?? ?? ????????,
?? ?????,
??? ??? ????,
,
???? ???? ? ????,
,
?? ??? ?????,
?? ?? ? ?? ?? ?????,
,
,
,
,
?? ??? ????????,
??? ??? ?????,
??? ??? ????,
,
?? ????? 100??? ???,
?? ??? ????,
???? ??????,
??? ??? ??? ????,
??? ??? ?????,
??? ???? ???? ??????,
?? ??? ???? ?????,
"???? ??? ??? , ???? ??? ??????",
,
??? ???? ??? ?? ??? ?????,
,
????? ??? ?? ????? ????,
,
,
,
"?, ????? ???? ?????",
????? ????? ? ?? ??? ??????,
,
??? ??? ????? ?????,
??? ??? ????.,
,
????? ????? ????? ??????.,
,
,
,
"?, ?? ??? ?????",
????? ????? ? ????? ????,
,
??? ???? ????,
,
,
???? ???? ??? ??????.,
,
,
KTX? ????,
,
??? ?????,
??? ????,
?? ?? ?? ????,
?? ????? ?? ????,
???? ?? ITX????? ??? ?????,
???? ???? ??? ?? ????.,
,
??? KTX?? ??? ?????,
,
?????? ???? KTX? ?? ????,
???? ??? KTX? ????,
?? ????? ?? ? ?? ??? ??????,
,
??? ??? ?????? ?? ????,
"?, ???? ?????, ???? ??? ? ??? ????",
,
?? ?? ????? ???? ?????,
,
,
,
,
600? ?? ?? ??? ??? ???,
,
?? ?? ?? ??????? ?? ?? ????,
??? ?????? ?? ??? ? ???? ????,
,
???? ???? ???? ? ?? ?????,
,
??? ??? ??? ?? ?????,
,
?? ???? ???? ????? ??????,
"??? ???? ???, ????? ???????",
,
,
??? ??? ????,
???? ????? ???? ???,
???  ?? ??????,
10??? ??? ???? ????,
??? ????? ????????,
??? ??? ???,
"?? 24?? ??? ?? ???""?",
,
???? ??? ?? ??? ?? ????,
?? ???? ??? ??? ???? ?? ??? ??????,
"??? ?? ??? ????, ??????",
??? ????? ????? ????,
,
?? ???? ?? ???? ????,
????? ????? ???? ???? ???????,
?? ? ????? ???? ????,
?? ????? ??????,
,
,
???? ??? ??????,
,
??? ??? ?? ??? ?????,
,
,
??? ??? ??? ?????,
,
??? ??????,
??? ??? ??,
?? ??? ??? ????,
??? ?? ? ?? ???? ????,
??? ??? ??? ?????,
??? ???? ????,
??? ???????,
??? ??? ?????,
???? ??? ?? ???? ?????,
,
??? ?????,
,
,
,
??? ?????,
???? ? ??????,
??? ????,
?? ???? ????,
?? ??? ???????,
,
??? ?? ?? ????,
?? ???? ??????,
???? ?? ????,
??? ??? ???,
??? ?? ??? ??? ????,
,
????? ??????,
,
???? ?? ?? ? ?? ?????,
,
,
,
,
?? ?? ?? ??? ??? ??????,
??? ???,
??? ??? ??????,
,
???????,
,
?? ?????? ??? ??? ?? ?? ? ?????,
,
??? ??? ?????,
,
????? ??? ???,
?? ???? ????? ???? ??????,
"? ??? ???? ????,",
,
????? ??? ???? ?????,
,
???? ???? ??? ? ?? ?????,
,
,
,
??? ?????,
??? ??? ???,
?? ????? ???? ????,
?? ?? ??? ????,
??? ?????,
?? ???? ???? ?? ? ?????,
???? ???? ?? ??? ????,
??KTX??? ????? ???,
??? ?? ????,
??? ?? ?? KTX? ????? ?? ????,
???? ??? ??? ??? ?????,
??? ??? ???,
,
??? ??? ???,
??? ??? ?? ?? ??????,
? ?? ??? ???? ??? ????,
,
?? ???? ???? ???? ??? ???,
?? 2? ?? ????,
?? ??? ?? ???,
??? ???? ??? ???,
??? ???? ????? ??? ????,
?? 4? 40?? ????????,
,
,
??? ?? ?? ???? ?? ??? ???? ?????.,
?? ???? ?? ???? ??????,
???? ????? ? ?????.,
??? ??? ?? ?? ??? ?????,
?? ??????,
???????,
?? ??? 1? ???? ????,
,
???? ???? ??? ??? ??????,
???????,
????? ????,
?? ??? ??? ???,
,
,
"?, ???? ???? ???? ? ???",
3??? ????? ?????,
? ????? ?????,
,
,
,
??? ?? ???? ???? ?????,
,
??? ???? ???,
?? ?? ??? ???? ?KG ?????,
"?, ?? ???? ??? ? ?? 9KG? ???? ???????",
,
?? ?? ??? ??????,
??????,
,
??? ????,
?? ??? ?? ?????,
??? ??? ??? ??? ?????,
??? ??? ?? ???,
,
?KG?? ?????,
,
?? ???? ??? ???????,
??? ?? ? ??? ????,
? 2?? ? ???? ??? ????,
?? ?????? ?? 2??? ? ???? ?? ?? ??? ?????,
?? ???????. ?? ?? ???,
,
????? ???? ???,
??? ??? ???? ?? ?? ????,
KG? ? ???? ??? ????,
?? ?? ?? ? ??? ?? ?????,
???? ??? ??????,
?? ?? ??? ?? ??? ????? ?????,
,
?? ??? ??? ??? ???? ????,
,
,
,
???? ??? ??? ???? ?? ?????,
,
???? ????,
,
?? ????? ????,
??? ??? ????,
??? ?? ??????,
,
? ?? ?? ?? ? ?????.,
???? ???? ?????,
?? ??? ?? ?? ?? ????,
,
,
,
??? ??? ?? ??? ????? ????,
,
?? ?? ?????,
? ??? ??? ?????,
,
,
???T ??? ??? ?????,
,
"?, ??? ???, ?? ???? ??? ?? ????? ?????",
? ????? ??? ??? ?????,
,
?? ???? ??? ???? ????? ????,
?? ??? ????,
??? ??? ? ???? ????,
??? ?? ??? ??? ?? ?? ????,
??? ?? ??? ?? ???.,
???T? ?? ?? ? ????.,
,
?? ??? ?? ??? ??? ?????,
?? ??? ??? ???,
??? ?? ??? ???? ????,
?? ????? ??? ???? ????? ???? ??? ?? ???? ???,
?? ?? ????? ??????,
?? ?????? ?? ?? ????? ??????,
???? ???? ?????,
?? ???? ?? ??? ???,
???? ?? ? ?????,
??? ??? ???? ?????,
??? ?? ?? ??? ??? ??????,
??? ????? ??? ?? ?? ?????,
,
???? ????? ????? ????,
??????? ?????,
?? ???? ??? ???????,
"4?? ???? ??, ??? ?? ?????",
?? ?? ?? ????? ??? ????,
,
??? ?? ? ?????,
,
,
,
,
,
,
????? ?? ????,
,
??? ?????,
?? ?? ?? ?? ? ?????,
?? ??? ???? ?? ?? ??? ???? ??????,
??? ??????,
?? ?? ??? ??? ???? ???? ???? ?? ??? ??????,
????? ?? 510? ??????,
? ?? ???? ?????,
?? ??? ??? ???,
,
?? ??? ??? ???,
,
?? ?? ???? ???? ????,
,
,
,
?? ???  ????,
,
"?? ??? ???? ?? ????,",
,
,
,
????? ??? ?? ????? ??????.,
,
,
,
????? ??????,
???? ?  ?????  ?? ??? ????,
,
?? ????? ??? ????,
,
,
?? ???? ? ???? ??? ????.,
,
??? ???? ??????,
????? ?????,
,
??? 500?? ???,
????? ??? ?? ????,
,
??? ??? ????,
??? ??? ????,
,
"??????? ??? ??? ?? ????,",
,
,
9?? ??? ???? ??????,
?? ???? ? ? ?? ??? ??????,
??? ?? ?? ????,
??? ????? ?? ??????.,
,
"?? ????? ??????? ? ? ?????, ??? ??? ????",
,
????? ???? ?????,
???? ???? ?????,
,
,
,
??? ?? ??????,
,
,
?? ?? ??? ???????,
,
,
??????  ????? ????? ?? ?????,
,
,
,
????? ??? ??????,
????? ????? ? ?? ??? ????,
,
?? ??? ?????? ?? ????,
???? ???? ?? ?????,
,
???? ????? ???  ???? ? ?? ??????? ???? ????,
,
,
,
??? ??? ?????,
??? ??? ???,
??? ??? ??? ?????,
??? ??? ??? ??? ??? ???? ?????,
??? ?? ????,
??????? ????????? ?? ????? ??????.,
,
,
,
??? ??? ????,
????? ?????,
,
??????? ??? ?????,
??? ?? ??? ?????,
?? ?? ?????,
,
?? ?? ??? ? ????????,
,
,
,
,
10??? ??? ??? ? ?? ??????? ???? ??????,
,
??? ??? ????,
?? ??? ????? ? ? ???? ???? ??? ? ???? ????,
,
??? ????,
? ????? ????,
,
,
,
,
,
,
?? ??? ???,
2??? ?? ?? ? ????.,
,
,
"?, ?? ???,??? ?????",
??? ??????? ????? ????? ?????,
,
?? ?? ???? ?? ????,
?? ???? ??? ???,
?? ???? ???? ??? ??? ??? ??? ???,
? ???? ?? ??? ??? ?????,
,
???????? ?????? ?? ????,
,
,
?? ?? ???? ?? ???,
??? ?? ??? ????,
? ? ?? ??????,
??? ???? ?????,
??? ??? ????,
,
???????? ????? ??? ???? ????,
????? ?????? ?? ???? ????,
,
???? ???? ??? ?????,
???? ???? ?????,
,
,
???? ?? ?????,
,
????? ?????,
??? ?? ????,
?? ?? ??? ????,
??? ?? ??????,
,
????? ?????? ??? ?????,
,
,
?? ??????,
??? ????????,
???? ??? ????,
?? ??? ??????,
?? ?? ?????????,
??? ??? ?????,
????? ???? ??????,
,
???? ????? ?? ???? ?????,
,
,
brt?? ??????,
??????? ?? ????,
????? ? ? ???? ??????,
????? ????? ????,
??? ????? ?? ?? ????,
?? ??? ?? ????,
??? ? ????? ??? ????,
??? ???? ??? ??? ????,
,
????? ????? ????? ??????.,
,
,
,
??? ?? ????,
??????? ???? ????,
?? ??? ??????,
??? ??? ?????,
?? ???? ????????,
??? ??? ?????,
,
?? ????? ????? ????? ????,
,
,
?? ?? ??? ?????,
????????,
???? ????,
???? ??????,
???? ????,
?? ????? ??? ????,
????? ??? ?????,
,
????? ?????? ?? ??? ?????,
,
,
?? ????????,
???? ???? ????,
?? ??? ??? ????,
??? ?? ?????,
??? ??? ??? ?????,
?? ???????? ????? ?????,
,
?? ???? 5???? ?? ????? ????? ???? ?????,
,
,
?? 8? 30??? ??? ?? ???????,
??? ??? ??? ?????,
?? ????? ??? ????,
????? ?????,
????? ????? ? ?? ??? ????,
??? ?????,
,
?? ?????? ????? ?? ??? ?????,
,
,
,
?? ???? ????,
?? ????? ???? ????,
??? ???? ?????,
??? ??? ????,
??? ?????? ????? ??????,
,
????? ????? ??????,
,
,
,
????? ??????,
,
??? ????,
??? ??? ?????,
?? ??? ??? ??? ?? ????,
??? ???? ???? ???? ?????,
??? ?????,
?? ????? ??????,
,
???? ???? ?? ?? ??? ?????,
,
,
,
?? ?? ????? ?? ?????,
?? ????? ??? ????,
?????,
??? ???????,
,
? ????? ??????,
,
?? ????? ???? ??? ?????,
,
,
??? ???? ??? ????,
?? ??????,
????? ?? ??? ??????,
??? ??? ????,
?? ??? ??? ????,
??? ??? ????,
?????,
,
????? ?????????? ??????.,
,
,
,
,
?? ??? ???? ??? ??????,
?? ??? ??????,
????? ????? ? ?? ??? ????,
,
??? ?? ??? ?????,
?? ????,
,
??????? ???? ?? ????? ?????,
,
,
?? ???? ????,
??? ???? ?????,
?? ??? ??? ????,
??? ?? ??????,
??? ??? ????,
???? ??????,
,
,
????? ??? ??? ?????,
????? ?????? ??? ?????,
,
,
?? ??? ???? ????,
??? ??? ?????,
???? ???? ??? ??????,
??? ??? ?? ??? ????,
?? ??????,
??? ??? ?????,
,
,
??????????? ?????? ??? ????,
,
,
??? ???? ???? ???,
???? ?? ??? ???,
??? ??? ?????,
????? ??????? ??? ????,
,
?????? ?? ????????,
????? ???,
,
????? ????? ?????? ??? ?????,
,
,
??? ?? ??? ?????,
????? ??????,
?? ?? ??????,
???? ?????,
????? ???? ????,
???? ???? ????? ?? ????,
?? ?? ??? ?????,
? ??? ??? ?????,
,
????? ????? ?? ????? ?????,
,
,
?? ??? ????,
???? ??? ????,
?? ??????,
???????,
????? ???? ?????,
??? ??? ?????,
?????? ??? ?????,
,
??????? ?????? ?? ??? ?????,
,
,
,
,
,
????? ?? ??? ?? ????,
????? ???? ????,
?????? ???? ?????,
?????? ?????? ???? ?????,
? ??? ??? ??????,
,
?? ?????? ????? ?? ?? ?????,
,
,
,
??? ?? ??? ?????,
??? ???? ??? ????,
??? ??? ?????,
??? ? ?? ??????,
?? ??? ?? ??? ?????,
?????,
,
??????? ??????? ????? ?????,
,
,
,
??? ?? ?????????,
??? ??? ?????,
?? ??? ??????,
,
,
,
????? ??????? ?? ?? ?????,
,
,
,
???? ????,
??? ??? ?????,
? ???? ??? ?????,
??????? ???? ?????,
??? ?? ??? ?????,
??? ??? ?????,
,
?????? ????? ????? ??? ?????,
,
,
,
,
??? ???? ?????,
? ?? ???? ??????,
??? ??? ?????,
??? ?? ??? ?????,
?? ???? ??? ???? ????,
,
?? ????? ?? ??? ??? ?????,
,
,
,
???? ??? ?? ????,
??3??? ????????,
???? ??? ????,
??? ?? ??????,
? ??? ??? ??? ????,
????? ??? ??? ?? ????,
????? ????,
,
?? ?? ?????? ????? ??? ?????,
,
,
,
???? ????,
??? ??? ??? ????,
??? ??? ?????,
?? ???????? ??? ??????,
???? ??? ????? ????,
??? ??? ?????,
,
????? ??? ?? ?? ?????.,
,
,
,
??? ?????,
,
??? ??? ????,
?? ?? ?? ??? ???? ??? ????,
?? ? ????,
,
???? ??? kbs ?? ?? ? ? ?????.,
,
,
?? ?? ??? ??????,
?? ??? ?? ?? ????,
?? ? ?????,
???? ???? ????? ???? ???,
??? ??????? ?????,
????? ? ? ??? ?????,
,
????? ???? ??? ?? ??????.,
,
,
?? ???? ????? ? ? ??????,
??? 12??? 1? ???? ?? ?? ?????,
1? ?? ?? ?? ?? ? ?? ?????,
? ????,
?? ??? ??????,
?? ?? ?? ????,
,
???? 63?? ????? ?????.,
,
,
,
63??? ??????? ?????,
??? ? ??? ??? ? ? ????,
??? ??? ????,
???? ??? ??? ????,
?? ??? ??? ????,
,
???? mbc ?? ?? ? ?????.,
,
,
? ??? ???? ????,
??? ?? ?? ????,
????? ?? ????? ??? ????,
???? ? ? ?????,
?????,
6??? ? ?????,
,
????? ?? ? ?????,
,
,
,
?? ?? ?????,
,
,
CCTV ?? ? ???? ????,
,
,
????? ?? ??? ????.,
?? ??? ?????,
????? ??? ????,
,
???? ??? ? ?????,
,
???? ???? ?? ??? ????,
??? ?? ????,
,
,
?????? ??? ?? ????,
,
,
,
,
,
?????,
?? ?? ????? ?????,
,
??? ??? ??? ?? ????,
???? ???? ??? ????,
,
,
,
,
?? ???? ??? ?? ????,
??? ???? ??????,
,
,
,
KTX? SRT ??? ?????,
?? ???? ??? ?????,
?? KTX-??? ????,
,
?? ??? ????,
????? KTX? SRT ???? ??? ? ????,
SRT? KTX ? ?? ??? ??? ? ????,
16?? ???????? ? ?? ?? ????? ??? ?????,
????? ??? ????,
,
,
???? ?? ??? ?? ????,
,
,
,
,
,
??? ???? ?? ??? ??? ?????,
,
,
,
,
,
??? ??? ???????,
?? ??? ??? ???,
,
,
,
???????,
,
????? ????? ??? ????? ??? ????,
,
,
,
???? ??? ????,
,
?? ?????,
,
??? ??? ?? ???????,
,
,
?? ? ???? ? ? ???? ?? ??,
,
?? ????? ??????,
,
?? ???? ???????,
,
,
?? ??? ??????.,
,
?? ????? ?? ??????,
,
?? ???? ???????,
,
,
?? ???? ?? ? ??? ???,
,
?? ????? ??????,
,
?? ???? ???????,
,
,
?? ???? ??? ??? ?? ???,
,
?? ????? ??????,
,
?? ???? ???????,
,
,
????? ??????. ? ? ???? ?? ??,
,
?? ????? ??????,
,
?? ???? ???????,
,
,
"??? ???? ??, ??????.",
,
?? ????? ?? ??????,
,
?? ???? ???????,
,
,
"?? ??????, ? ??? ???",
,
?? ????? ??????,
,
?? ???? ???????,
,
,
????.  ? ? ???? ????,
,
?? ????? ??????,
,
???? ?? ???? ???????,
,
,
? ? ???? ?? ??,
,
?? ????? ??????,
,
?? ???? ???????,
,
,
????.  ? ? ???? ?? ??,
,
?? ????? ???????,
,
?? ???? ???????,
,
,
,
,
,
,
???? ? ???? ????,
,
?? ????? ??????,
,
?? ???? ???????,
,
,
,
?? ???? ??? ???.,
,
?? ????? ??????,
,
??? ??? ??? ??? ??? ??????,
,
,
,
??? ???? ????,
??? ?? ?? ?????,
,
,
??? ?? ??? ? ? ??? ? ?????,
,
?? ????? ??????,
,
,
,
? ? ???? ?? ??,
,
?? ????? ??????,
,
,
,
? ?? ??? ??? ? ??????,
,
"???? ???, ??? ??????",
,
,
,
,
,
? ???? ? ??????,
,
?? ??? ??? ?? ?? ? ???.,
,
,
,
,
,
,
,
,
,
??? ?? ? ? ????,
???? ??? ???,
??? ? ?? ????,
???? ???? ??? ?????.,
??? ?? ??????,
??? ??????,
???? ?????.,
??? ?????,
?????,
?? ???? ???,
???? ????? ?? ?????.,
???? ?????? ?? ????,
,
????? ???? ?? ?????,
???? ???? ??? ??? ????,
????? ?????? ?? ??????,
?????,
???? ???? ??? ????,
,
,
?? ???? ????? ?? ????,
?? ???? ????,
?? ? ?????.,
???? ?????,
??? ??? ????,
"??, ?? ???? ??? 4? ????",
????? ???? ??? ?????.,
?????,
??? ??? ? ??????,
,
?? ??? ?????? ??? ?????.,
,
,
,
???? ??? ?????.,
??? ?? ???????,
?? ???? ?????,
????? ????????? ????,
???? ??????,
,
?? ????? ??? ???? ????,
?? ???????? ????? ????????? ??? ?????,
,
,
?? ???? ???? ???? ???? ?????.,
,
?????? ????? ??? ? ?? ?????,
???? ???? ???? ?? ???????,
????? ?????,
,
?? ?????? ??? ??? ?????,
,
,
??? ????,
????? ?????,
???? ? ??? ????,
?? ??? ?????.,
? ??? ?? ??????,
109? ?? ??????,
,
???????? ??? ? ? ?????,
,
??? ??? ?? ???? ??????,
??? ??????.,
??? ???? ?????,
?? ?????.,
??? ??? ????,
?? 9??? ????? ???? ??????,
? ?? ??? ?????,
,
?? ??? ???? ???? ?? ?????,
??? ???????,
,
,
??? 3??????,
????? ?? ?????,
????? ??? ?? ?? ?????.,
???? ????,
?????,
??? ??? ???,
,
????????? ???????,
,
,
??? ??? ?????,
???? ??? ?????,
?????,
????? ??????,
????? ??????,
?? ? 3?? 50??? ???????,
,
???? ?????????.,
,
???????? ??? ?????.,
,
????? ???? ??? ??? ????,
??? ????,
?????,
KTX???,
????? ??????? ??? ??????,
??? ????,
??? ?????? ???,
???? ??? ??? ??????,
1???? ?? ?? ??? ??????,
????? ??? ??? ????,
1? 15? ?? ?? ?????,
?????????? ????? ??? ????,
?? ? ??? ??????,
????? ?? ?? ?????,
??? ??????,
,
?????. ??? ???? ????,
???? ??? ????. ??? ?? ??????.,
,
,
,
?? ?? ????????,
???? ????,
??? ????,
??? ?????,
,
?? ????? ??? ?????.,
?????? ????? ?? ?? ??? ?????.,
,
,
???????? ?????????,
?????? ????? ????,
??????,
??? ???????,
,
,
??? ??????.,
?????? ?? ????. ??? ?????,
,
???????.,
???? ?????,
??? ???? ??????,
??? ????,
???? ??? ????,
?? ???? ??? ??????,
,
????? ??????? ?????.,
,
??? ????,
?????? ?????? ??? ????????,
??? ?????,
??? ?????,
,
??????? ????? ???? ??? ??? ????,
?? ???.. ??? ??? ????,
,
???? ?? ??? ????.,
???? ????? ??? ????? ?????.,
,
,
????? ??? ????,
??? ????,
??? ?????,
??? ???? ??? ???,
??? ?? ???????,
??? ?? ????????,
???? ?? ????? ????,
,
? ???? ?? ?????.,
? ???? ?????,
2???? ?????,
??? ????,
?????? ???? ??? ????,
??? ??? ?? ????,
??? ? ? ???,
,
??????????? ????? ??? ????,
,
?? ??????,
????? ???????? ??????,
?????,
????? ?????? ???? ???,
?? ?? ???? ?????,
?? ??? ????,
?? ????? ????,
,
?? ????? ????????? ????.,
??? ????,
?? ?? ?????.,
?? ??????,
??????,
??? ??? ????,
?? 9??? ?? ????,
??? ?????,
???????? ??? 7?????,
,
?? ??? ????.,
??????? ?? ?? ????,
?? ?????,
?? ??? ????,
????? ??? ? ????,
??? ?????.,
KT&G???? ?????,
00??? ??? ????? ????,
??? ????? ????,
,
?????. ?? ?????.,
???????? ???? ?? ?????.,
,
????? ???? ???????,
??? ???????,
???? ??? ???,
??????? ????? ????,
????? ????? ?? ???????,
??? ?? ?????,
,
??? ?? ???????? ????.,
?? ???? ??? ? ? ?? ???.,
,
???? ??? ?????.,
????? ??????,
??????? ?????? ????,
?????? ??? ????,
?? ??????,
,
,
??????????,
??????? ?????? ??? ??????,
,
,
,
??? ??????,
?? ????? ?????,
???? ????? ????,
??? ????? ?????,
??? ?????,
????? ??? ????? ??? ??? ?????,
???????? ??? ??????,
,
?????.????? ??????,
?? ??????? ?????? ??? ????,
,
,
,
brt? ??? ??? ????????,
?. ?? ?? ??? ????,
?? ?????,
??? ??????,
brt?? ??? ?????,
,
??? ???????? ??? ??????,
,
,
??? ?? ??? ????,
???? ??? ????,
????? ?? ?????,
????? ?????,
??? ?? ????? ???????? ?????? ??????,
?? ??? ????,
?? ??? ?????? ????,
,
,
???? ????? ??? ???,
,
? ? ??? ?????,
????? ? ??????,
??? ?????,
????? ???????,
???? ????? ????,
??? ?????,
??? ?????,
,
???? ???? ????? ???????,
,
??? ??????,
??? ??????,
?? ?? ??????,
,
?? ??? ?????,
?????,
??? ? ?????,
??? ???? ??? ??? ????,
???? ???? ?? ??? ???????,
,
,
,
??? ?? ??? ????,
?? ?????,
??? ??????,
??? ? ?????,
,
????? ??????,
,
,
?? ?????? ????? ??? ?????,
,
,
,
,
,
??????? ?????,
?? ??? ?????,
???? ???? ??? ??????,
??? ?????? ?? ???? ??? ????,
,
,
,
,
?????? ?????,
,
????? ???? ????,
,
??????. ???? ????? ????????,
,
,
,
,
,
??? ?????,
??? ????? ??? ?????,
?????,
,
?? ??? ??????? ???????,
,
,
????? ??????,
,
????? ?????,
??? ??? ????,
?? ???? ?????? ??? ?…,
???? ?? ???? ??????,
?? ??? ?????????? ??? ????..,
???? ???? ??? ?????,
,
,
,
,
????????? ??? ??? ?? ??? ????? ???? ??????? ?????? ???????,
????? ?? ??? ?? ?????,
,
,
,
??? ???? ??? ???,
??? ????,
,
????? ????? ??? ?????,
,
,
????? ?????,
,
,
,
???? ?????? ??? ????,
????????,
??? ??? ????,
,
??????.????? ???? ??? ????????,
?? ??? ? ??? ?????,
,
,
,
???????? ???? ???? ??????,
?????? ??????,
,
,
???? ??? ??????,
??? ???? ??? ????,
,
??? ????? ????? ?????????? ????? ?????,
,
,
,
,
??? ??? ??????,
?? ???????? ????? ?????,
,
???? ???? ????,
????? ??IC? ??? ??? ???,
,
????? ? ??? ???? ?????????,
,
,
?? ????? ?????? ?????? ??????,
,
?????? ??? ???,
????? ?????????,
,
????? ??? ??? ?????,
,
???????????,
?? ?? ?????? 1??? ??????? ????? ??????,
?????????,
,
,
,
,
,
?????? ????? ?????,
,
,
,
??????. ?? ?????? ?????????,
,
??? ???????,
??????? ?????,
???? ???? ????????,
??????? ???? ??????,
??????? ???????,
,
,
??? ??????,
,
???? ?? ?? ?? ?? ????,
??? ???? ????,
??? ??????,
?? ?? ??????,
? ?? ?? ??? ??? ?? ??????,
? ??? ????,
??? ??????,
??? ???? ? ??????,
,
? ?? ???? ??? ??? ???????,
,
???? ?? ?? ?? ?? ????,
??? ? ???????,
????? ??? ???,
,
? ?? ??????,
,
"??? ??? ??? ????? ??? ????, ????? ???? ?????",
??? ? ?? ??????,
,
????? ??? ?? ?? ? ? ???,
,
,
????? ???? ??? ??? ?? ??????,
990? ?? ??? ??????,
??? ?? ????? ???? ?????,
? ???? ??? ?? ????????,
???? ???? ????,
?????? ????,
,
?? ????? ??????,
????? 10:30?? ????? ??????,
?????? ? ??? ?????,
,
???? ???? ??? ?? ?? ???? ??????,
??? ?? ????? ??? ?? ???? ???? ?????,
,
??? ?????,
????? ?? ?? ?????,
? ?????. KTX?? ????? ????,
??? KTX? ?????,
? ????. ?? ?? ???? ????? ?????,
,
?? ??? ??? ????? ???? ? ????,
,
?? ???? ?? ????? ??? ??? ??? ????? ??? ????.,
,
? ?? ?? ????? ???? ? ????,
? ????? ?? ???? ?? ??? ????,
??? ??? ?? ?? ??????,
?? ???????..??? ?? ???? ??? ???,
???????? ?? ??????..,
?? ??? ?? ???? ???? ???,
?? ?? ???? ???????? ? ??? ???? ? ? ?????,
???? ??????,
,
???? ???? ????? ?? ????.,
,
,
,
?? ????????,
??? ??? ?????,
????? ??? ????,
?? 1?? 26??? ?? 18?????,
? ?? ??? ????,
???????? ???,
? ? ???? ?????,
,
,
,
,
,
??? ????????,
?? ???? ????????,
?? ??? ??? ????,
? ???? ?????? ??? ????,
,
????? ?????? ???????,
,
,
,
?? ??? ???? ? ????,
????? ?? ????,
???? ?????,
?? ???? ??? ????? ?????,
?? ??? ??? ????,
????? ???? ????????,
? ? ???? ?? ??,
,
?? ????? ??????,
,
?? ???? ???????,
,
,
??????.,
,
?? ????? ?? ??????,
,
?? ???? ???????,
,
,
?? ? ??? ???,
,
?? ????? ??????,
,
?? ???? ???????,
,
,
??? ??? ?? ???,
,
?? ????? ??????,
,
?? ???? ???????,
,
,
? ? ???? ?? ??,
,
?? ????? ??????,
,
?? ???? ???????,
,
,
??????.,
,
?? ????? ?? ??????,
,
?? ???? ???????,
,
,
"?? ??????, ? ??? ???",
,
?? ????? ??????,
,
?? ???? ???????,
,
,
????. ? ? ???? ????,
,
?? ????? ??????,
,
???? ?? ???? ???????,
,
,
? ? ???? ?? ??,
,
?? ????? ??????,
,
?? ???? ???????,
,
,
????. ? ? ???? ?? ??,
,
?? ????? ???????,
,
?? ???? ???????,
,
,
,
,
,
,
???? ? ???? ????,
,
?? ????? ??????,
,
?? ???? ???????,
,
,
,
?? ???? ??? ???.,
,
?? ????? ??????,
,
??? ??? ??? ??? ??? ??????,
,
,
,
??? ???? ????,
??? ?? ?? ?????,
,
,
??? ?? ??? ? ? ??? ? ?????,
,
?? ????? ??????,
,
,
,
? ? ???? ?? ??,
,
?? ????? ??????,
,
,
,
? ?? ??? ??? ? ??????,
,
"???? ???, ??? ??????",
,
,
,
,
,
? ???? ? ??????,
,
??????,
??? ????? ?????,
,
,
,
????? ?????,
,
,
? ? ??? ??? ??? ????,
,
?????.,
,
,
,
?? ???? ???? ? ? ??????,
?????? ??????,
??? ?????,
??? ?????,
????? ??? ????,
,
?????? ??? ??????,
??? ???? ???,
? ??????,
????? ?????,
?? ??????,
??? ? ? ? ????,
,
?????? ?? ?? ?????,
?????? ?? ??????,
????? ?????,
??? ????,
?????? ???? ?? ??????,
??? ?? ??????,
???? ?? ?????,
?? ???? ?? ??????,
??? ???? ??????,
,
??????,
,
,
,
,
??? ???????,
,
??? ??? ?????,
,
,
??? ??????,
??? ?????,
,
??? ??? ????? ???? ?????? ?? ????? ?? ???????,
,
,
,
?? ???,
,
,
,
??? ?? ? ? ?????,
,
??? ????? ??? ??????,
,
"?????, ??? ??? ???? ?????",
??? ??? ??????,
???? ?????,
??? ??? ? ???? ??? ? ? ?????,
,
???? ?? ?? ????,
,
,
?? ???? ?????,
,
,
,
,
,
,
,
,
,
,
,
,
???? ?? ????? ?????,
,
,
,
,
,
,
,
,
,
,
,
,
,
,
?? ????? ?????,
,
????,
,
,
,
,
,
,
,
,
,
,
,
,
?? ????? ?????,
,
,
,
,
,
,
,
,
,
,
,
,
,
,
?????.,
?? ??? ????? ?? ??????.,
?? ?????? ??? ??????,
,
,
,
,
,
,
,
,
,
,
,
,
,
?? ????? ?????,
??? ?? ?? ?????.,
?? ?? ??????.,
,
,
,
,
,
,
,
,
,
,
,
,
?? ????? ?????!,
,
,
,
,
,
,
,
,
,
,
,
,
?????.,
??? ???? ????.,
??? ??????,
,
,
,
,
,
,
,
,
???? ? ??? ???????,
,
???? ??????,
????? ?? ???.,
,
,
????????,
??? ????,
??? ??? ????,
,
?? ?? ?????,
,
???? ??? ??? ??? ?????,
,
,
??? ??? ???,
????? ?????,
?????,
???? ??????,
??? ????,
,
??? ????,
,
"?? ???, ???, ??? ??? ????. ??? ??? ????",
???? ??? ????? ??? ?????.,
,
??? ??? ???? ?????.,
????? ????? ??? ???,
,
?????,
????? ?????,
?????,
,
?? ??? ????,
??? ?? ??? ?? ???.,
,
,
???? ????? ????? ??? ???,
??????,
??? ????,
?? ?????,
,
???? ? ???,
?? ?? ??? ?????,
,
??? ???. ?? ??? ????,
????? ?? ????,
??? ????,
?????,
??? ??? ????,
????? ??? ?????,
???????,
???? ? ? ?????,
?? ?? ?? ???.,
????? ?? ??? ?? ????,
? ?????,
,
???? ?? ??????,
?? ???? ??????,
????? ?? ??? ??????,
??? ???,
??? ? ????? ?????,
,
,
???? ???? ??????,
,
??????,
???? ??????,
?????,
?????,
???????,
,
? ??? ????,
??? ?? ?????,
??? ?? ?? ?? ????,
???????,
???? ?? ??? ????,
??????????,
??? ? ??? ????,
? ???? ??????,
?? ??? ???? ??? ?? ????,
???,
,
,
????? ?? ?????.,
??? ?????? ?????,
?? ??????? ?????? ????? ?? ???. ?? ?????,
????? ? ?????,
,
,
,
??? ???. ??? ????,
??????,
??? ??? ?? ??????,
????? ???? ????? ??????,
???? ?????,
???? ?????,
?????,
???? ????????,
??????,
????? ??? ???? ????,
?? ??? ?????,
??? ?? ??????,
,
??? ????? ??? ????? ?????,
?? ???? ??? ????,
??? ?? ???? ?????,
??? ? ? ????,
,
??????,
?????,
10???? ???? ? ? ????,
??? ? ????,
,
,
?????? ??????? ?????,
,
??? ????,
????? ?? ??????,
???????,
?????,
??????,
??????????,
??????,
??? ?????,
??? ? ??? ??????,
????? ????? ?? ???.,
,
"???, ?? ???? ??? ????",
?? ?? ???? ???? ?? ??????,
,
?? ? ??? ?? ?????,
?? ?? ??? ???? ? ??? ?????,
,
?? ?? ??? ?????,
?? ?? ?? ?? ??? ?? ?? ??? ?? ???.,
,
"?? ???? ?? 5633? ??, ?? ??? ?????.",
?? ?? ?? ??? ??????? ? ? ????,
,
"? ? ???, ??? ??? ????.",
?? ?? ?? ????? ??? ?? ??? ???????,
,
,
?? ?? ???????? ?? ??? ????.,
,
,
,
,
,
,
???? ?? ??? ?? ??? ??????,
,
? ???? ?? ?? ??? ?? ??? ? ????,
?? ???? ?? ?? ?? ?? ? ?????.,
,
,
,
"?, ?? ?????? ?? ?? ?? ??? ????",
"?? ?? ?? ?????, ????? ????? ??? ?????.",
???? ???????? ?? ?? ??? ?? ????,
,
??? ?? ???? ? ????? ????,
? ???? ?? ?? ??? ?????.,
?? ??? ?? ?? ??? ??? ????,
????? ?? ??? ?????.,
?? ?? ??? ?? ????? ?? ? ??? ?????,
?? ? ?? ?? ?? ?? ??? ?????,
,
"?, ????, ????? ??? ?? ????",
? ??????? ????? ?? ?? ?? ? ???.,
,
,
"?, ?? ????? ??????? ??? ??? ?????",
?? ????? ???? ????. ?????????,
,
,
,
,
"?, ????, ??? ???? ????",
?? ?? ??? ?????? ?? ??? ????,
?? ??? ?? ??? ? ??? ?? ????,
?? ?? ?? ?? ?? ????????,
?? ??? ?? ??? ?? ?????,
??? ?? ????? ?? ?? ??????.,
,
,
"?, ?? ?? ????? ??? ????",
?? ???????,
?? ?????,
?? ?? ??? ???? ??? ?????,
,
??????? ??? ?????? ??? ????,
"?, ?? ??? ??? ?????",
????? ???????? ?? ??? ????.,
,
,
?????. ?? 507?? ?? ?????,
,
"???, ?? 507? ???? 507? ?? ??? ??????",
?? ?????.,
,
,
507?? ???? ??????,
,
??????? ????? ?? ?? ??? ????.,
,
,
,
"????, ?? 05?? ?? ????? ??? ????",
?????,
??????? ????? ?? ?? ??? ????,
?? ?????,
?? ? ?? ??? ? ?????,
??????? ??????? ?? ?? ??????.,
,
,
,
?????. ?? ?? ???? ??????,
"???, ?? ?? ?? ??? ????",
?? ??? ??? ????,
?? ??? ?????,
151? ?? ???? ??????,
"?? ? ? ????, 151? ?? ?? ??? ????",
?? ?? ?? ?? ?? ??? ???? ??? ????,
,
,
,
"?, ???? ??? ?????",
,
?? ?? ???? ???? ?? ?? ?????,
?? ?? ???? ??? ?? ????,
,
,
?? ??? ?????.,
? ?? ???? 507?? ????? ???,
507? ???? ?? ??? ? ?????,
???????? ????????? ?? ? ?????.,
??? ??? ?????,
?? ?? ??? ????,
,
"?? ????, ??? ?? ?? ??? ?????.",
????? ???? ??????,
,
?????? ?????? ?? ? ?????.,
,
,
,
???? ?? ???? ???? ??? ????,
"?? ??? ?? ???, ?? ???? ???? ?? ?????.",
?? 2??? ????? ???,
??? ??? ?????,
?? ? ?? ?????,
,
???? ???? ?? ??? ?? ????.,
,
,
,
BRT 1OOO? ?? ??? ??????,
????? ????? ? ?? ??? ????,
,
????? ??? ??. ?????????? BRT? ????,
?? ???? ???????,
? ????? ??????????? ?? ????,
????? ????? ??? ????,
,
,
,
,
,
,
,
????? ????? ??? ??? ????,
,
,
,
???? ???? ????? ?????,
,
??? ??? ??????,
????? ??? ??? ??? ???? ?????,
????? ???? ???? ??? ????,
???????? ??????.,
,
,
,
,
,
,
,
,
,
???????? ??????.,
,
,
,
,
,
,
???? ?? ??????,
????? ????????? ???????,
???? ??? ? ????,
???? ???? ??? ?? ????.,
,
,
???? ???? ?????,
,
??? ??? ??? ??? ?? ??????,
???? ??? ???????,
,
??????????,
?? ???? ??? ????,
??? ????,
???? ?????? ?? ??? ??????,
,
,
??? ??? ????,
????? ktx?? ??? ?? ????,
,
????? ???? ??? ??? ?????,
??? ???? ????? ????? ??? ????,
??? ??????.,
???? ???? ??? ?? ????.,
,
,
?? 8? ??? ????,
9? 15??? ??? ????,
??? ??? ????,
?????? ???? ????? ??????,
??? ??? ? ???,
?? ??? ? ? ????,
??? ?? ? ????,
????? ????? ?? ??? ?? ????.,
????  ???? ????,
,
???? ??? ?? ?????,
,
,
???? ??? ??????,
??? ??????,
??? ?? ??? ?????,
????? ??? ?????? ??? ??????,
?????? ? ??? ??? ????,
???? ???? ?? ??? ?? ????.,
,
,
???? ????,
??? ?? ??? ??????,
?? ??? ????,
????? ??????,
??? ???? ??? ?????,
??? ??????,
,
???? ????? ??? ????,
,
,
???? ????,
??? ?? ??? ??????,
?? ??? ????,
????? ??????,
??? ???? ??? ?????,
??? ??????,
,
????? ??? ??? ????,
,
,
,
?? ?? ??? ????,
???? ????,
??? ?? ?????,
??? ?? ??? ?????,
??? ?? ??? ??????,
????? ???????? ??? ????,
,
,
,
?? ?? ??? ????,
???? ????,
??? ?? ?????,
??? ?? ??? ?????,
??? ?? ??? ??????,
???? ???? ??? ?? ????.,
,
,
???? ???? ?????,
,
??? ??? ??? ??? ?? ??????,
???? ??? ???????,
,
??????????,
?? ???? ??? ????,
??? ????,
???? ?????? ?? ??? ??????,
,
,
??? ??? ????,
????? ktx?? ??? ?? ????,
,
????? ???? ??? ??? ?????,
??? ???? ??? ????? ??? ????,
,
????? ??? ?????? ??? ?????,
???? ????,
???? ? ?? ??? ????,
???? ??? ?????,
???? ??? ??? ?????,
??? ????? ???? ??????,
??? ????? ??? ??? ????,
??? ???????,
????? ??? ??????,
,
????? ??? ????,
,
,
,
?? ??? ? ? ?????,
,
????? ??? ?????,
??? ???? ????,
??? ??? ?? ? ?????,
?????? ??? ??? ???? ??? ?????,
,
???? ???? ????? ??????.,
,
,
,
???????,
??? ??? ???,
??? ????,
???? ?????.,
,
???? ?? ??? ????,
,
?? ???? ????,
?? ????? ?? ????,
??? ? ? ????,
???? ?? ???????,
??? ???? ??? ?? ??????,
?? ???? ?? ????,
,
,
???? ?????? ????? ????? ?????,
,
,
,
?? ??? ??????,
????? ????? ? ?? ??? ????,
,
????? ??? ?????,
???? ??????? ?????? ? ?????,
???? ??????? ??? ????,
,
,
,
????? ???????,
????? ????? ? ?? ??? ????,
,
?? ??? ????? ????,
360?? ??????????,
????????? ????? ???????,
,
,
,
??? ??? ????,
????? ????? ? ?? ??? ????,
,
?? ????? ??????? ????? ??????,
,
??????? ??????,
????? ??????,
????? ??????? ????? ??????.,
??? ???? ?????,
??????? ??????,
?? ??? ??????,
???? ???? ????? ??????.,
,
,
???? ???? ?? ?????,
???? ????? ??? ??????.,
,
,
??? ??? ?????,
?? ??? ??????,
???? ????? ?? ????? ??????.,
,
??? ??????,
???? ???? ????? ??????,
,
,
??? ?????,
? ???? ?? ?????,
???? ??? ????,
???? ??? ?????,
??????? ????? ?? ??? ??????,
???? ??? ?????,
??? ??????,
????? ????? ?? ??? ??????.,
????? ??? ?????,
??? ??? ??????,
????? ????? ?? ??? ??????,
????? ??? ?????,
??? ???? ??????,
???? ????? ?? ??? ??????.,
,
????? ??????,
????? ??? ?????,
???? ???? ??? ??????.,
,
,
??? ??? ?????,
??? ??????,
???? ???? ??? ??????.,
,
,
??? ??? ?????,
?? ??? ??????,
???? ???? ??? ??????.,
,
,
??? ??? ?????,
??? ??????,
???? ???? ??? ??????.,
,
,
??? ??? ?????,
??? ??????,
??? ??????,
???? ???? ??? ??????.,
,
,
??? ??? ?????,
??? ??????,
??? ??????,
????? ??? ???? ??? ??????.,
,
,
??? ??? ?????,
??? ??????,
??? ??????,
???? ???? ??? ??????.,
,
,
??? ??? ?????,
???? ??? ??????,
??? ??????,
????? ????? ??? ??????.,
,
,
??? ??? ?????,
???? ??? ??????,
??? ??????,
????? ????? ??? ??????.,
,
,
??? ??? ?????,
??? ??????,
??? ??????,
???? ???? ??? ??????.,
,
,
??? ??? ?????,
??? ??????,
??? ??????,
???? ???? ??? ??????.,
,
,
??? ??? ?????,
??? ??????,
??? ??????,
???? ???? ??? ??????.,
,
,
??? ??? ?????,
??? ??????,
??? ??????,
???? ???? ??? ??????.,
,
,
??? ??? ?????,
??? ??????,
??? ??????,
???? ???? ??? ?? ??? ???? ??????,
,
,
??? ??? ?????,
??? ??? ??? ?? ??? ?????,
???? ?????,
???? ????? ??? ??????.,
,
,
??? ??? ?????,
??? ??????,
??? ??????,
???? ???? ??? ??????.,
,
,
??? ??? ?????,
??? ??????,
??? ??????,
????? ????? ??? ??????.,
,
,
??? ??? ?????,
??? ??????,
??? ??????,
????? ????? ??? ??????.,
,
,
??? ??? ?????,
??? ??????,
??? ??????,
????? ????? ??? ??????.,
,
,
??? ??? ?????,
??? ??????,
??? ??????,
????? ????? ??? ??????.,
,
,
??? ??? ?????,
??? ??????,
??? ??????,
????? ????? ??? ??????.,
,
,
??? ??? ?????,
??? ??????,
??? ??????,
????? ????? ??? ??????.,
,
,
??? ??? ?????,
??? ??????,
??? ??????,
????? ????? ??? ??????.,
,
,
??? ??? ?????,
??? ??????,
??? ??????,
???? ????? ??? ??????.,
,
,
??? ??? ?????,
??? ??????,
??? ??????,
????? ????? ??? ??????.,
,
,
??? ??? ?????,
??? ??????,
??? ??????,
????? ????? ??? ??????.,
,
,
??? ??? ?????,
??? ??????,
??? ??????,
???? ???? ??? ??????.,
,
,
??? ??? ?????,
??? ??????,
??? ??????,
???? ???? ??? ??????.,
,
,
??? ??? ?????,
??? ??????,
??? ??????,
???? ???? ??? ??????.,
,
,
??? ??? ?????,
??? ??????,
??? ??????,
????? ???? ??? ??????.,
,
,
??? ??? ?????,
??? ??????,
??? ??????,
????? ???? ??? ??????.,
,
,
??? ??? ?????,
??? ??????,
??? ??????,
???? ???? ??? ??????.,
,
,
??? ??? ?????,
??? ??????,
??? ??????,
???? ???? ??? ??????.,
,
,
??? ??? ?????,
??? ??????,
??? ??????,
???? ???? ??? ??????.,
,
,
??? ??? ?????,
??? ??????,
??? ??????,
????? ????? ??? ??????.,
,
,
??? ??? ?????,
??? ??????,
??? ??????,
????? ????? ??? ??????.,
,
,
??? ??? ?????,
??? ??????,
??? ??????,
????? ?????? ??? ??????.,
,
,
??? ??? ?????,
??? ??????,
??? ??????,
????? ????? ??? ??????.,
,
,
??? ??? ?????,
??? ??????,
??? ??????,
???? ????? ??? ??????.,
,
,
??? ??? ?????,
??? ??????,
??? ??????,
???? ???? ??? ??????.,
,
,
??? ??? ?????,
??? ??????,
??? ??????,
???? ???? ??? ??????.,
,
,
??? ??? ?????,
??? ??????,
??? ??????,
?? ????? ??????? ????? ?????,
,
??????? ?????,
????? ?????,
????? ??????? ????? ?????.,
??? ???? ?????,
??????? ?????,
?? ??? ?????,
???? ???? ????? ?????.,
,
,
???? ???? ?? ????,
???? ????? ??? ?????.,
,
,
??? ??? ????,
?? ??? ?????,
???? ????? ?? ????? ?????.,
,
??? ?????,
???? ???? ????? ?????.,
,
,
??? ????,
? ???? ?? ????,
???? ??? ???,
???? ??? ????,
??????? ????? ?? ??? ?????.,
???? ??? ????,
??? ?????,
????? ????? ?? ??? ?????.,
????? ??? ????,
??? ??? ?????,
????? ????? ?? ??? ?????,
????? ??? ????,
??? ???? ?????,
???? ????? ?? ??? ?????.,
,
????? ?????,
????? ??? ????,
???? ???? ??? ?????.,
,
,
??? ??? ????,
??? ?????,
???? ???? ??? ?????.,
,
,
??? ??? ????,
?? ??? ?????,
???? ???? ??? ?????.,
,
,
??? ??? ????,
??? ?????,
???? ???? ??? ?????.,
,
,
??? ??? ????,
??? ?????,
??? ?????,
???? ???? ??? ?????.,
,
,
??? ??? ????,
??? ?????,
??? ?????,
????? ??? ???? ??? ?????.,
,
,
??? ??? ????,
??? ?????,
??? ?????,
???? ???? ??? ?????.,
,
,
??? ??? ????,
???? ??? ?????,
??? ?????,
????? ????? ??? ?????.,
,
,
??? ??? ????,
???? ??? ?????,
??? ?????,
????? ????? ??? ?????.,
,
,
??? ??? ????,
??? ?????,
??? ?????,
???? ???? ??? ?????.,
,
,
??? ??? ????,
??? ?????,
??? ?????,
???? ???? ??? ?????.,
,
,
??? ??? ????,
??? ?????,
??? ?????,
???? ???? ??? ?????.,
,
,
??? ??? ????,
??? ?????,
??? ?????,
???? ???? ??? ?????.,
,
,
??? ??? ????,
??? ?????,
??? ?????,
???? ????? ??? ?????.,
,
,
??? ??? ????,
??? ?????,
??? ?????,
???? ????? ??? ?????.,
,
,
??? ??? ????,
??? ?????,
??? ?????,
???? ???? ??? ?????.,
,
,
??? ??? ????,
??? ?????,
??? ?????,
????? ????? ??? ?????.,
,
,
??? ??? ????,
??? ?????,
??? ?????,
????? ????? ??? ?????.,
,
,
??? ??? ????,
??? ?????,
??? ?????,
????? ????? ??? ?????.,
,
,
??? ??? ????,
??? ?????,
??? ?????,
????? ????? ??? ?????.,
,
,
??? ??? ????,
??? ?????,
??? ?????,
????? ????? ??? ?????.,
,
,
??? ??? ????,
??? ?????,
??? ?????,
????? ????? ??? ?????.,
,
,
??? ??? ????,
??? ?????,
??? ?????,
????? ????? ??? ?????.,
,
,
??? ??? ????,
??? ?????,
??? ?????,
???? ????? ??? ?????.,
,
,
??? ??? ????,
??? ?????,
??? ?????,
????? ????? ??? ?????.,
,
,
??? ??? ????,
??? ?????,
??? ?????,
????? ????? ??? ?????.,
,
,
??? ??? ????,
??? ?????,
??? ?????,
???? ???? ??? ?????.,
,
,
??? ??? ????,
??? ?????,
??? ?????,
???? ???? ??? ?????.,
,
,
??? ??? ????,
??? ?????,
??? ?????,
???? ???? ??? ?????.,
,
,
??? ??? ????,
??? ?????,
??? ?????,
????? ???? ??? ?????.,
,
,
??? ??? ????,
??? ?????,
??? ?????,
????? ???? ??? ?????.,
,
,
??? ??? ????,
??? ?????,
??? ?????,
???? ???? ??? ?????.,
,
,
??? ??? ????,
??? ?????,
??? ?????,
???? ???? ??? ?????.,
,
,
??? ??? ????,
??? ?????,
??? ?????,
???? ???? ??? ?????.,
,
,
??? ??? ????,
??? ?????,
??? ?????,
????? ????? ??? ?????.,
,
,
??? ??? ????,
??? ?????,
??? ?????,
????? ????? ??? ?????.,
,
,
??? ??? ????,
??? ?????,
??? ?????,
????? ?????? ??? ?????.,
,
,
??? ??? ????,
??? ?????,
??? ?????,
????? ????? ??? ?????.,
,
,
??? ??? ????,
??? ?????,
??? ?????,
???? ????? ??? ?????.,
,
,
??? ??? ????,
??? ?????,
??? ?????,
???? ???? ??? ?????.,
,
,
??? ??? ????,
??? ?????,
??? ?????,
???? ???? ??? ?????.,
,
,
??? ??? ????,
??? ?????,
??? ?????,
?? ????? ??????? ???? ? ?????.,
,
??????? ?????,
????? ?????,
????? ??????? ???? ? ?????.,
??? ??? ?????,
??????? ??????,
?? ??? ?????,
???? ???? ???? ? ?????.,
,
,
???? ???? ?? ????,
???? ????? ?? ? ?????.,
,
,
??? ??? ?????,
?? ??? ????,
???? ????? ?? ???? ?????.,
,
??? ????,
???? ???? ????? ?????.,
,
,
??? ?????,
? ???? ?? ????,
???? ?? ???,
???? ??? ?????,
??????? ????? ?? ??? ?????.,
???? ??? ?????,
??? ????,
????? ????? ?? ?? ?????.,
????? ??? ?????,
??? ??? ????,
????? ????? ?? ??? ?????.,
????? ??? ?????,
??? ???? ?????,
???? ????? ?? ??? ?????.,
,
????? ?????,
????? ??? ?????,
???? ???? ??? ?????.,
,
,
??? ??? ?????,
??? ?????,
???? ???? ??? ?????.,
,
,
??? ??? ?????,
?? ??? ?????,
???? ???? ??? ?????.,
,
,
??? ??? ?????,
??? ?????,
???? ???? ??? ?????.,
,
,
??? ??? ?????,
??? ?????,
??? ?????,
???? ???? ??? ?????.,
,
,
??? ??? ?????,
??? ?????,
??? ?????,
????? ??? ???? ??? ?????.,
,
,
??? ??? ?????,
??? ?????,
??? ?????,
???? ???? ??? ?????..,
,
,
??? ??? ?????,
???? ??? ?????,
??? ?????,
????? ????? ??? ?????.,
,
,
??? ??? ?????,
???? ??? ?????,
??? ?????,
????? ????? ??? ?????.,
,
,
??? ??? ?????,
??? ?????,
??? ?????,
???? ???? ??? ?????.,
,
,
??? ??? ?????,
??? ?????,
??? ?????,
???? ???? ??? ?????.,
,
,
??? ??? ?????,
??? ?????,
??? ?????,
???? ???? ??? ?????.,
,
,
??? ??? ?????,
??? ?????,
??? ?????,
???? ???? ??? ?????.,
,
,
??? ??? ?????,
??? ?????,
??? ?????,
???? ????? ??? ?????.,
,
,
??? ??? ?????,
??? ?????,
??? ?????,
???? ????? ??? ?????.,
,
,
??? ??? ?????,
??? ?????,
??? ?????,
???? ???? ??? ?????.,
,
,
??? ??? ?????,
??? ?????,
??? ?????,
????? ????? ??? ?????.,
,
,
??? ??? ?????,
??? ?????,
??? ?????,
????? ????? ??? ?????.,
,
,
??? ??? ?????,
??? ?????,
??? ?????,
????? ????? ??? ?????.,
,
,
??? ??? ?????,
??? ?????,
??? ?????,
????? ????? ??? ?????.,
,
,
??? ??? ?????,
??? ?????,
??? ?????,
????? ????? ??? ?????.,
,
,
??? ??? ?????,
??? ?????,
??? ?????,
????? ????? ??? ?????.,
,
,
??? ??? ?????,
??? ?????,
??? ?????,
????? ????? ??? ?????.,
,
,
??? ??? ?????,
??? ?????,
??? ?????,
???? ????? ??? ?????.,
,
,
??? ??? ?????,
??? ?????,
??? ?????,
????? ????? ??? ?????.,
,
,
??? ??? ?????,
??? ?????,
??? ?????,
????? ????? ??? ?????.,
,
,
??? ??? ?????,
??? ?????,
??? ?????,
???? ???? ??? ?????.,
,
,
??? ??? ?????,
??? ?????,
??? ?????,
???? ???? ??? ?????.,
,
,
??? ??? ?????,
??? ?????,
??? ?????,
???? ???? ??? ?????.,
,
,
??? ??? ?????,
??? ?????,
??? ?????,
????? ???? ??? ?????.,
,
,
??? ??? ?????,
??? ?????,
??? ?????,
????? ???? ??? ?????.,
,
,
??? ??? ?????,
??? ?????,
??? ?????,
???? ???? ??? ?????.,
,
,
??? ??? ?????,
??? ?????,
??? ?????,
???? ???? ??? ?????.,
,
,
??? ??? ?????,
??? ?????,
??? ?????,
???? ???? ??? ?????.,
,
,
??? ??? ?????,
??? ?????,
??? ?????,
????? ????? ??? ?????.,
,
,
??? ??? ?????,
??? ?????,
??? ?????,
????? ????? ??? ?????.,
,
,
??? ??? ?????,
??? ?????,
??? ?????,
????? ?????? ??? ?????.,
,
,
??? ??? ?????,
??? ?????,
??? ?????,
????? ????? ??? ?????.,
,
,
??? ??? ?????,
??? ?????,
??? ?????,
???? ????? ??? ?????.,
,
,
??? ??? ?????,
??? ?????,
??? ?????,
???? ???? ??? ?????.,
,
,
??? ??? ?????,
??? ?????,
??? ?????,
???? ???? ??? ?????.,
,
,
??? ??? ?????,
??? ?????,
??? ?????,
?? ????? ??????? ???? ? ???,
,
??????? ????,
????? ????,
????? ??????? ???? ? ???.,
??? ??? ???,
??????? ????,
?? ??? ????,
???? ???? ???? ? ???.,
,
,
???? ???? ?? ???,
???? ????? ?? ? ???.,
,
,
??? ??? ???,
?? ??? ????,
???? ????? ?? ???? ???.,
,
??? ????,
???? ???? ????? ???.,
,
,
??? ???,
? ???? ?? ???,
???? ??? ??,
???? ??? ???,
??????? ????? ?? ??? ???.,
???? ??? ???,
??? ????,
????? ????? ?? ?? ???.,
????? ??? ???,
??? ??? ????,
????? ????? ?? ??? ???.,
????? ??? ???,
??? ???? ????,
???? ????? ?? ??? ???.,
,
????? ????,
????? ??? ???,
???? ???? ??? ???.,
,
,
??? ??? ???,
??? ????,
???? ???? ??? ???.,
,
,
??? ??? ???,
?? ??? ????,
???? ???? ??? ???.,
,
,
??? ??? ???,
??? ????,
???? ???? ??? ???.,
,
,
??? ??? ???,
??? ????,
??? ????,
???? ???? ??? ???.,
,
,
??? ??? ???,
??? ????,
??? ????,
????? ??? ???? ??? ???.,
,
,
??? ??? ???,
??? ????,
??? ????,
???? ???? ??? ???.,
,
,
??? ??? ???,
???? ??? ????,
??? ????,
????? ????? ??? ???.,
,
,
??? ??? ???,
???? ??? ????,
??? ????,
????? ????? ??? ???.,
,
,
??? ??? ???,
??? ????,
??? ????,
???? ???? ??? ???.,
,
,
??? ??? ???,
??? ????,
??? ????,
???? ???? ??? ???.,
,
,
??? ??? ???,
??? ????,
??? ????,
???? ???? ??? ???.,
,
,
??? ??? ???,
??? ????,
??? ????,
???? ???? ??? ???.,
,
,
??? ??? ???,
??? ????,
??? ????,
???? ????? ??? ???.,
,
,
??? ??? ???,
??? ????,
??? ????,
???? ????? ??? ???.,
,
,
??? ??? ???,
??? ????,
??? ????,
???? ???? ??? ???.,
,
,
??? ??? ???,
??? ????,
??? ????,
????? ????? ??? ???.,
,
,
??? ??? ???,
??? ????,
??? ????,
????? ????? ??? ???.,
,
,
??? ??? ???,
??? ????,
??? ????,
????? ????? ??? ???.,
,
,
??? ??? ???,
??? ?????,
??? ????,
?????? ??? ?? ??? ????.,
,
,
,
?? ?? ??? ??? ???? ?????,
,
,
?? ????? ??????????,
????? ????? ??? ???.,
,
,
??? ??? ???,
??? ????,
??? ????,
?????? ???? ?? ??? ???.,
,
,
,
?? ?? ??? ??? ???? ????,
,
,
?? ????? ?????????,
?? 11? ???? ??? ??? ??? ??? ?? ??? ??? ??? ????,
,
????? ????? ??? ???.,
,
,
??? ??? ???,
??? ????,
??? ????,
????? ????? ??? ???.,
,
,
??? ??? ???,
??? ????,
??? ????,
????? ????? ??? ???.,
,
,
??? ??? ???,
??? ????,
??? ????,
???? ????? ??? ???.,
,
,
??? ??? ???,
??? ????,
??? ????,
????? ????? ??? ???.,
,
,
??? ??? ???,
??? ????,
??? ????,
????? ????? ??? ???.,
,
,
??? ??? ???,
??? ????,
??? ????,
???? ???? ??? ???.,
,
,
??? ??? ???,
??? ????,
??? ????,
???? ???? ??? ???.,
,
,
??? ??? ???,
??? ????,
??? ????,
???? ???? ??? ???.,
,
,
??? ??? ???,
??? ????,
??? ????,
????? ???? ??? ???.,
,
,
??? ??? ???,
??? ????,
??? ????,
????? ???? ??? ???.,
,
,
??? ??? ???,
??? ????,
??? ????,
???? ???? ??? ???.,
,
,
??? ??? ???,
??? ????,
??? ????,
???? ???? ??? ???.,
,
,
??? ??? ???,
??? ????,
??? ????,
???? ???? ??? ???.,
,
,
??? ??? ???,
??? ????,
??? ????,
????? ????? ??? ???.,
,
,
??? ??? ???,
??? ????,
??? ????,
????? ????? ??? ???.,
,
,
??? ??? ???,
??? ????,
??? ????,
????? ?????? ??? ???.,
,
,
??? ??? ???,
??? ????,
??? ????,
????? ????? ??? ???.,
,
,
??? ??? ???,
??? ????,
??? ????,
???? ????? ??? ???.,
,
,
??? ??? ???,
??? ????,
??? ????,
???? ???? ??? ???.,
,
,
??? ??? ???,
??? ????,
??? ????,
???? ???? ??? ???.,
,
,
??? ??? ???,
??? ????,
??? ????,
????? ???? ??????,
,
,
,
743m? ??? ?????,
????? ??? ????,
?? ? ????? ??? ???,
????? ??? ?????,
??? ??? ??? ????,
,
??? ???? ?? ?? ?? ???? ???.,
"?? ???? ??? ? ?? ???, ??? ? ???",
??? ??? ????,
"?, ?? ? ?? ? ???? ?? ?? ??????",
?? ??? ?? ?? ???? ?? ?? ??????,
??? ?? ???? ?????,
"?, ?? ?? 50? ?? ?? ???? 50? ?? ?? ?? ???????",
?? ????? ?????,
"??? ?? ? ????, ???? ??????",
,
??? ?? ? ????????,
,
,
?? ???? ????,
?????,
?? ???? ??? ????,
????? ? ? ??????,
????? ??? ??????,
?? ??? ??????,
,
??? ???? ????? ??? ???,
,
,
?? ?? ???? ???? ?? ? ? ??????,
?? ? ??????,
"?? ???, ???? ?????",
,
,
??? ????,
,
???? ??? ???? ??? ?? ??????,
,
??? ???? ?????,
,
????? ?? ???? ????,
???? ???? ? ??? ???,
,
?? ???? ? ???? ? ????,
,
?????. ? ?? ? ????,
,
?????. ??? ???? ?? ??????.,
????? ????? 15??? ?? ???? ???.,
?? ?? ??????,
"????, ???? ??? ?????",
?? ?? ?? ????? ????,
,
,
"?, ?? ???????",
?? ???????,
,
,
???? ??? 2? ??? ??? ??? ????.,
,
,
? ?? ??? ??????,
????? ? ?????,
"?, ?? ???????",
,
????? ????? ?? ??????,
"??, ?? 2? ?? ??????",
??? ?? ? ? ?? ??????,
,
??? ???? ??? ????. ??? ??? ????,
,
,
"?, ? ? ?? ? ?? ?????",
????? ?? ?? ??????,
? ??????,
,
"?, ??? 3???? ?? ?? ????",
"?, ?? ???? ?? ?? ? ?? ??? ????",
,
"??? ?? ????? ????, ??????",
?? ??????,
6? ???? ???? ? ????,
1?? ? ?? ?? ??????,
,
? ??? ?? ??? ?? ? ?? ?? ????,
"?, ? ??? ?? ????",
??? ???? ????,
,
,
?????. ?? ??? ?? ?? ? ???? ????,
"?? ?? ?????? ?????, ??? ??? ??????.",
,
,
,
?? ??? ????,
?? ? ???? ? ????,
? ?? ??????,
,
? ? ??????,
?? ? ? ????,
?? ????? ? ? ???? ????.,
????? ??? ?? ? ???,
??????? ? ?? ??? ?? ??????,
,
"?, ??? ????",
??? ??? ??????,
???? ?????,
??? ? ??? ???,
??? ??? ????,
,
????? ?? ????? ?? ? ? ?????.,
,
???? ????? ????,
"?, ???????",
,
??? ??????,
??? ?? ????,
?? ?????,
?? ??? ????,
???? ? ?????,
,
?????. ?? ??? ???? ????,
"????? ??? ???, ???? ?????",
,
,
"?, ? ? ???????",
?? ??? ??????,
"?, ??? ????",
,
?? ?? ?? ??????,
,
?? ???? ??? ??? ??? ???? ? ? ?????,
,
,
?? ??????,
"?, ????? ?? ??????",
??? ?????,
?? ?? ??? ??? ????? ?? ???,
"?, ?? ??? ??? ? ? ?????",
,
? ?? ?? ??????,
,
"?? ?? ???, ???, ????? ?? ????.",
??? ??? ??? ?????,
,
"?, ?? ???? ?? ??? ??????",
????? ????? ?? ??? ???,
,
??? ????,
?????? ???? ??? ???,
"?, ??? ????",
,
? ? ?????.,
????? ?? ??? ?? ????.,
,
,
"?, ????? ?? 3?? ??? ???",
? ? ????,
??? ??????,
"?, ?? ???? ??? ?????",
,
? ??? ????,
?????. ?? ??? ?? ? ?? ?????,
,
?? ?? ????? ????,
"?, ? ? ?????",
??? ?? ??? ?????,
?? ??? ?????,
?? ?? ??? ????,
????? ??????,
"?, ?? ??? ????",
????? ? ? ????,
?????. ?? ??? ?? ??? ????.,
????? ?? ??? ?? ?????,
??? ? ?????,
,
? ??? ?? ?????,
??? ?? ??? ? ??????,
?? ???? ?? ??? ????,
????,
??? ? ?? ?? ????,
,
,
"???? ? ? ??? ???? ???? ????, ??????",
,
?? ?????????,
?? ??? ???? ??? ???????,
?? ??? ??????,
???? ?????,
???? ???? ????,
,
?? ?? ? ???? ? ????,
??? ? ??? ?? ?? ?? ?????,
??? ???? ???? ???? ??? ????,
"?, ?? ???? ???? ???????",
?? ???? ???????,
?? ?? ????? ???? ???? ??? ?? ?? ?????,
? ??? ? ???? ???????,
? ??????,
"?, ??? ??? ???",
? ??????,
,
,
?? ??? ???? ??? ??? ???.,
?????? ??? ??? ? ????,
10?? ?? ??? ???? ????? ??? ??? ??? ??????,
????? ?? ???????,
,
,
,
???? ?? ??? ????????,
?? ?? ??? ?? ??????,
?? ??? ??? ?? ??? ????,
???? ????? ?? ?? ??? ??????,
?? ???? ??? ??????,
????? ?????,
?????,
???? ??????,
???? ?? ??????,
?? ????? ?????? ?? ??????,
??? ???? ??? ????,
?? ?? ???? ?? ???????,
,
??? ???? ?? ?? ???? ??? ????.,
????? ?????,
??? ???? ????????,
?? ????? ??? ? ? ???,
,
???? ??? ????,
?????,
?? ??? ?????,
"?, ?? ?????? ??? ?? ????",
,
? ???? ? ????,
,
?????? ?? ???? ???? ???? ?? ?? ?? ?? ??????.,
,
??? ?????,
"?, ???? ?? ?? ?????",
??? ????? ??????,
??? ? ??? ????,
??? ???? ?????????,
? ? ????,
?? ???? ??????,
?? ?????? ?????,
?????.???? ?? ????? ?? ??? ?? ????.,
??? ?? ??? ???? ???????. ?? ??????,
,
??? ??????,
,
,
,
??? ??? ? ????,
?? ??? ??????,
?? ??? ? ? ?????,
,
?????. ????? ???? ??????,
???? ?????,
,
? ?? ??????,
?? ?? ??? ???? ? ?????,
,
"?, ????????",
??? ??????,
"?, ??????",
???? ??? ????,
,
???? ???? ??? ?? ??????,
,
????,
"?, ?? ? ? ?? ?? ???????",
"?, ??? ?? ?????",
??? ??? ????,
?? 9??? ?? ??? ??? ?? ? ???????,
???? ???? ??? ?? ??????,
? ???? ? ??????,
???? ? ???? ??? ???? ?????,
?????. ??? ????? ?? ? ? ??????.,
? ?? ?? ?? ??? ???? ??? ????.,
?? ????? ?? ? ?????,
???? ?????? ??? ???????,
??? ?? ??? ? ?? ?????,
?? ?? ?? ?? ? ?????,
???? ?? ????,
,
?? ?? ?? ??? ??????,
?? ??????,
?? ? ? ?????,
?????. ?? ????? ???? ??? ??? ??.,
??? ?? ??? ??? ???? ?? ?????,
,
?? ?? ????? ??? ?? ??????,
"?, ?? ????? ?? ????? ???? ????.",
??? ??? ?? ??????,
? ?? ??????? ??????,
????????,
"?, ??? ???? ??? ??? ???? ? ??????",
??? ??? ?????,
,
?? ?? ???? ??????.,
??? ?? ? ?? ?? ??? ?? ?? ? ????.,
,
,
,
"?, ? ???? ?? ?????",
,
?? ?? ?? ?? ?? ??? ????.,
???? ?? ?? ??????.,
,
?? ???? ????? ??????.,
?? ???? ?? ??????,
,
"??? ???? ???, ?? ???? ?? ?????",
? ??????,
???? ?? ????????,
?? ?? ???? ??? ????,
??? ?? ??????,
???? ?? ?? ?? ??????.,
,
,
,
,
???? ? ?? ??? ???????,
??? ???,
???? ??????,
??? ?? ?? ????,
?? ?? ????? ?? ??? ? ? ????,
,
????? ??? ???.,
???? ??? ?????,
,
,
??? ?? ????? ???? ??? ????,
?? ? ??? ??????,
?? ??? ?? ??????,
???? ???? ???????,
? ????? ??? ?????,
,
???? ???? ??? ????.,
,
? ? ????,
????? ?? ?? ???? ???? ????,
??? ??? ??? ? ? ???,
"?, ????? ?? ???????",
??? ??? ????,
,
???? ??? ?? ?? ???? ?????,
,
??????? ????? ??? ????,
,
??? ????,
??????,
??? ??? ????,
???? ????? ??????,
????? SRT??? ???,
????? ???? ????,
?? ??? ????? ?? ????,
,
700? ?? ??? ?? ? ? ????,
,
,
,
"?, 500? ?? ?? ??? ???? ? ?????",
,
,
?? ?? ??? ????? ???? ?? ?? ??????,
???????,
,
?????. ??? ?? ?? ? ? ?????,
,
,
???? ?????,
"?, ???? ?????",
"?, ?? ??? ?? ????????",
,
"?, ?? ? ?? ???? ?? ? ?? ?????",
,
,
?????. ?? ??? ?? ?????.,
??? ????? ??????? ??? ????,
,
???????? ???? ??????,
2?? ?? ???? ?? ? ??????,
??? ??? ????,
??? ??? ????,
??? ????? ?? ?????,
?????? ???????? ??? ? ? ?????,
,
?? ???? ????? ?????? ??????,
,
?????? ???? ? ? ????,
?????,
? ?? ?????,
? ??? ????,
??? ????,
??? ?????,
,
?? ???? ?? ? ?????,
?????. ??????? ?????? ??? ????.,
?? ?? ? ? ?? ?? ? ????????,
??? ??????????,
"????, ?? ??? ??? ?????",
,
?????? ??? ????,
?? ???? ? ?????,
?? ? ??? ?????,
?? ???? ?? ??????,
,
?? ?? ????? ????,
??????? ?????? ??? ???,
,
,
"?, ????? ?? ?? ????",
,
??? ?? ?? ?? ?????,
?? ? ??? ????,
?? ?? ?? ??????,
,
????? ?? ?? ??? ????,
,
??????,
??? ????????,
??? ?????,
,
??? ? ? ?????,
,
??? ? ??? ?????,
1300? ?? ??? ????,
?? ??? ? ? ????,
?????? ??? ?? ?? ?? ? ????????,
,
?? ??? ????,
??? ?? ??? ????????,
????? ???? ? ???,
,
??? ????? ??? ??? ??????,
??? ????????,
,
????? ??????? ??? ???,
,
? ??? ????,
??? ?? ????,
??? ??????,
? ??? ??? ?????,
?? ??? ????,
?? ???? ??????,
????? ??? ???,
,
????? ???? ??? ?? ? ? ????,
,
??? ?????,
???? ?? ??? ??????,
??????? ????? ???,
??? ???? ?????,
?? ???? ?????,
?????? ??????? ???????,
?? ? ??? ??? ????,
?? ?? ??????,
?????? ??? ??? ????.,
,
,
????? ? ? ?????,
???????? ??? ???? ????????,
??? ?????,
???? ?????? ???? ????,
???? ?????? ???,
???? ??? ??????,
??? ?? ?? ??????,
????? ??????? ??? ????.,
?? ?? ?? ? ??? ? ?????,
??? ??????? ?????,
??????? ???????,
704? ???? ??? ???,
???? ?????,
????? ???????? ?????? ???,
??? ??????,
?? ???? ????,
?? ??????,
????? ??? ?? ?? ? ?????.,
,
???? ?? ????,
???? ?????,
??? ??? ??????,
??? ????,
????? ??? ??? ????,
???? ??? ????,
??????,
,
???? ?????? ????? ?????,
,
??? ????,
?? ???? ?????,
?????? ??? ????,
,
?? ???? ??? ????,
,
??? ???? ? ?????,
??? ? ? ?? ?????,
???? ??? ????,
????? ??????? ??????,
,
?????? ???????? ?????,
?????? 3?? ??????,
,
?? ??? ??????,
?????? ???? ??? ??? ?? ??????,
? ?? ??? ??? ???? ?????,
?? ?????? ????? ??????,
??? ????,
,
?????? ??? ?? ?? ? ?????.,
???? ?? ??? ?? ????,
?? ??? ?????,
,
9????,
????? ????? ????????,
?????,
??? ????? ??? ???,
? ?? ??? ????,
?? ???? ??????,
??????? ????? ??? ?? ?????,
,
?? ????? ? ?????,
?? ??????,
,
??? ???????? ?????? ??? ????,
???? ? ??? ???? ????,
???? ??? ? ? ????,
???? ??? ??? ?? ????,
?? ?? ??? ?????,
?????. ??? ????? ???????.,
??? ?? ??? ?? ?? ? ?? ????,
,
,
,
??? ? ??????,
??? ????,
1????? ? ?? ??? ????,
,
,
????? ???? ??? ?????.,
,
???? ?????,
????? ???? ??? ???,
????? ???? ? ? ?? ???? ?????,
????? 4?? ???? ???? ????,
? ??? ??? ??????,
,
??? ??? ?????,
,
,
?????. ??? ???? ??? ????.,
??? ???? ????,
,
????? ??? ? ????,
,
??? ?? ? ? ????,
2?? ?? ??? ????,
??? ???? ? ? ??????,
??? ? ? ?? ??? ???,
???? ?????,
,
????? ?? ??? ?? ????.,
,
,
"?, ??? ????",
??????,
?? ????? ????,
,
"?, ??? ??? ???",
????? ?? ?? ?????,
??? ??? ?????,
????? ???????? ????.,
,
,
1? ????????,
?? 1?? ? ??? ????,
???? ??? ???? ???,
?? ? ??? ??? ??????,
?? ???????,
,
,
?????? ?????? ?? ? ? ? ? ?????,
?. ??? ?????,
?? ??? ????????,
1????? ???? ? ? ????,
? ??? ????,
?? ?? ?? ??????,
????? ???? ??? ?????,
?????????,
,
???? ??? ????,
,
???? ??? ??????,
?? ????? ?? ?????? ??? ????.,
,
,
??????? ???? ??? ???????,
????? ???? ??? ??????,
??? ? ? ??? ???? ?? ?????,
?? ? ?? ?? ? ?????,
,
??? ????,
????? ????? ?? ?? ?? ? ?????.,
,
,
2?? ???? ??? ????,
?????? ?????? ?????,
? ??? ??? ?? ????,
,
??? ??? ????,
? ??? ????,
,
??? ??????? kbs??? ????.,
,
,
,
?? kbs ?? ??? ????,
?? ??? ?????,
??? ????? ????,
,
??? ??? ?? ??? ? ? ?? ?? ?????,
?? ??? ? ? ?? ?? ???? ????,
,
????? ????? ?? ??? ?? ????.,
,
??? ??? ??????,
??? ??? ??????,
????? ?? ?? ??? ?????.,
???? ??? ?????.,
??? ?? ?? ?????? ????,
??? ?? ????? ??? ?????,
????? ??????,
?????? ????? ??????,
????.,
???? ?? ? ??? ????,
?? ?? ??? ????,
,
????? ?????,
???? ?? ?????,
?????? ?? ?????,
BRT ?? ?? ???,
?? ??? ? ?? ? ? ??????,
?? ????,
,
???? ?? BRT? ???? ???? ??? ???,
???? ???? ??????,
,
,
KTX?? ???  ????,
???? ?????,
,
??? ????,
11? 2?? ??? ???? ?? ????,
,
????? ??????? ?? ???? ????.,
,
,
,
???? ??? ????,
??? ?????,
??? ??? ???????,
????? ????? ??????,
?? ?????,
,
,
?? ??? ??? ?? ? ? ? ????,
,
,
,
,
,
"?, ???? ? ?? ????? ?????.",
,
???? ????,
??? ?????.,
"?, ??? ???? ?? ?????",
???? ??? ??? ?? ?? ? ? ????,
,
,
,
,
?????? ??? ?? ??? ????,
??????,
,
??? ? ???? ???,
?????? ??? ?????,
??? ?????,
????? ???? ?? ????,
????? ?? ???? ????,
,
,
,
,
??? ??????,
??? ??? ?????,
1001? ???? ???????,
,
,
???? ??? ??? ??? ???? ?? ????,
,
,
,
,
?? ??? ?????,
,
,
,
?? ?? ?? ???,
,
710?? ???? ????.,
???? ??? ????,
,
"?, ?? ??? ??? ????",
?????,
??? ?????,
,
???? ???? ???,
???? ????,
???? ??? ????,
10??? ?? ???? ????,
"?, ???? ?? ?? 10????",
????? ?? ?? ?? ????,
???? ??? ?????,
,
???? ??? ????,
,
,
???? ? ? ????,
??? ?? ??? ? ? ? ?????,
??? ?? ??? ????,
3? ??? ????,
???? ?? ??????,
???? ?????,
???? ?? ????,
?? ??? ??? ?? ???,
??? ?? ?? ?? ????,
,
???? ? ?? ???,
?? ?? ?? ????,
,
,
,
116? ?? ??? ???,
,
????? ?????,
,
,
????? ???? ??? ????,
???? ??????,
"?, ???? ?? ?? ? ??????",
???? ??? ?? ?? ????,
?? ????,
????? ?? ?? ?? ??? ??? ????,
,
?? ???? ????,
???? ???? ????,
??? ?? ??? ?????,
????? ??? ????? ?????,
,
??? ?? ??? ??? ????,
??? ? ?? ????.,
,
,
????? ?? ??? ???,
,
,
,
107??,
,
??? ???,
600M? ??? ?????,
,
?? ??? ??? ???,
"?, ??? ?????? ?? ?? ???",
?? ??? ???,
,
,
?? ?? ???? ???????? ?????,
????? ??????,
?? ??? ??? ????? 211? ?? ?? ???,
??????? ??? ????,
,
?? ? ??? ???.,
?? ?? ?? ?????,
,
,
,
108?? ???? ????,
?? ????? ????,
????,
?? ???? ? ?? ????,
10?? 20? ????,
MBC???? ??? ????,
???? ??? ????,
,
,
,
,
618????,
?? ????,
,
"?, ?????.",
?? ??? ??????,
,
,
,
,
???????,
???? ??????,
??? ?? ? ? ????,
?? 311? ?? ???? 603??? ???? ??? ???,
,
????,
?? ?? ? ? ??? ???? ??? ?????,
"? ,???? ??????",
,
,
,
,
????? ???? ????,
,
503???,
?? ??? ?????,
,
,
KTX? ???? SRT? ????,
????,
?????? ??? ????.,
"?, ????",
,
?? ?? ?????,
,
,
????? ??? ?? ?? ????,
,
?? ???? ?? ?? ??? ????,
??? ????? ???? ????,
?? ?????? ???? ??? ?????,
?????? ?? ?????,
?? ?? ?? ?? ?????,
?? ?????,
30? ???,
,
??? ? ?? ??? ?????,
,
??? ????,
,
??? ?????,
,
311? ?? ?? ????,
??? ?? ??? ????,
??????,
??? ? ??? ????,
,
105? ? ??? ?????,
105? ??? ??? ????,
,
????,
"?, ??? ??? ? ??? ?????",
,
,
30?? ??????,
?? 105? ?? ??? ?????,
?? ?? ?? ??? ?? ?????.,
,
,
?? ??? ?? ????,
,
,
,
?? ?? ????,
,
???? ?? ?????? ? ?????,
,
,
,
???.,
"?, ??? ???  ?????",
???? ? ???? ?????,
???? ? ?????,
??? ? ?????,
,
,
???? ??? ?? ?? ??  ????,
501????,
??? ????,
,
?? ??? ?? ? ?? ?? ????.,
??? ?? ?? ??? ?????,
,
??????,
??? ????,
,
????? ?? ?? ????,
????? ????,
????? ???? ????? ??? ?????,
????? ?? ??? ???.,
,
?? ?? ? ?????.,
??? ?? ??????,
??????.,
,
?????,
,
???? ???,
?????,
703? ?? ???  104??? ???? ?????,
???? ??????? ??? ??????.,
,
,
,
BRT 1001? ?? ??? ??????,
????? ????? ? ?? ??? ????,
,
????? ??? ??. ????? ?? ????? ?????,
?? ????? ? ???? ????,
,
???? ???? ????? ?? ????.,
,
,
,
?? ??? ??? ????,
????? ????? ? ?? ??? ????,
,
?? ??? ??????,
???? ???????,
,
???? ???? ??? ?? ????.,
,
,
,
??? ??? ????,
????? ????? ? ?? ??? ????,
,
??? ??? ????? ? ?? ?????,
??? ??? ? ??????,
,
???? ???? ??? ?????? ????????,
,
,
,
??? ??? ????,
????? ????? ? ?? ??? ????,
,
????? ??? ?????,
?????? ??? ????,
,
???? ???? ????? ??????.,
,
,
,
??? ??????,
????? ????? ? ?? ??? ????,
,
"????? ???? ????,??? ??? ????",
????????? ???????,
,
???? ??? ?? ????? ??????,
,
,
,
BRT 990? ?? ??? ??????,
????? ????? ? ?? ??? ????,
,
????? ???? ?????? ????,
??? ???? ?? ????? ???? ??????,
,
??????? ????? ????? ??????.,
,
,
,
??? ??????,
????? ????? ? ?? ??? ????,
,
????? ??? ????? ?? ????? ??1? ??? ????,
????? ?? ??? ???? ????????,
,
??????? ???????? ??? ??????.,
,
,
,
BRT 1000? ?? ??? ??????,
????? ????? ? ?? ??? ????,
,
704?? ?? ??? ?????? ????,
?? ?? 704?? ?????? ????,
,
?????~ ???? ?????? ??? ??????.,
,
,
,
831??? ??? ??????,
????? ????? ? ?? ??? ????,
,
????? ??? ? ??? ????,
???? ?? ??? ?????,
,
????? ?????? ??????.,
,
,
,
??? ??????,
????? ????? ? ?? ??? ????,
,
?????? ????? ???? ?????,
?? ???? ???????,
,
"???? ??? ?? ??? ??????,",
,
,
,
??? ???? ?? ?????,
"??????, ????? ??? ?????.",
,
????? ???? ? ???? ????,
??? ????? ? ? ?????,
,
????? ????? ????? ?? ????.,
,
,
,
??? ???? ????????.,
????? ????? ? ?? ??? ????,
,
?? ????? ????? ?????,
?? ???? ???????,
,
??????? ??? ??? ?? ????? ??????.,
,
,
,
??? ???????,
????? ????? ? ?? ??? ????,
,
???? ??? ????,
??? ??? ??????,
,
?????. ??? OOO???. ??? ???????,
,
,
,
??????????,
?????,
????? ????,
???? ??????,
????? ??? ?????,
????? ??? ?????,
,
???? ???? ??? ????? ????????,
,
,
,
??? ??????,
????? ????? ? ?? ??? ????,
,
????? ??? ??.????? ???? ???? ? ? ?????,
?? ???? ???? ????? ??????,
,
????? ???? ??? ????? ????????,
,
,
,
??? ???? ? ? ?????,
????? ????? ? ?? ??? ????,
,
??? ?? ?? ??? ak? ?? ? ? ?????,
???? ??? ?? ??? ????,
,
????? ??? ?? ????? ??????.,
,
,
,
??? ???????,
????? ????? ? ?? ??? ????,
,
???? ??? ??? ?? ??? ?????,
?? ???????,
,
???? ???????? ????? ??? ??????,
,
,
,
BRT 1000? ?? ??? ??????,
????? ????? ? ?? ??? ????,
,
???? ?? ?? ??? ??????,
????? ??? ???? ? ? ?????,
,
????? ???? ????? ??????.,
,
,
,
??? ???? ? ? ????,
????? ????? ? ?? ??? ????,
,
???????? ??? ?? ???? ????,
??? ? ????? ?????,
,
???? ????? ????? ?? ????.,
,
,
,
???????? ??? ????,
????? ????? ? ?? ??? ????,
,
?????? ?? ? ? ?? ?? ????,
?? ??? ???? ???? ? ??? ? ? ????,
,
"????? ???????? ?? ?? ????,",
,
,
,
??? ??? ??? ????,
????? ????? ? ?? ??? ????,
,
????? ??? ???????,
????? ??? ???? ? ? ?????,
,
???????? ?? ?????.,
,
,
,
??? ? ? ?????,
????? ????? ? ?? ??? ????,
,
??????? ????? ???? ???? ???????,
??? ??? ??? ??? ???,
,
????? ??? ??? ??? ??????.,
,
,
,
?????? ??????,
????? ????? ? ?? ??? ????,
,
?????? ????,
???? ?? ????? ??????? ? ? ?????,
,
???? ??????? ??????.,
,
,
,
?????? ??? ????,
????? ????? ? ?? ??? ????,
,
????? ??? ???? ??????.,
????? ??? ???? ???? ? ????,
,
???? ????? ?? ?? ?? ???? ?? ????.,
,
,
,
????? ??? ????,
????? ????? ? ?? ??? ????,
,
????? ??? ????? ?????? ?? ???? ?????? ??? ???????,
???? ???? ??? ?????,
,
????? ????????? ??????.,
,
,
,
??? ???? ? ? ?????,
????? ????? ? ?? ??? ????,
,
???????? ?? ???? ????? ??? ??? ? ? ?????,
?? ???? ?????,
,
?? ??? ???? ????,
,
,
,
????? ????? ????,
,
?? ? ?? ?? ? ??????,
??? ?????,
,
????? ?? ?? ??? ? ?? ??? ?????,
???? ?? ?? ?????.,
,
,
21??? 990? ? ?? ????? ??????,
,
?? ? ? ?? ?? ? ??? ?? ?? ?????? ??????,
,
??? ? ??? ??? ????,
????? ????? ??? ???????,
,
,
????? ????? ?????? ??? ? ? ????,
,
,
ktx?? ?? ??????,
???? ?????????,
,
????? ?? ??????,
????? ??????? ?????,
,
?? ??????? ?? ????,
,
????? ??? ? ?????.,
,
? ????. ??? ??? ?????,
? ?? ???? ?????. ??? ??????,
? ??? ??????,
?????? ????,
??? ????? ?????,
??? ??? ????,
? ??? ????????,
?? ????? ?? ??? ? ???? ??? ???? ?? ??? ????,
?? ????? ???? ????????. ????? ? ????,
,
??? ?? ? ? ????,
,
,
,
,
,
???? ????? ?? ????,
???? ?????.,
,
???T ???? ????? ??? ??????,
,
?? ???? ??? ?? ?? ??? ????????,
?? ??? ??? ????,
???? ?? ?? ?? ??? ??????,
? ???? ???????? ???? ??? ? ? ????,
?????? ?? ??? ????? ??????,
???? ???? ?? ? ????,
?? ????? ????? ??? ???? ????? ?? ??? ????,
,
???T ????? ?? ???????,
,
?? ?????? ?????????,
??? ? ??? ??? ? ????,
9? ???? ??? ?????,
?? ?? ??? ??? ?????? ?? ?? ??????,
??? ???? ??????,
,
,
?? ??? ??? ??? ? ????,
,
???? ?? ??????.,
??? ??? ???? ??????,
??? ??? ?? ??? ??? ????,
???? ???? ??? ??? ??????,
,
?? ??? ?? ? ?? ????,
????? ?? ? ? ????,
?????? ??????,
?? 6? ???? ?? ??? ??? ???????,
?? ?? ??? ???? ?? ????? ??? ?? ????,
,
??? ??? ? ??? ????.,
,
,
,
,
,
,
??? ??????,
,
???? ??????,
?? ????? ???? ?????,
,
?? ?? ??? ? ?? ?? ??? ?????.,
,
,
?. ????? ???? ???? ?? ????,
,
,
?? ??? ? ??? ?????? ??? ??? ? ??? ?????.,
,
,
?????? ???? ???? ?? ??? ???? ???? ???? ????????,
,
????? ???? ????,
,
??? ? ?? ??? ??????,
???? ? ?  ?????,
?????,
,
,
???? ???? ??? ????,
??? ??? ???????,
,
??? ??? ??????? ???? ???? ?? ??????? ?? ?????.?? ????,
?????? ?? ? ?????????? ??? ?? ? ??? ??????,
??????? ???? ??? ?? ??????,
?? ????? ???? ??? ??? ? ?????,
?? ???? ?? ?????? ?? ??? ?? ??????,
?? ?? ?? ?? ???? ???? ???? ?? ??? ???? ? ?? ???????? ??? ???? ??????,
,
?. ?? ???? ??? ????,
???? ??? ??? ?? ? ? ????,
???? ????? ?? ?? ? ????,
?? ???? ??? ???.,
,
,
,
,
?? ???? ?? ?? ??????,
?. ? ??? ?????. ???? ????? ??? ??? ??? ????? ??????,
?? ??? ? ????? ?? ???? ????? ??????,
,
,
"? ??? ? ??? ????? ?????, ???? ? ???????",
,
,
???? ? ?? ?????,
??? ????,
,
?? ??? ?????? ?? ? ?? ? ???,
,
? ??? ??? ?????? ??? ????,
????? ? ?? ?????,
,
21? ?? ????? ??????.,
,
?? ? ?? ???? ???????,
???? ??? ???? ???? ? ??? ? ? ????,
,
?? ??? ??? ??? ??? ?????? ??? 21? ??? ????,
? ? ???? ?? ????,
??? ??????,
?? ??? ??? ??? ? ?????,
? ??? ??????,
????? ?????? ??? ??? ?????.,
,
,
1?? ??? ????? ??????,
?? ?? ? ? ??? ???????,
??? ?? ? ? ????,
9??? ??? ????,
9??? ??? ?? ????? ?????,
????? ????,
?????? ???? ??? ??? ??? ????,
?? ?? ??? ???? ??? ?? ??? ????.,
,
???? ??????,
,
???? ???,
?? ???? ? ????,
?? 500? ????????,
,
???? ???? ??? ?????.,
??? ??? ??? ? ????,
,
SRT? KTX ??? ????,
SRT? ????? ?????,
SRT? ????? ? ? ????,
,
SRT???? ??? ???? ????????,
?? ????? KTX? SRT???? ??? ? ???,
SRT? KTX ? ?? ??? ??? ? ????,
16?? ???????? ? ?? ?? ????? ??? ?????,
????? ??? ????,
,
,
?? ??????? ?????? ???? ??????,
????? ????,
???????,
????? ?? ??????,
,
?? ???? ???? ???? ?? ??? ?? ?????,
?????? ??? ??????,
?? ??? ??? ????,
????? ??? ????,
?? ??? ????? ???? ????????,
,
?? ??? ??? ????? ??? ?? ?? ??? ??? ???? ?? ?? ??? ????.,
,
???? ??????,
?? ?? ???? ?? ????? ??? ?? ?? ?????,
?? ? ??? ???,
??? ? ????? ?? ????? ? ????,
"??? ????, ???? ??? ?? ?? 1??? ??? ??? ? ??????",
?? ??? ?? ?? ??? ????? ?????,
,
??? ??? ??? ? ? ????,
,
202? ?? ?? 20??? ?? ?????,
?? ???,
,
???? ??????,
???? ?? ?? ???? ??????,
?? ????? ? ??? 205? ????? ???????,
?? ??? ?? ??? ?????????,
?? 202? ?? ???? ??? ???????,
,
?? ??? ??????,
,
???? ?? ???.,
???? ????? ???? ?????. ??????? ??? ??? ?? ??????,
? ??? ?????? ?????,
,
,
,
??? ???????,
,
???? ????? ???? ????????,
,
????????? ?????? ??? ? ? ????,
,
???? ?? ??????,
105? ??? ?? ????,
,
?? ???? ???? ???? ?????,
?? ?? ????? 2700?????,
,
?? ???? ??? ????,
,
???? ????? ?? ? ??? ??? ??? ?? ?????,
,
????? ??? ??? ??? ????? ?????,
,
"??, ?? ?? ??? ?? ???? ???? ?? ??? ?????",
??? ???? ????,
??? ???? ??? ???? ?????,
,
"??? ???? ?????, ??? ?? ? ? ????",
???T ??? ?????????,
?? ???? ? ?????? ??? ????,
,
,
?? ??? ??? ? ????,
,
,
,
?? ??? ????????,
,
,
,
? ?? ??? ??? ??????,
????? ???? ??? ???? ??? ? ? ????,
??? ???? ????,
???? ? ? ?????,
??? ??? ???????,
??? ?? ? ? ??? ?? ?? ????,
,
??? ?????,
??? ????? ??????,
,
????? ?? ?????? ????,
??? ?????????,
???? ?? ???? ? ?????.,
,
,
??? ????????,
BRT? ????,
113?? ?? ??????,
?? ?????? BRT? ????? ????,
???? ??? ? ?????,
,
?? BRT ????? ??? ???????,
???? ???? ?? ? ?????.,
,
,
,
KTX?? ????? ??? ????,
??? ?????,
??? ????,
??? ??? ????,
??? ??? ??? ??? ??????,
SRT? ?? ??????,
????? ????? ?? ?? ????,
,
? ? ?? ?? ????,
? ? ??? ????,
?? ?? ?? ??? ???????,
??? ? ??? ?????,
??? ?? ??? ????,
?? ????? ??? ????,
,
????? ????? ?? ?????,
,
??? ???? ????? ??? ????,
,
,
?? ????,
?.. ???? ? ??????? ????,
?? ? ? ??? ???? ????,
"? ? ??? ? ?? ??, ?? ????",
????? ?? ?? ? ?? ? ?????,
???? ??? ??? ? ????,
?? ?????,
???? ?? ???? ?? ?? ? ?????.,
??? KTX ??????,
"?????? ???? ????, ????? ?????",
,
???? ??? ???? ??? ??? ????,
? ??? ????,
,
? ???? ??? ??? ??? ???? ??? ???? ??? ????,
,
?????? ????? ??? ????,
"? ??? ??? ? ??? ????, ?? ?? ?? ?? ??? ??? ? ??????.",
??? ?? ? ??? ?????? ??????,
?? ???? ??? ???? ???? ? ? ?? ??? ?????.,
,
????? ???? ?? ???? ??? ?????,
,
"?? ??? ???? ? ?????, ???? ????? ??? ????",
,
?? ????? ???? ????? ????? ???? ?????,
????? ???? ??????,
,
??? ????? ??? ?? ?? ?????. ?? ?????.,
? ? ??????,
??? ????,
???? ? ????,
?? ?????? ????? ????,
101? ?? ???? ????? ?? ? ?????,
?????????? ???? ????? ???????,
,
?? ???? ???????,
,
,
???? ?? ?? ?? ????,
,
?? ??? ??? ????,
? ??? ?????,
,
?? ???? ?? ?? ? ? ????,
? ??? ??????,
,
???? ??? ?? ????,
,
????? ?? ??? ??? ? ? ?? ????,
,
???? ?? ?? ?? ?? ??????.,
,
,
????? ?? ??????. ??? ? ?? ??????,
??? ???? ? ????,
?? ????,
?? ????? ?? ??? ? ? ????? ???,
,
??? ??? ????,
????? ?????,
,
??? ???? ?? ??? ???.,
,
,
,
??? ?? ??? ?????? ?? ??? ?? ?? ?????..,
,
?? ?? ????? ??? ??? ??? ?? ????,
??? ??? ????,
,
? ?? ??? ??? ???? ? ???? ???? ??? ????? ????.,
,
????? ???? ?? ??? ?????.,
??? ? ? ????,
????? ????,
?? ??? ???????,
??? ?????,
,
?? ???? ????,
,
?? ??? ???? ? ??????,
?? ?? ????? ??? ???? ???? ????????,
???? ???? ?????,
????? ?????? ??? ?? ?? ????,
?? ????????,
?? ?? ?? ?? ??? ????,
???? ??????,
???? ???? ? ? ????,
??? ?? ??? ?????,
????? ?????? ?? ????,
??? ? ? ??? ???????,
,
,
????? ?? ?? ? ?????.,
,
,
,
? ??? ?????,
???? ??? ??????? ?? ????? ? ????.,
??? ????? ? ? ??? ??? ?????.,
???5????? ????? ??? ?????,
,
????? ????? 211? ??? ?? ???,
,
?? ??? ????? ???.,
??? ?? ?? ?? ? ???? ? ????,
,
,
,
,
??? ?? ? ? ????,
,
?? ? ??? ??? ??? ????,
,
????? ????? ?? ??? ?????,
??? ?????,
? ????? ??? ? ?? ?????,
? ????? ????,
,
??? ?? ?????,
,
?? ?? ?? ? ? ?? ??? ? ?????,
,
? ?? ?????,
,
????? ???? ?? ?? ?? ??????.,
?? ??? ??????,
?? ????? ??? ???? ?? ?????? ??????,
?? ???? ???? ???? ????? ??? ??????,
?? ??? ????? ????????,
,
,
?? ?? ?? ????,
????? ????,
,
,
??????? ??????? ??? ??? ????,
?? ??? ? ? ???,
??? ?? ?????? ??? ?? ?? ? ???????,
,
??? ??????,
? ??? ?????,
?????? ?????? ??? ????,
?? ????? ?????? ? ? ?????,
,
,
??? ??? ?? ?????? ?? ??? ???? ????,
,
"?? ???? ????, ?? ?????? ???? ????? ??? ?? ????? ?????",
,
??? ??? ????,
,
,
,
??? ??? ???????,
,
??????? ??? ?? ??? ?????.,
,
,
? ?? ??? ??????,
?? ? ????????,
???? ?????,
????,
"? ??. ????? ?????? ? ??????, ?? ?? ?????",
??? ?? ??? ??? ????,
,
?? ??? ?? ?? ????,
,
???? ???? ??? ??????,
,
?? ?????? ??? ?? ?? ????,
? ? ???? ??????,
,
,
,
???? ???? ?????,
,
????? ?? ??? ??? ?? ?? ?? ????,
,
,
?? ??? ?? ????????,
?? ??? ???? ????,
?? ????? ??? ?? ??? ?????,
? 6??? ????????,
???? ???? ? ???? ??? ???? ???????.,
?? ??? ????,
,
???? ?? ? ??? ??????,
?? ? ?? ?? ??????,
??? ????? ???? ??????,
???? ?? ??? ? ? ?? ????,
501? ?? ??? ??? ?? ????,
,
???? ?? ??? ?? ??????,
,
?.. ? ?? ?? ????,
,
?? ??? ?????.,
,
,
,
?. ????????? ???? ???? ????? ????,
???? ???? ? ??? ?? ?? ?? ???,
,
"?? ?? 11???? ??? ?????, ? ??? ??????",
,
?. ??? ????,
?? ?? ? ??????.,
,
,
,
,
????? ????,
,
,
,
????? ????????,
,
?? ???? ?? ?? ?? ?? ?? ????,
???? ? ?? ?? ????,
,
? ?? ?? ????,
,
?. ?? ?? ???? ??????,
"?.. 11? ??? ????, ??? ????",
,
?? 8?20? ? ????? 7? 20?? ??? ??? ??? ? ????,
,
,
???? ???? ???? ?????.,
???? ???????,
,
???????,
KTX???,
???? ??? ???? ????,
?? ?? ?? ?????,
?????. ? ??????,
?? ??? ??? ????,
?? ???? ??? ??? ? ? ????,
?? ???????,
??? ???? ???? ??????,
??? ?????,
?? 5? ?? ?? ?????.,
6? 44? ? ??? ????,
???? ?? ?????.,
??? ??????,
?? ??????,
???????? ?? 5? ?? ?????.,
??????????,
??? ????,
?????? ???????? ?? ?????.,
,
?? ?? ?? ?? ??? ??????,
,
???? ???? ?????,
??? ??? ??????,
???? ???,
??? ???? ???????,
?? ???. ???? ??? ????,
,
???? ????? ??? ?? ?? ????,
???? ????????,
??? ??? ???,
N61??? ???? ?????,
??? ???? ?????,
????? ?? ??? ??? ?????.,
?? ?? ?????,
? ???? ?? ?????,
,
,
????????? ??? ?? ???? ??????.,
,
? ???? ????,
??? ???? ??? ???? ??? ????,
??? ????,
??? ??? ????,
??? ?????? ????,
???? ???? ?????,
,
?? ?? ? ????.,
??????? ??? ???? ? ??????,
?? ?? ?? ????????,
?? ???? ?? ? ?????.,
??? ????,
,
??? ????? ????,
,
?? ???? ??????? ????? ? ? ?????,
,
?? ??????,
???????????? ???? ??????,
12:55? ?? ??????,
? ??? ????,
?????? ??? ????,
??? ?????,
??? ??? ????,
,
????? ??? ??? ?????? ? ? ?????,
??? ???????,
,
,
??? ?????,
1???? ??????,
????????? ??????? ??? ????,
?? ???? ???? ????,
?? ???? ?? ???? ?????.,
?????,
,
????? ?? ???? ????? ?????.,
,
,
?? ?? ??????,
??? ?????,
???? ???? ??? ??? ?????,
??? ????? ????,
????? ?? ??? ????,
??????? ??? ?????,
,
,
?? ??? ????,
??? ????,
????? ????? ??? ?????.,
,
??? ????,
???? ?? ? ?????.,
,
????? ????? ?? ?? ? ?????.,
,
,
,
????? ??????,
????????? ??????? ??? ???,
??? ????,
??? ?? ???????,
?? ???? ???? ??? ????,
,
???? ???? ????,
?? ?? ?? ???? ????? ?? 2? ??? ? ????,
??????,
??? ?????,
????? ?????,
????? ??? 70? ??????,
???? ??? ??? ???,
???? ?????,
??????,
?? ????,
???? ?? ?????.,
???? ??? ????? ??? ??? ?????.,
,
,
???? ?? ?????,
????????,
??? ????,
???? ?????,
?? ??? ????,
,
??? ? ??? ???? ?????,
?? ?????. ?? ???? ?????,
,
,
??? ?? ?? ????? ????? ??? ?????,
???? ??? ???????,
?????? ???? ??? ????? ??????,
??? ?? ?? ?? ? ? ?? ??? ????,
????? ????????,
,
???? ?????? ?? ??? ?????.,
??? ??????,
??? ?????,
?? ???? ????? ?? ????????,
??? ??? ?????,
????. KTX???,
?????? ???? ????,
??? ????? ?????.,
???? ??? ????????? ??? ?? ????,
???? ?????,
??? ??? ?? ?? ? ???.,
,
,
??? ?? ??????,
,
,
?? ?? ???? ???????,
,
,
??? ??? ?? ???? ?? ? ????,
,
,
,
,
,
??? ? ? ?????,
???? ? ? ?????,
,
???? ??? ?? ????…,
???? ? ? ?????,
,
?? ???? ???,
,
??????,
?????? ??? ?? ?????,
???? ???? ???????,
,
???????? ??? ????,
??? ????????,
?? ??? ???? ?? ??? ???? ??? ??????,
????? ????,
????? ? ????? ?? ???????,
??? ??? ?? ????? ??? ???,
?? 28?? ???? ????? ?????.,
????? ??? ???,
????? KTX????,
?? ??1???? ?? ?? ?? ?????,
?????,
,
???? ???? ????? ???? ????,
?? ?? ?? ??? ?? ?????,
??? ??????,
????? ???,
???? ?? ?? ??? ?????,
????? ? ?????? ??????,
??? ?????,
??? ????,
?????,
,
?????. ??? ?????.,
??? ???? ??? ??? ??? ?????,
,
,
,
??????,
???? ???? ??? ????,
???? ?? ???????,
,
?? ??????? ??? ??? ?????,
,
,
??? ???? ??? ???,
?? ?? ?????,
??????? ??? ?? ?????????,
????? ?? ????,
?? ???? ?????,
??? ??????,
,
???? ????? ??? ? ? ????,
?? ??? ???? ??? ?????.,
????????? ?????? ????,
???? ? ? ? ?????,
?????? ????(????)?????? ??? ??????,
?? ??? ??????,
?? 11? ??? ?? ???? ?? ?????.,
????? ?? ????? ????,
????? ????? ??? ??? ????,
????? ???? ?? ?????.,
????? ???? ??? ? ?????.,
,
,
?? ???? ?? ???? ??????.,
??? ??? ?????,
???? ?????,
???? ???? ???,
???? ????,
?? ?????? ?????.,
??? 2?? ????,
,
???????? ????? ????,
????? ????,
??? ??? ????,
? ?? ??? ????,
???? ??? ????,
??? ??????,
??? ??????,
???????? ??? ??? ????,
????? ?? ?????,
,
?????? ????? ????? ??????.,
,
,
,
??? ??? ????,
????? ??? ?????,
,
??? ??? ??????? ??? ?????,
? ???? ?? ????,
,
???? ?????? ????? ????? ??????.,
,
,
,
????? ??????.,
????? ????? ? ?? ??? ????,
,
??? ???? ????,
????? ??? ????,
,
??????? ???? ????? ????? ?? ??? ?? ???,
,
,
,
????? ??????,
??? ????,
,
?? ????? ???? ???? ??? ?? ??? ????,
2?? ??? ???? ???,
,
???? ???? ??? ??????.,
,
,
,
,
??? ?????,
????? ???? ???,
??? ??? ????,
??? ??????,
???? ???? ??? ??????.,
,
??? ??? ?? ??? ??? ????,
,
????? ???? ? ????,
KTX ??? ????? ???? ?? 3?? ????? ??? ????? ???,
??? ?????,
??? ?????,
,
????? ???? ??? ??????.,
,
,
???? ???????? ????? ???????,
,
?? ?? ??? ??? ??????,
?????,
??? ?? ???? ???? ? ????,
?????,
??? ????,
???? ????? ?? ??? ?? ????.,
,
,
???? ????,
????? ?? ????,
??? ????,
?? ?????. ???? ????,
?? ???? ??? ??? ?????,
???? ?? ??? ?? ?????,
? ??? ???? ?? ??????,
,
???? ????? ?? ??? ?? ????.,
,
,
????? ????,
???? ?????,
?? ??? ??? ?????,
?? ??? ????,
?? ?????,
??? ??? ???????,
??? ??? ???????,
???? ???? ??? ?? ????.,
,
,
,
??? ??? ????,
??? ??? ??? ??? ? ? ????,
??? 10? 3? ?? 9? 15? ?? ??? ? ????,
?????? ??? ????,
??? ???? ? ???,
???? ???? ??? ? ? ?????,
,
,
,
?????,
? ?? ??? ??? ????,
??? ??? ?????,
?? ??? ??? ???,
"??, ?? ??? ?? ?????",
,
???? ???? ????? ?? ????.,
,
,
,
??? ????????,
?? ??? ??????,
,
?? ??? ??? ?????,
,
?? ????? ???? ????,
????? ????? ??? ??????,
,
???? ??????? ????? ?? ?????.,
,
,
,
??? ??????,
????? ??????,
?? ??? ??????,
,
??? ???? ????,
??? ??? ?????,
????? ?????? ????? ??????.,
,
,
?? ??? ????????,
,
?? ??? ???? ??? ??????,
??? ??? ??????,
,
,
??????? ??? ?????,
????? ??? ?????,
,
????? ?????? ????? ??????.,
,
,
??? ?? ??? ???????,
??? ??????,
?? ????? ???? ????,
?? ??? ??????,
,
?? ??? ??? ?????,
,
??? ??? ??????,
????? ???? ?? ???? ?? ???,
,
,
,
????? ??? ?????,
??? ??? ???,
??????????,
??????,
,
???? ???????? ????? ??????,
,
,
?? ??? ????????,
,
????? ???? ????,
?? ???? ?????,
?? ??? ??????,
????? ????? ? ?? ??? ????,
,
????? ?????? ????? ??????.,
,
,
,
??? ??? ????,
,
,
??????,
????? ???? ?????,
,
???? ???? ?? ??? ?? ???,
,
,
?? ?? ??? ?????,
,
????? ????????,
?? ????? ?????,
?? ??? ????,
??? ??? ????,
,
????? ??? ?????,
,
??????? ????? ?? ??? ?? ???,
,
,
?? ??? ?? ????,
,
??? ??? ?????,
????? ??????,
????? ????? ? ?? ??? ????,
?????? ??????,
,
?????? ?????? ????? ?????,
,
,
,
,
? ? ??????,
??? ??????,
??? ???? ??????,
?? ??? ??????,
,
??? ??? ?????,
,
????? ????? ????? ??????.,
,
,
,
?? ??? ??????,
????? ????? ? ?? ??? ????,
,
??? ???? ????,
?? ????? ??? ????,
??? ???????,
,
?? ??? ?? ???? ??? ?????,
,
,
?? ?? ???? ?? ?????,
,
?? ?????? ????,
????? ??? ????,
????? ??? ????,
??? ??????,
,
??? ??? ??? ?????,
,
???? ????? ??? ?? ????,
,
,
?????? ??? ????,
??? ??? ?????,
??? ??? ?????,
?? ???? ???? ?? ?????,
????? ????? ????,
,
??? ??? ??????,
???? ??????,
,
????? ????? ????? ??????.,
,
,
,
?? ??? ??????,
????? ????? ? ?? ??? ????,
,
???? ??? ? ?? ????,
?? ???? ????????,
,
????? ?????? ????? ??????.,
,
,
??? ?? ??? ???????,
??? ??????,
?? ????? ???? ????,
?? ??? ??????,
,
?? ??? ??? ?????,
,
???? ??? ?? ?? ????.,
,
???? ??????,
?????????? ??? ????,
,
,
?? ???? ???? ???? ??????,
????? ?????,
?????? ???,
??? ??? ????,
????? ????,
??? ??????,
,
,
?????? ??? ?????,
?? ??? ??? ??? ??? ?? ????,
,
,
???? ?????? ????,
??? ??? ????,
?? 8? ?? ????? ?? ?????,
,
????? ?? ?????,
,
,
??????? ???? ??? ??????,
5300? ?? ?? ????,
??? ??? ????,
???? ???? ??? ????,
,
,
53? ??? ??????? ????,
,
??? ?? ????,
???? ???? ????,
??????? ??????,
,
??? ?? ???????? ??? ?????,
,
,
??? ??? ?????,
?? ?? ???? ????? ???? 5300? ??? ?????,
???? ??? ???? ??????,
,
???? ??? ???? ?????,
,
????????? ????? ??? ?? ????,
???? ???? ??? ????,
,
,
???? ?? ??? KTX????,
??? ??? ????,
?? ????? ? ?? ????,
???? ????,
??? ??? ?? ?????,
,
,
???? ?? ???? ????? ????,
,
??? ??????,
??? ??? ?????,
,
???? ????? ?? ???? ????,
,
?? ??? ????? ??? ? ? ?????,
??? ??? ??? ????,
,
?? ??? ??????,
??? ??? ??? ????,
6?? ??? ??? ?? ??????,
6?? ??? ??? ??? ??? ????,
???? ??? ??? ????,
????? ????? ?? 5300? ?? ??? ?????,
,
???? ??????,
? ?? ??? ???????,
,
????? ??? ????,
????? ??? ?? ?? ?? ????? ?? ?? ????? ?? ????,
?? ????? ??????,
????? ?? ?? ??? ??? ??? ????,
,
? ???. ????? ???? ???? ????,
???? ???? ???? ??? ????,
,
??? ??? ?? ??? ???,
,
"???? ??? 10??? ??? ????, ?????? ???? ????",
300? ?????. ?????? ?? ???? . ?????? ???????,
,
?? ??? ????? ????,
????? ??? ???? ?? ?? ??? ?????????,
,
?? ??? ??? ????? ??? ?? ??? ????? ??????,
?? ???? ???? ???? ??? ????,
,
,
? ??? ??????,
,
,
,
,
,
???? ???? ??????????,
,
,
,
,
?? ? ???? ??? ?????,
,
????????????,
?????? ?? ???? ???? ????? ?? ??? ???? ??? ?? ????,
,
,
??? ??? ?????,
,
,
,
,
????????? ? ?? ??? ??????,
,
?? ?? ??? ?? ?????? ???????,
,
,
,
?? ?? ?????? ????? ?? ?? ?? ?????,
,
?? ?? ?????,
,
,
?????? ??????,
,
"????,?? ??????",
?? ?? ????? ??? ???? ??? ????? ????,
,
? ?? ?? ???? ?????,
?? ????????????? ????,
??? ???? ? ??? ??? ??????,
,
,
?? ?????? ????,
???? ???? ???? ??? ????????,
???? ?? ??????,
??? ???? ?????,
?? ????? 15??? ???? ???? ?????,
?? ?????,
,
?? ?? ?? ??????,
?? ???? ???????,
???? ???????,
?? ??????? ???? ????,
??????? ?????,
,
,
?? ????? ??? ????,
,
?????.????? ???. ??? ???????,
??! ?????. ??? ??? ktx????? ??????? ??? ??? ?????.,
,
,
?? ? ???? ????,
,
?? ?? ?? ?? ??? ???? ? ? ????,
,
,
,
,
???? ????? ???? ?,
???? ???? ???? ?? ?????,
,
,
? ?????? ??????,
,
,
,
,
,
?? ?????? ??????,
? ? ?? ?? ????? ????,
,
,
,
,
,
??? ???? ?? ???? ?? ? ?????,
,
,
,
?? ?? ????????,
,
,
,
,
,
????? ??? ??????? ????? ?????,
,
,
,
?? ?? ??? ?? ?????,
????? ????? ? ?? ??? ????,
,
????? ??? ??? OOO???. ??? ???????,
?? ???? ??? ??????,
,
,
? ???? ???,
??? ??????,
????? ????? ? ?? ??? ????,
??? ??????,
????? ??? ?????,
??????? ?????? ??? ?????,
,
????? ???? ????? ??????.,
,
,
,
???? ??? ???? ???? ????,
? ?? ???? ??? ??? ??????,
,
,
?? ??? ?? ??? ???? ??? ??????,
????? ????? ? ?? ??? ????,
,
??????? ??? ??????,
???? ? ?? ????,
,
?????.????? ???. ??? ???????,
?????. ??? ??? ????? ??????? ??? ??? ?????.,
,
,
??????? ? ???? ????,
,
?? ????? ????? ?? ????,
,
,
,
,
? ?? ?? ? ??? ? ???? ???? ?? ? ?? ??? ???,
,
,
,
,
,
?. ??? ?? ???? ?? ????,
,
,
,
?????. ?????? ??? ?? ???? ??? ??????,
,
,
,
,
?? ??? ??? ?? ?? ? ????,
"?? ???? ??? ?????? ???? ?? ???, ?? ??? ????",
,
,
???,
,
,
,
??? ??? ?????? ??? ??????? ?? ???? ??? ??? ???? ???? ??? ?? ???? ?? ????,
,
,
,
,
???,
,
,
,
,
?? ?? ????? ??? ?? ????.?????????,
?~~~ ?? ??? ?? ????,
,
??? ?? ???? ??? ?? ?? ??? ?????? ????? ????,
,
???? ?????? ???????,
,
,
,
,
,
???????? ????? ? ?? ??? ???????,
,
?? ?? ?? ?? ?????? ???????,
,
,
,
???????? ????? ?? ???? ??????,
,
,
,
? ??? ??? ????,
,
????? ????? ? ?? ??? ????,
,
,
,
?? ???? ???? ? ? ????,
?? ????? ??? ?? ???? ???? ??? ???? ? ???????,
?? ????? ?????? ????????,
,
,
? ??? ?? ??? ??? ????,
,
?? ??? ??? ?? ??? ????,
? ??? ???? ??? ?????,
,
,
??? ??? ??? ????,
,
??? ? ? ????,
? ??? ??? ????,
?? ??????,
?? ???? ??? ????,
? ??? ??? ????,
?? ???? ????,
?? ??????,
?? ???????. ?? ??????? ??? ?????,
???? ???? ???? ?? ????.,
"??, ?? ?? ??????",
??? ????? ??? ? ? ?????,
?~~ ?? ?? ???? ???? ???? ?? ?????,
,
???? ?? 10? 30? ?? ??????,
?????? ??? ??????,
??? ??? ??? ????,
8?? ??? ??? ?? ??????,
8?? ??? ??? ?? ????,
?? 24?? ??? ??? ??? ?????,
???? ????? ???? ?? ????.,
,
?? 17? ???? ????,
???? ??? ????,
,
8? 31?? ????,
???? ????,
??? ?? ??? ?????,
,
,
???? ???? ??? ?? ????.,
,
,
KTX? ?????? ??? ????,
????? ?????? ??? ?????,
KTX? ?????? ???? ?? ???….,
1?30? ?? ?????,
,
,
?? ??? ??? ????,
,
??? ??? ?? ???? ???? ???? ???? ?? ????,
,
?? ???? ????? ??????,
,
,
,
,
,
,
?~ ???. ?? ??????????? ????? ???? ?????,
,
,
???? ???? ?? ??? ? ?? ?????,
???? ????,
,
,
????? ?????,
,
,
?? ??? ??? ???? ?? ????,
???? ???? ?? ??? ????????,
,
,
,
???? ? ?? ??? ??? ????,
???? ?? ??? ????,
?? ??????,
?? ??? ??? ?????,
?? ?? ??????,
,
??? ??? ??? ?? ???? ??? ??? ????,
,
,
,
,
,
?? ?? ? ???? ??? ?????,
??? ??? ????,
??? ?? ?? ????? ?? ?? ????? ??????,
??? ??? ??? ????? ?????.,
??? ? ? ????,
?? ???? ????,
????? ???? ??? ????,
????? ???? ??? ????,
,
???? ??? ???? ????,
????? ?? ?? ??? ???????,
? ?? ????? ? ? ?? ?? ??? ????,
,
??? ???? ??? ?? ???? ? ????,
??? ? ?? ? ? ????,
5??? ??? ???? ??? ????,
,
?? ??? ?? ??? ?? ??????,
?? ??? ??? ??? ?? ??????,
,
"???? ??, ????? ????? ??? ??????",
? ?? ???? ? ??? ????,
???? ???? ?? ??? ??? ?? ????,
,
,
,
??? ??? ????,
,
?? ?? ?? ??? ?? ????,
ITX-?? 2033? ? ? ??? ? ? ??????,
,
????? ???? ????.,
,
,
,
,
,
,
,
,
,
,
?????. ????? ???? ????.,
,
03? ??? ????? ?????.,
105? ??? ?? ????? ??? ????,
,
??? 20? ???? ??????,
abc???? ? ? ?? ?? ??????,
,
abc????? ???? def????? ????? ??? ??? ??????,
,
?? ??? ???????,
,
,
?? ??????,
?? ????? ??????,
??? ????? ??????,
??-?? ??? ??????,
?? ??? ????? ???? ????,
??? ?????,
,
?? ???? ????.,
,
,
,
,
,
???? ?? ?? ????,
,
,
?????? ??? ???????,
,
,
,
????? ??? ?? ?? ? ?????,
??? ?? ?? ? ????,
?? ??? ?? ? ??????,
,
,
???? ???? ??? ????.,
,
???? IFC?? ??? ????.,
????? ??????,
????? ????? ??? ??? ?????,
??? ??? ?????,
,
,
???? ???? ??? ??????,
?? ????? ??? ?????,
,
??? ????? ??????,
1??? ??? ????,
1??? ???? ???.,
???? ?? ??????,
????? ????,
?? ???? ?????,
???? ??? ????,
??? ??? ??? ??? ?????,
?? ??? ??? ??? ??????,
?????? ? ?????,
???? ???? ????? ??????? ?? ????,
????????? ??? ?? ??????,
?? ?????? ???? ?????,
????? ??? ?? ?????,
?????? ?????? ????,
,
???? ??? ??? ??? ??? ?????,
???? ?? ?????,
??? ???? ?????,
AT???? ?????,
,
?? ???? ??? ?????? ??? ??? ????,
,
?? ???? ?? ??? ????.,
,
????????,
????? ??????,
????? ??? ??? ???,
??? ????? ?? ?? ??? ????,
??? ??? ??????,
????? ?? ??????,
???? ?????,
?? ?? ????? ??? ?? ??? ????,
,
,
??? ?? ????,
,
???? ????? ????,
,
?? ??? ???? ?? ?? ??? ????,
,
? ????,
,
???? ???? 2???? ????,
,
???? ????,
???? ??????,
???????,
?? ??????? ??????,
,
???? ????? ?? ????,
,
2???? ??????? ??? ?????,
? ??? ??? ??????,
,
?? ???? ??? ????.,
,
,
??? ?? ?? ??? ????,
???? ???? ???????,
????? ?????,
?? ???????,
?? ????? ?? ??? ?? ?????,
???? ??? ????,
,
,
?????? ?????? ??? ?? ????.,
,
,
???? ?? ????,
?? ????? ?? ?????,
??????? ??????,
????? ??????,
,
??? ??????,
,
,
????? ?????? ?? ????.,
,
,
?? ????? ??? ?????.,
????? ??????,
????? ????? ?? ?????????,
?????? ????? ????,
?? ??????,
????? ??????,
,
,
???? ???? ??? ?? ????.,
,
???? ???? ??? ?????,
??? ??????,
,
,
??? ??? ?? ????,
?? ?? ??????,
,
???? ?? ???? ??? ?????,
,
,
???? ?? ? ? ???,
??? ??? 2?????,
??? ??? ???,
?? ??? ?? ????,
?? ???????? ???,
???????? ????? ??? ? ? ???,
,
????? ??? ????,
??? KT??????.,
???????,
"?, ???? ??? ???.",
??? ??? ????,
? ??? ??? ????,
?? ????? ??????,
??? ????,
? ??? ??? ????,
?? ?? ? ????,
? ? ?? ????,
??? ??????,
??? ??? ? ?????,
?? ???? ? ????,
,
??? ? ?????,
,
,
????? ????? ?? ??? ?? ????,
???KT ??????,
???????,
? ????? ??? ???,
??? ?? ?????,
??? ??? ?????,
??? ? ???? ????,
12?? ???? ??? ??? ?????,
,
,
,
,
,
,
??? ???? ??? ? ???,
,
,
,
?? ?? ? ???,
?? ??/???? ? ? ???,
??? ??????,
????? ?????,
???? ???? ??? ?? ????.,
,
,
?? KTX? ????,
??? ?????,
????? ?? ?????,
,
,
????. ??? ??????,
?????? ????? ??? ?? ????.,
,
,
???? ?? ????,
?????  ????? ?? ?????,
?????? ??????,
????? ??????,
,
??? ??????,
,
,
?????? ????? ??? ??? ???? ????,
??? 4???? ?? ?? ??? ?? ???,
??? ???? ?????,
,
4??? ??? ??? ?????? ? ????,
,
,
???? ??? ????,
???? ???? ????,
???? ???? ?? ????,
????? ???? ??? ??? ?????,
???????? ???? ????,
???? ???? ??? ? ???,
??????? ???? ?????,
? ??.. 10? ??????? ?????,
,
,
G Pass?? ?? ?????,
?? ???????,
??? ???? ???,
???? ???? ?? ??? ???,
?? ?????,
,
??? ?????,
??? ????? ???,
??? ??? 15? ??? ??? ????,
???? ??? ???,
???? ?? ???? ? ???,
????? ????,
,
???? ???? ??? ????. ??? ??? ?? ????,
,
????? ??? ???? ?? ?????,
,
??? ?? ???????,
,
,
?????? ??? ??? ??????,
???? ???? ??????,
,
????? ????? ????? ??????.,
,
,
,
?? ??? ??????,
????? ????? ? ?? ??? ????,
,
??? ???? ????,
3??? ??? ???????,
,
???? ??? ????? ??????,
,
????? ??? ??? ???????,
??? ????? ????,
????? ??????,
?? ???????? ??? ??????,
??? ??? ?? ????? ????? ??????,
???? ????? ???? ??? ???? ?? ??? ??? ????,
,
???? ????? ??????? ?????????,
???? ????? ??? ???? ???.,
??? ??? ???? ??? ??? ????,
?? ?? ?? ????,
????? ???? ??????,
??? ???? ????,
,
??? ??? ?????,
??? ???? ??? ????,
??? ??? ????,
??????,
???? ?? ??????,
,
??? ??? ?????,
????? ?????? ??? ?? ????,
,
??? ?? ????,
???? ????? ?? ?????,
??? ????? ?? ?????,
,
????? ???? ????? ??????.,
,
,
,
?? ??? ??????,
????? ????? ? ?? ??? ????,
,
??????? ??? ?????,
?? ???? ????????,
,
????? ???? ??? ??????.,
,
,
,
????? ??? ?????,
??? ??? ???,
??????????,
??????,
??? ??????,
???? ???? ??? ?? ????.,
,
?? 8???? ????,
9? 15??? ??? ????,
??? ??? ????,
???? ????? ??????,
??? ???? ????,
????????,
???? ??? ????,
,
???? ??????? ????? ?? ????.,
,
,
,
????? ?? ?????,
????? ??? ????,
????? ??? ??? ?????,
????? ??? ????? ??? ????,
2?? ????? ???? ????? ??????,
,
???? 4.19?????? ???? ??????.,
,
,
????? ??? ?????,
???? ??????,
????? ?? ?????,
????? ???? ??????,
????? ???? ????,
4.19???? ???? ????,
????? ?? ?????,
,
???? ???? ????? ??????.,
,
,
,
???? ???? ??? ?????,
??? ??????,
??? ???? ????,
??? ??? ??? ??? ??? ??????,
??? ??????,
???? ?? ???? ?? ??? ??? ???? ????,
,
??? ??? ? ?? ??????,
????? ?? ??????,
??? ?? ??????,
????? ???????,
???? ??? ???? ????,
,
?? ????? ????,
????? ???? ?????? ????,
????? ?? ????,
???? ????? ??? ??????,
????? ??? ????,
????? ????,
???? ?????,
,
??? ??? ??? ????,
????? ??????,
??? ????? ????????,
????? ???? ????,
???? ?? ????? ?? ?????,
???? ???? ???? ????,
??? ????????,
,
????? ????????,
,
??? ??? ????,
???? ???? ??? ?????,
????? ??????,
,
??????? ???? ??? ????,
,
???? ?????? ????? ????,
????? ??? ????,
????? ????? ??? ??????,
????? ??? ????,
????? ?? ?????,
???? ??? ?????,
???? ?? ?? ????,
,
??? ?? ???? ????,
? ???? ??? ??????,
,
???? ??? ? ??? ????,
,
,
,
????? ??? ?????,
???? ??????,
,
??? ????,
4? ????  ????? ????,
4???????? ????? ??????,
????? ????? ????? ??? ????,
,
,
???? ???? ????,
????? ????? ?? ??????,
????? ??? ????,
????? ?? ?????,
????? ?????? ?? ????? ?? ?????,
????? ????? ?? 2???? ????,
??? ??????,
???? ???? ????? ?? ????.,
,
,
,
??? ??? ?? ??????,
????? ????? ? ?? ??? ????,
,
?? ??? ??? ??? ??? ????,
???? ??? ????,
????? ?? ??? ?? ?????,
??? ?? ??????? ????? ????? ??? ? ?????,
,
,
?? ?? ?????? ???? ? ????,
,
,
,
,
? ?? ??? ??????,
,
??????? ??????? ??? ??????,
,
??? ????? 2???? ????,
?? ???? ????? ??????,
????? ??????,
???? 24??? ??? ?????,
??? ??? ??????,
?? 24??????,
24???? ??? ??? ? ?? ??????,
,
????? ???????? ????? ??????.,
,
????? ?? ?????,
??????? ??? ?????,
????? ??????,
???? ??? ??????,
?? ???? ????????,
????? ??? ????,
???? ????? ????,
???? ???? ?????,
???? ?????? ????? ?? ????.,
,
???? ?? ????,
?????? ??? ?????,
????? ??????,
??????? ?????? ??? ?????,
,
????? ??? ????,
?? ??? ?????,
?????? ????? ?? ?????,
,
???? N?????? ????? ???????,
,
???? ?? ????,
????? ??????,
M4101??? N?????? ????,
????? ?? ?????,
???? ???? ????,
???? ??? ?????,
????? ?? ????,
??? ??? ????,
????? ???? ???? ?? ?????,
,
???? ???? ????,
????? ????? ?? ??? ????,
??? ????? ??? ?????,
???? ??? ?????? ??? ?????,
??? ????? ??????,
????? ?????? ??? ?????,
????? ??????,
??? ?? ??? ?? ?????,
???? ???? ??? ????.,
????? ???? ??????,
?????? ??? ???????,
?? ??? ???? ????,
????? ??????,
???? ??????,
??? ?? ????,
?????? ??? ?????,
?? ????? ????,
?? ????,
???? ?????? ??? ????.,
????? ???? ??????,
????? ??????,
???? ??? ????,
??? ????? ???????,
????? ????????? ??? ?????,
???????? ???????? ??? ?????,
??? ?? ????,
??? ??? ????,
????? ??????,
????? ????? ??? ?? ????????.,
,
?????? ??? ?????,
????? ?? ?????,
???? ??????,
???? ???? ??????,
???? ???? ??????,
??? ??? ???????,
??? ???? ?? ??????,
????? ??? ???? ??? ??? ?? ????,
,
???? ???? ??? ?? ????,
?????????? ??? ????,
???? ??? ????,
???? ????? ??? ?????,
??? ?????,
??? ?? ????,
????? ?? ?????,
????? ??????,
????? ??? ????,
??? ???? ??????,
,
???? ???? ??? ?? ?????,
???? ???? ??? ?????,
????? ??????,
??? ?? ????,
??? ??? ????,
??? ??????,
??? ???? ??????,
????? ????????? ??? ?????,
??? ??? ????,
???? ???? ????,
???? ?????? ???? ??? ??????,
??????? ??? ????,
???? ??? ????,
??? ????? ??? ????,
???? ?? ??? ??????,
????? ???????? ??? ?????,
????? ??????,
??????? ?????? ??? ?????,
???? ???? ????,
????? ??????,
????? ???? ?? ??? ?? ????.,
,
,
??? ?? ??? ????,
,
BRT ??? 990? ??????,
2?? ???? ??????,
????? ??????,
????? ??? ?????,
??? ??? ????,
???? ??? ??? ????,
,
,
??? ??? ?? ??? ??? ??????,
??? ??????,
,
??? ??? ?????,
?????? ??????,
?? ??? ????????,
?????? ??????,
?????? ???? ???????,
,
??? ?? ????,
,
??? ??? ????,
????? ????????,
????? ????,
??? ?????,
?????? ??? ????,
??? ?????? BRT??? ??? ?? ???? ????,
,
???? ??? ??? ????,
,
,
cgv ?? ??? ??? ????,
???? ?? ?????,
,
?? ??? ??? ????,
cgv?? ??????,
???? ?????,
????? ????,
,
???? ??? ??? ????,
,
,
????? ??? ??? ??????,
????? ??? ????,
,
?? ??? ??????,
????? ????,
??????? ????? ?????,
????? ??????,
???? ???? ?? ??? ?? ????.,
,
,
,
BRT 1000? ??? ??????,
????? ????? ? ?? ??? ????,
,
?? ?????  ??? ?? ??? ????,
?? ??? ???? ????,
?? ??? ????,
???? ?????? ??? ?? ????.,
,
,
?????? ?????,
?????? ??????,
???? ??? ???? ????,
???? ??? ??? ?????,
??????? ??????,
?? ????? ?? ?? ??? ????,
????? ??????,
???? ??? ??? ????,
,
,
???? ??? ?????,
??? ?? ?????,
??????? ?????? ??????,
?? ????? ???? ?????,
??? ??? ??????,
?? ?? ??????? ???? ??? ??? ???? ????,
??? ?? ??? ?????? ?????,
?????.,
???? ???? ?? ??? ?? ????.,
,
,
,
BRT 990? ?? ??? ??????,
????? ????? ? ?? ??? ????,
,
?? ????? ???? ?? ????,
??? ???? ?????,
? ?????.,
?????? ???? ??????,
,
,
????? ??????,
??? ?? ??????,
??? ??? ??? ??????,
???? 7?? ????????,
???? ??????,
?? ????? ?? ?????,
??? ???? ????,
????? ?????? ??? ???.,
,
,
BRT?????? ? ????? ????? ?????,
??????? ?? ????????,
????? ?? ?? ????,
?? ??? ?????? ??????,
?? ????? ?????? 221? ??? ???? ??????,
?? ?? ?? ??????,
??? ?? ??? ??? ?????,
??????????? ???? ???????,
,
???? ??????,
?? ???? ???? ??? ????,
??? ??? ??????,
?? ??? ??? ????,
????? ???? ?????,
?? ????? ????? ??? ????,
?????? ??? ???? ????,
??? ??? ?? ??????,
????? ?????? ??? ?? ????,
,
,
SRT??? ??????,
????? ?????? ??? ???? ??? ???? ??????,
????? ??? ????,
?? ????? ?? ??? ??? ?????? ????? ?? ????,
?? ???? ????????,
?? ????? ???? ????,
????? ??? ????,
????? ?? ?? ????????.,
,
,
,
??? ??? ??????,
,
??????? ??? ?????,
?? ???? ????????,
? ?????.,
????? ?????? ?? ??? ?????,
,
4?? ?????? ???? ????,
??? ?? ????,
??? ???? ?? ??? ?????,
?? ??? ??? ??????,
????? ?????? ??? ??? ?????,
?? ???? ??????? ????,
?????? ??? ??? ??????,
???? ??? ??? ???????,
???? ???? ?? ?? ? ??????.,
,
,
SRT ???? ??? ??????,
?????? ?? ??? ???? ????,
??? ?? ????,
???? ???? ??????,
?? ????? ?? ?? ?????,
?? ??? ???? ?????,
????? ??????,
????? ????? ??? ????,
???? ?????,
,
,
,
?? ????? ??? ?????,
????? ??? ????,
?? ???? ????? ??? ????,
???? ??? ?? ??? ?????,
?? ???? ????????,
??? ????? ??????,
????? ???? ????? ?????.,
,
,
??? ????,
??? ?? ??? ??????,
?? ?? ??? ????,
????? ??????,
??? ???? ??? ?????,
??? ??????,
,
????? ?? ???????? ??????,
,
,
,
????? ???????,
????? ????? ? ?? ??? ????,
,
????? ??? ????,
???????? ??????,
,
????? ???? ??????.,
,
,
???? ????????,
????? ??????,
??? ??????,
????????,
??? ??? ?????,
????????,
????? ??????,
????? ??? ????? ?? ????.,
,
,
???? ????,
??? ?? ??? ??????,
?? ??? ????,
????? ??????,
??? ???? ??? ?????,
??? ??? ?????,
? ???? ?? ?????,
???? ??? ??????.,
,
,
???? ????,
??? ?? ??? ??????,
?? ??? ????,
????? ??????,
??? ???? ??? ?????,
??? ??????,
???? ????? ??????,
??????? ????? ??????.,
,
,
,
?? ??? ??????,
????? ????? ? ?? ??? ????,
,
??? ?? ??? ?????,
??? ??? ?????,
,
????? ????? ??????.,
,
,
,
?? ?? ??? ??????,
??????????,
???? ????? ?? ????????.,
,
,
,
?? ??? ??????,
????? ????? ? ?? ??? ????,
,
??? ???? ????,
?????????????,
,
????? ???????????? ?????,
,
?? ???2??? ??????,
?? ?????? ???? ?????? ?????? ???? ??????.,
????? ??????,
?? ??? ?? ????? ??? ????,
??? ????? ???????,
????? ???????,
?????? ???? ??? ?????,
??????? ??? ??? ??????,
????? ???????? ??? ?????,
,
757? ??? ????,
????? ??????,
?? ??????? ??????,
????? ??? ?????,
?? ???????? ????????? ???????,
,
713? ??? ??? ??????,
????? 2? ??????,
????? ???? ?? ??????.,
,
,
???? ??? ????,
?????? ???? ?????,
?????? ??? ??????,
????? ??????,
?? ?? ????????,
???? ??????????,
?? ????? ?????? ??????????,
????? ???? ????,
,
,
?? ??? ????,
???? ??? ??????,
????? ??? ????,
??? ??????,
???? ??????,
???? ??????,
????? ??????,
????? ?????????? ??????.,
,
,
????? ??????,
??????????? ????????,
??? ??? ?????,
?? 10? 30??? ?????? ???? ??????,
??????? ?? ?????,
????? ???? ??????,
????? ????? ????????,
????? ???? ??????.,
,
,
????? ???????,
????? ?? ????,
??? ??? ?????,
?? ??? ?? ??? ??? ??? ?????,
?? ??? ??????,
?????? ???? ????,
?? ???? ???????,
????? ????? ????,
,
????? ????????.,
2?? ?? ?? ??? ??? ??????,
????? ??????,
????? ???? ??????,
?? ??????? ????,
????? ??? ????,
?? ?????? ????? ??? ????,
??? ??? ????,
????? ????? ?? ? ?????,
,
,
????? ?????,
??? ??????,
????? ????? ?? ??? ????,
??? ??? ?????,
750?? ??? ??????,
??? ??????,
?????  ????? ????,
???? ??? ?? ?? ??? ?? ????.,
,
,
????? ?? ?? ??? ?????,
????? ????? ??? ????,
??? 1??? 2?? ??? ??????,
??????? ???? ??? ????,
???? ??? ??????? ???? ????? ????,
?? 2? ??? ??????,
????? ???? ??????.,
,
,
,
1001? ????? ??????,
?????? ?? ????,
,
?? W??? ????? ??? ????,
?? ??? ???????,
??????? ??? ?????,
????? ?????? ??????.,
,
,
?????? ??????,
??? ??? ?????,
???? ?? ??????,
?????? ??? ?? ????????,
????? ??????,
???? ??????,
????? ??????,
????? ????2?? ??????,
,
,
?? ???? ??????,
,
?? ???? 9.10?? ?? ???? ????,
??????? ???? ????,
,
?????? ?????? ????,
??????? ???? ?? ????,
????? ??? ????,
???? ????? ??????,
????? ??????? ??? ?????,
,
,
??????? ??? ??????,
??? ????????,
511? ?? ??? ????,
?????? ??????,
?? ?? ??????? ??????,
???? ?? ?? ?? ??? ?? ????,
????? ??? ??????,
????? ???? ??? ????,
,
,
?? ????? ??????,
?????? ???????? ??? ?????,
?? ??? ??? ?????,
?? ??? ??? ????? ?? ??? ?? ?????,
?????  ????? ?? ?????,
?(??)???? ????,
?? ??? ??????,
????? ???? ??? ????,
,
,
,
????? ??????,
,
????? ?? ??????,
??? ??? ????,
????? ???? ????,
????? ?????? ??? ?????,
??????? ???? ??? ????,
,
????? ??? ??????,
,
????? ??????,
????? ??????,
,
???? ??????? ??????? ????? ????,
?????? ???? ????,
??? ??? ?????,
????? ?????? ??? ?? ????.,
,
??? ??? ??????,
??? ??? ??????,
??? ??? ?? ??????.,
,
?????? ???? ????,
?? ??? ??? ?????,
????? ??????,
??????? ?????? ??? ?????,
????? ????? ???????,
??? ? ?????,
,
????? ?????? ??? ????,
?? ???? ??????,
???? ??????,
????????,
?????? ??????,
? ??? ?? ??? ?? ?????,
?? ????? ??????,
???? ?????? ??? ????,
,
,
? ?? ????? ?? ??? ??????,
,
???? ?????,
????? ????? ??????,
??? ??? ??? ????,
????? ?????,
,
???? ??? ??? ????,
,
,
,
,
???? ??????,
?? ????? ?????,
???? ???? ??????,
?? ????? ?? ?? ????? ??????,
????? ????? ???? ?????,
?? ????? ?? ????,
,
,
??? ??????,
,
????? ?? ??? ??? ??????,
???? ??????,
?! ??? ??????,
?????? ????? ?????,
???? ??? ???? ??????,
??? ?? ??? ??? ????? ????,
????? ???? ???????,
,
????? ??????,
?? ????? ????? ??? ????,
?????? ???? ??? ??????,
????? ????? ?????,
??? ??????,
????? ?? ?????,
?? ????? ????,
??? ??????,
????? ????? ??? ?????,
,
,
??? ?????? ??????,
,
?? ??? ?????,
??? ??????,
????????,
????? ????? ????,
????? ??????,
???? ?????.,
????? ??? ????? ??? ?????,
,
,
?? ??????? ??????? ??????,
2??? ?? ????,
1001?? ?? ???????? ?????,
?? ???? ?? ???? 2? ??????,
??? ???? ??????,
? ???? ?? ??? ??? ????,
??? ?????,
???? ?? ?????? ???????,
,
,
???????? ??? ???? ????,
5???? ???????? ????,
?????? ????? ?????,
???? ??????,
????? ????? ?? ????,
,
??? ?? ??? ?????,
OO??????? 00?? ??? ????,
,
??? ?? ??? ????,
??? ? ??? ?? ????,
,
???? ???? ??? ????,
,
?? ???? ??????,
OO?? ??????,
??? ??? ?????,
OO??? ?? ? ?????,
,
,
??? ???? ????,
??? ??????,
????? ???????,
,
,
??? ??? ?????,
,
OO???? ?? ??? ??? ??????,
,
?? ?? OO??? ??? ??? ??????,
,
,
??? ?????,
?? ?? ????? ??? ??? ????,
??? ??????,
??? ? ?????,
??? ?????,
?? ?? OO??? OO??? ? ??,
,
?? ??? ??? ?? ????,
?? ????? ??? ????,
OO?? ?? OO? ?? ??? ????,
,
?? ?? ??? ????,
,
??? ?????,
???? ?????,
OO???? ? ??? ???????,
,
????? ????????,
?? ?????,
,
???? ???? ????? ??? ???? ????,
OO??? OO??? ??? ?????,
?????????,
?????????,
??????,
???? ?? ??????.,
??? ??? ???? ??????,
??? ??? ?? ??? ??? ????,
????? ? ???? ????????,
,
??? ??? ??? ????? ???? ??? ?????,
,
,
,
?? ??? ??? ??? ????,
,
??????? ????? ?? ? ?????,
,
,
,
???? ?????,
???? ????,
??? ???? ????? ??? ??? ???????,
??? ??? ??? ????,
,
???? ?????,
??????? ????? ?? ? ?????,
,
,
,
??? ?????,
?????,
?? ??? ?????,
,
,
??? ?????,
???? ????? ???.,
,
,
,
,
,
?????? ?? ??? ??? ??? ????,
,
?? ??????? ??? ??????,
,
,
??????? ?????.,
,
???????,
????? ??????,
????? ???,
???????,
???? ???? ??????,
4???? 4? ??? ??? ?????,
,
????? ?? ??? ??????,
,
???? ??? ?????,
????? ??? ???,
????? ???? ???? ?????,
???? ???? ????? ?????,
,
???? ????? ? ????,
???,
??. ?? ??? ??? ?????,
?? ? ? ??????,
"?? ??? ??? ?,?? ??? ??? ????? ??????",
,
??? ?? ????????.,
,
,
,
????? ?? ????,
?? ?????? ?? ??? ??? ????,
????? ???? ????,
,
?? ????? ??? ??? ????,
,
???? ???? ???? ?????,
,
,
,
,
,
???? ???? ? ?????,
????? ??? ?? ?????????,
????? ??? ????,
,
???? ?????? ???? ?????,
,
,
,
,
,
??? ????,
,
??? ?????,
??? ??? ???,
???? ??? ???? ????,
?? ??? ??????,
KTX? ?? ????,
???? ???? ?? ????,
???? ?? ??????,
??? ?????,
?? ?? ? ???? ????,
??? 5??? ?? ??? ????,
,
??? ??????,
?????? ?????? ??? ?? ????.,
,
,
???? ?? ????,
?? ????? ?? ?????,
??????? ??????,
????? ??????,
,
????? ????,
,
,
???? ????? ??? ?? ??? ????,
,
,
?? ??????,
,
??? ??????,
?? ???? ??? ?? ? ???? ????,
?? ? ???? ??????,
,
?? ???? ??????,
,
??? 2???? ????,
???? ??? 2???? ???????,
?????? ????,
???? ???? ? 2??? ????,
?? ??? ????,
????? ????? 2???? ????,
?? ????? ??????? 2???? ??? ?????,
,
,
,
?? ???? ??? ????.,
,
,
,
,
????,
?? ? ??? ?????,
?? ???? ??? ??? ? ??????,
,
,
??CGV?? ??????,
,
,
,
,
???? ????? ??? ??? ????,
,
?? ????? ????? ??? ?? ????,
?? C? ??? ????? ??? ????,
,
????? ????? ??? ????,
,
??? ??? ?????,
,
30??? ?? ??? ??????,
??? ??? ?????,
?? ?????,
?????? ?? ???? ????,
???? ?????,
????? ??? ???,
???? ???? ??? ?? ????.,
,
???? ???? ??? ?????,
??? ??????,
,
,
??? ??? ?? ????,
?? ?? ??????,
,
?????? ?? ???? ??? ?????,
,
,
??? ????,
??? ?????,
???? ??? ????,
?? 1???? 2???? ????????,
??? ?? ?? ???? ?????,
,
,
??SRT?? ??? ????,
,
,
??? ?? ??? ????,
,
,
?????? ??????,
???? ?????? ?? ????,
????? ????,
????? ?????,
???? ???? ??? ????.,
,
???? IFC?? ??? ????.,
????? ??????,
????? ????? ??? ??? ?????,
??? ??? ?????,
,
,
???? ???? ??? ??????,
?? ????? ??? ?????,
,
??? ????? ??????,
1??? ??? ????,
1??? ???? ???.,
???? ?? ??????,
????? ????,
?? ???? ?????,
???? ??? ????,
??? ??? ??? ??? ?????,
?? ??? ??? ??? ??????,
?????? ? ?????,
???? ???? ????? ??????? ?? ????,
????????? ??? ?? ??????,
?? ?????? ???? ?????,
????? ??? ?? ?????,
?????? ?????? ????,
,
???? ??? ??? ??? ??? ?????,
???? ?? ?????,
??? ???? ?????,
AT???? ?????,
,
?? ???? ??? ?????? ??? ??? ????,
,
?? ???? ?? ??? ????.,
,
????????,
????? ??????,
????? ??? ??? ???,
??? ????? ?? ?? ??? ????,
??? ??? ??????,
????? ?? ??????,
???? ?????,
?? ?? ????? ??? ?? ??? ????,
,
,
??? ?? ????,
,
???? ????? ????,
,
?? ??? ???? ?? ?? ??? ????,
,
? ????,
,
???? ???? 2???? ????,
,
???? ????,
???? ??????,
???????,
?? ??????? ??????,
,
???? ????? ?? ????,
,
2???? ??????? ??? ?????,
? ??? ??? ??????,
,
?? ???? ??? ????.,
,
,
??? ?? ?? ??? ????,
???? ???? ???????,
????? ?????,
?? ???????,
?? ????? ?? ??? ?? ?????,
???? ??? ????,
,
,
?????? ?????? ??? ?? ????.,
,
,
???? ?? ????,
?? ????? ?? ?????,
??????? ??????,
????? ??????,
,
??? ??????,
,
,
????? ?????? ?? ????.,
,
,
?? ????? ??? ?????.,
????? ??????,
????? ????? ?? ?????????,
?????? ????? ????,
?? ??????,
????? ??????,
,
,
???? ???? ??? ?? ????.,
,
???? ???? ??? ?????,
??? ??????,
,
,
??? ??? ?? ????,
?? ?? ??????,
,
???? ?? ???? ??? ?????,
,
,
???? ?? ? ? ???,
??? ??? 2?????,
??? ??? ???,
?? ??? ?? ????,
?? ???????? ???,
???????? ????? ??? ? ? ???,
,
????? ??? ????,
??? KT??????.,
???????,
"?, ???? ??? ???.",
??? ??? ????,
? ??? ??? ????,
?? ????? ??????,
??? ????,
? ??? ??? ????,
?? ?? ? ????,
? ? ?? ????,
??? ??????,
??? ??? ? ?????,
?? ???? ? ????,
,
??? ? ?????,
,
,
????? ????? ?? ??? ?? ????,
???KT ??????,
???????,
? ????? ??? ???,
??? ?? ?????,
??? ??? ?????,
??? ? ???? ????,
12?? ???? ??? ??? ?????,
,
,
,
,
,
,
??? ???? ??? ? ???,
,
,
,
?? ?? ? ???,
?? ??/???? ? ? ???,
??? ??????,
????? ?????,
???? ???? ??? ?? ????.,
,
,
?? KTX? ????,
??? ?????,
????? ?? ?????,
,
,
????. ??? ??????,
?????? ????? ??? ?? ????.,
,
,
???? ?? ????,
?????  ????? ?? ?????,
?????? ??????,
????? ??????,
,
??? ??????,
,
,
?????? ????? ??? ??? ???? ????,
??? 4???? ?? ?? ??? ?? ???,
??? ???? ?????,
,
4??? ??? ??? ?????? ? ????,
,
,
???? ??? ????,
???? ???? ????,
???? ???? ?? ????,
????? ???? ??? ??? ?????,
???????? ???? ????,
???? ???? ??? ? ???,
??????? ???? ?????,
? ??.. 10? ??????? ?????,
,
,
G Pass?? ?? ?????,
?? ???????,
??? ???? ???,
???? ???? ?? ??? ???,
?? ?????,
,
??? ?????,
??? ????? ???,
??? ??? 15? ??? ??? ????,
???? ??? ???,
???? ?? ???? ? ???,
????? ????,
,
???? ???? ??? ????. ??? ??? ?? ????,
,
????? ??? ???? ?? ?????,
,
??? ?? ???????,
,
,
?????? ??? ??? ??????,
???? ???? ??????,
,
????? ????? ????? ??????.,
,
,
,
?? ??? ??????,
????? ????? ? ?? ??? ????,
,
??? ???? ????,
3??? ??? ???????,
,
???? ??? ????? ??????,
,
????? ??? ??? ???????,
??? ????? ????,
????? ??????,
?? ???????? ??? ??????,
??? ??? ?? ????? ????? ??????,
???? ????? ???? ??? ???? ?? ??? ??? ????,
,
???? ????? ??????? ?????????,
???? ????? ??? ???? ???.,
??? ??? ???? ??? ??? ????,
?? ?? ?? ????,
????? ???? ??????,
??? ???? ????,
,
??? ??? ?????,
??? ???? ??? ????,
??? ??? ????,
??????,
???? ?? ??????,
,
??? ??? ?????,
????? ?????? ??? ?? ????,
,
??? ?? ????,
???? ????? ?? ?????,
??? ????? ?? ?????,
,
????? ???? ????? ??????.,
,
,
,
?? ??? ??????,
????? ????? ? ?? ??? ????,
,
??????? ??? ?????,
?? ???? ????????,
,
????? ???? ??? ??????.,
,
,
,
????? ??? ?????,
??? ??? ???,
??????????,
??????,
??? ??????,
???? ???? ??? ?? ????.,
,
?? 8???? ????,
9? 15??? ??? ????,
??? ??? ????,
???? ????? ??????,
??? ???? ????,
????????,
???? ??? ????,
,
???? ??????? ????? ?? ????.,
,
,
,
????? ?? ?????,
????? ??? ????,
????? ??? ??? ?????,
????? ??? ????? ??? ????,
2?? ????? ???? ????? ??????,
,
???? 4.19?????? ???? ??????.,
,
,
????? ??? ?????,
???? ??????,
????? ?? ?????,
????? ???? ??????,
????? ???? ????,
4.19???? ???? ????,
????? ?? ?????,
,
???? ???? ????? ??????.,
,
,
,
???? ???? ??? ?????,
??? ??????,
??? ???? ????,
??? ??? ??? ??? ??? ??????,
??? ??????,
???? ?? ???? ?? ??? ??? ???? ????,
,
??? ??? ? ?? ??????,
????? ?? ??????,
??? ?? ??????,
????? ???????,
???? ??? ???? ????,
,
?? ????? ????,
????? ???? ?????? ????,
????? ?? ????,
???? ????? ??? ??????,
????? ??? ????,
????? ????,
???? ?????,
,
??? ??? ??? ????,
????? ??????,
??? ????? ????????,
????? ???? ????,
???? ?? ????? ?? ?????,
???? ???? ???? ????,
??? ????????,
,
????? ????????,
,
??? ??? ????,
???? ???? ??? ?????,
????? ??????,
,
??????? ???? ??? ????,
,
???? ?????? ????? ????,
????? ??? ????,
????? ????? ??? ??????,
????? ??? ????,
????? ?? ?????,
???? ??? ?????,
???? ?? ?? ????,
,
??? ?? ???? ????,
? ???? ??? ??????,
,
???? ??? ? ??? ????,
,
,
,
????? ??? ?????,
???? ??????,
,
??? ????,
4? ????  ????? ????,
4???????? ????? ??????,
????? ????? ????? ??? ????,
,
,
???? ???? ????,
????? ????? ?? ??????,
????? ??? ????,
????? ?? ?????,
????? ?????? ?? ????? ?? ?????,
????? ????? ?? 2???? ????,
??? ??????,
???? ???? ????? ?? ????.,
,
,
,
??? ??? ?? ??????,
????? ????? ? ?? ??? ????,
,
?? ??? ??? ??? ??? ????,
???? ??? ????,
????? ?? ??? ?? ?????,
??? ?? ??????? ????? ????? ??? ? ?????,
,
,
?? ?? ?????? ???? ? ????,
,
,
,
,
? ?? ??? ??????,
,
??????? ??????? ??? ??????,
,
??? ????? 2???? ????,
?? ???? ????? ??????,
????? ??????,
???? 24??? ??? ?????,
??? ??? ??????,
?? 24??????,
24???? ??? ??? ? ?? ??????,
,
????? ???????? ????? ??????.,
,
????? ?? ?????,
??????? ??? ?????,
????? ??????,
???? ??? ??????,
?? ???? ????????,
????? ??? ????,
???? ????? ????,
???? ???? ?????,
???? ?????? ????? ?? ????.,
,
???? ?? ????,
?????? ??? ?????,
????? ??????,
??????? ?????? ??? ?????,
,
????? ??? ????,
?? ??? ?????,
?????? ????? ?? ?????,
,
???? N?????? ????? ???????,
,
???? ?? ????,
????? ??????,
M4101??? N?????? ????,
????? ?? ?????,
???? ???? ????,
???? ??? ?????,
????? ?? ????,
??? ??? ????,
????? ???? ???? ?? ?????,
,
???? ???? ????,
????? ????? ?? ??? ????,
??? ????? ??? ?????,
???? ??? ?????? ??? ?????,
??? ????? ??????,
????? ?????? ??? ?????,
????? ??????,
??? ?? ??? ?? ?????,
???? ???? ??? ????.,
????? ???? ??????,
?????? ??? ???????,
?? ??? ???? ????,
????? ??????,
???? ??????,
??? ?? ????,
?????? ??? ?????,
?? ????? ????,
?? ????,
???? ?????? ??? ????.,
????? ???? ??????,
????? ??????,
???? ??? ????,
??? ????? ???????,
????? ????????? ??? ?????,
???????? ???????? ??? ?????,
??? ?? ????,
??? ??? ????,
????? ??????,
????? ????? ??? ?? ????????.,
,
?????? ??? ?????,
????? ?? ?????,
???? ??????,
???? ???? ??????,
???? ???? ??????,
??? ??? ???????,
??? ???? ?? ??????,
????? ??? ???? ??? ??? ?? ????,
,
???? ???? ??? ?? ????,
?????????? ??? ????,
???? ??? ????,
???? ????? ??? ?????,
??? ?????,
??? ?? ????,
????? ?? ?????,
????? ??????,
????? ??? ????,
??? ???? ??????,
,
???? ???? ??? ?? ?????,
???? ???? ??? ?????,
????? ??????,
??? ?? ????,
??? ??? ????,
??? ??????,
??? ???? ??????,
????? ????????? ??? ?????,
??? ??? ????,
???? ???? ????,
???? ?????? ???? ??? ??????,
??????? ??? ????,
???? ??? ????,
??? ????? ??? ????,
???? ?? ??? ??????,
????? ???????? ??? ?????,
????? ??????,
??????? ?????? ??? ?????,
???? ???? ????,
????? ??????,
????? ????? ??? ????,
,
,
,
,
,
,
,
????? ????? ??? ??? ????,
,
,
,
???? ???? ????? ?????,
,
??? ??? ??????,
????? ??? ??? ??? ???? ?????,
????? ???? ???? ??? ????,
???????? ??????.,
???? ???? ??????,
,
,
,
,
,
,
,
,
,
???????? ??????.,
,
,
,
,
,
,
???? ?? ??????,
????? ????????? ???????,
???? ??? ? ????,
???? ???? ??? ?? ????.,
,
,
???? ???? ?????,
,
??? ??? ??? ??? ?? ??????,
???? ??? ???????,
,
??????????,
?? ???? ??? ????,
??? ????,
???? ?????? ?? ??? ??????,
,
,
??? ??? ????,
????? ktx?? ??? ?? ????,
,
????? ???? ??? ??? ?????,
??? ???? ????? ????? ??? ????,
???? ???? ??? ?? ????.,
,
,
?? ??? ? ? ????,
??? ?? ? ????,
????? ????? ?? ??? ?? ????.,
????  ???? ????,
,
???? ??? ?? ?????,
,
,
?? ??? ???? ??? ??????,
????? ??? ?????? ??? ??????,
?????? ? ??? ??? ????,
???? ???? ?? ??? ?? ????.,
,
,
???? ????,
??? ?? ??? ??????,
?? ??? ????,
????? ??????,
??? ???? ??? ?????,
,
???? ????? ??? ????,
,
,
???? ????,
??? ?? ??? ??????,
?? ??? ????,
????? ??????,
??? ???? ??? ?????,
,
????? ??? ??? ????,
,
,
,
?? ?? ??? ????,
???? ????,
??? ?? ?????,
??? ?? ??? ?????,
????? ???????? ??? ????,
,
,
,
?? ?? ??? ????,
???? ????,
??? ?? ?????,
??? ?? ??? ?????,
???? ???? ??? ?? ????.,
,
,
????? ????? ???? ?????????,
,
,
??? ????,
???? ?????? ?? ??? ??????,
,
,
??? ??? ????,
????? ktx?? ??? ?? ????,
,
????? ???? ??? ??? ?????,
??? ???? ??? ????? ??? ????,
,
????? ??? ?????? ??? ?????,
???? ????,
???? ? ?? ??? ????,
???? ??? ?????,
???? ??? ??? ?????,
??? ????? ???? ??????,
??? ????? ??? ??? ????,
??? ???????,
????? ??? ??????,
,
????? ??? ????,
,
,
,
?? ??? ? ? ?????,
,
????? ??? ?????,
??? ???? ????,
??? ??? ?? ? ?????,
?????? ??? ??? ???? ??? ?????,
,
???? ???? ????? ??????.,
,
,
,
???????,
??? ??? ???,
??? ????,
???? ?????.,
,
?? ????? ??????? ????? ??????,
,
??????? ??????,
????? ??????,
????? ??????? ????? ??????.,
??? ???? ?????,
??????? ??????,
?? ??? ??????,
???? ???? ????? ??????.,
,
,
???? ???? ?? ?????,
???? ????? ??? ??????.,
,
,
??? ??? ?????,
?? ??? ??????,
???? ????? ?? ????? ??????.,
,
??? ??????,
???? ???? ????? ??????,
,
,
??? ?????,
? ???? ?? ?????,
???? ??? ????,
???? ??? ?????,
??????? ????? ?? ??? ??????,
???? ??? ?????,
??? ??????,
????? ????? ?? ??? ??????.,
????? ??? ?????,
??? ??? ??????,
????? ????? ?? ??? ??????,
????? ??? ?????,
??? ???? ??????,
???? ????? ?? ??? ??????.,
,
????? ??????,
????? ??? ?????,
???? ???? ??? ??????.,
,
,
??? ??? ?????,
??? ??????,
???? ???? ??? ??????.,
,
,
??? ??? ?????,
?? ??? ??????,
???? ???? ??? ??????.,
,
,
??? ??? ?????,
??? ??????,
???? ???? ??? ??????.,
,
,
??? ??? ?????,
??? ??????,
??? ??????,
???? ???? ??? ??????.,
,
,
??? ??? ?????,
??? ??????,
??? ??????,
????? ??? ???? ??? ??????.,
,
,
??? ??? ?????,
??? ??????,
??? ??????,
???? ???? ??? ??????.,
,
,
??? ??? ?????,
???? ??? ??????,
??? ??????,
????? ????? ??? ??????.,
,
,
??? ??? ?????,
???? ??? ??????,
??? ??????,
????? ????? ??? ??????.,
,
,
??? ??? ?????,
??? ??????,
??? ??????,
???? ???? ??? ??????.,
,
,
??? ??? ?????,
??? ??????,
??? ??????,
???? ???? ??? ??????.,
,
,
??? ??? ?????,
??? ??????,
??? ??????,
???? ???? ??? ??????.,
,
,
??? ??? ?????,
??? ??????,
??? ??????,
???? ???? ??? ??????.,
,
,
??? ??? ?????,
??? ??????,
??? ??????,
???? ???? ??? ?? ??? ???? ??????,
,
,
??? ??? ?????,
??? ??? ??? ?? ??? ?????,
???? ?????,
???? ????? ??? ??????.,
,
,
??? ??? ?????,
??? ??????,
??? ??????,
???? ???? ??? ??????.,
,
,
??? ??? ?????,
??? ??????,
??? ??????,
????? ????? ??? ??????.,
,
,
??? ??? ?????,
??? ??????,
??? ??????,
????? ????? ??? ??????.,
,
,
??? ??? ?????,
??? ??????,
??? ??????,
????? ????? ??? ??????.,
,
,
??? ??? ?????,
??? ??????,
??? ??????,
????? ????? ??? ??????.,
,
,
??? ??? ?????,
??? ??????,
??? ??????,
????? ????? ??? ??????.,
,
,
??? ??? ?????,
??? ??????,
??? ??????,
????? ????? ??? ??????.,
,
,
??? ??? ?????,
??? ??????,
??? ??????,
????? ????? ??? ??????.,
,
,
??? ??? ?????,
??? ??????,
??? ??????,
???? ????? ??? ??????.,
,
,
??? ??? ?????,
??? ??????,
??? ??????,
????? ????? ??? ??????.,
,
,
??? ??? ?????,
??? ??????,
??? ??????,
????? ????? ??? ??????.,
,
,
??? ??? ?????,
??? ??????,
??? ??????,
???? ???? ??? ??????.,
,
,
??? ??? ?????,
??? ??????,
??? ??????,
???? ???? ??? ??????.,
,
,
??? ??? ?????,
??? ??????,
??? ??????,
???? ???? ??? ??????.,
,
,
??? ??? ?????,
??? ??????,
??? ??????,
????? ???? ??? ??????.,
,
,
??? ??? ?????,
??? ??????,
??? ??????,
????? ???? ??? ??????.,
,
,
??? ??? ?????,
??? ??????,
??? ??????,
???? ???? ??? ??????.,
,
,
??? ??? ?????,
??? ??????,
??? ??????,
???? ???? ??? ??????.,
,
,
??? ??? ?????,
??? ??????,
??? ??????,
???? ???? ??? ??????.,
,
,
??? ??? ?????,
??? ??????,
??? ??????,
????? ????? ??? ??????.,
,
,
??? ??? ?????,
??? ??????,
??? ??????,
????? ????? ??? ??????.,
,
,
??? ??? ?????,
??? ??????,
??? ??????,
????? ?????? ??? ??????.,
,
,
??? ??? ?????,
??? ??????,
??? ??????,
????? ????? ??? ??????.,
,
,
??? ??? ?????,
??? ??????,
??? ??????,
???? ????? ??? ??????.,
,
,
??? ??? ?????,
??? ??????,
??? ??????,
???? ???? ??? ??????.,
,
,
??? ??? ?????,
??? ??????,
??? ??????,
???? ???? ??? ??????.,
,
,
??? ??? ?????,
??? ??????,
??? ??????,
?? ????? ??????? ????? ?????,
,
??????? ?????,
????? ?????,
????? ??????? ????? ?????.,
??? ???? ?????,
??????? ?????,
?? ??? ?????,
???? ???? ????? ?????.,
,
,
???? ???? ?? ????,
???? ????? ??? ?????.,
,
,
??? ??? ????,
?? ??? ?????,
???? ????? ?? ????? ?????.,
,
??? ?????,
???? ???? ????? ?????.,
,
,
??? ????,
? ???? ?? ????,
???? ??? ???,
???? ??? ????,
??????? ????? ?? ??? ?????.,
???? ??? ????,
??? ?????,
????? ????? ?? ??? ?????.,
????? ??? ????,
??? ??? ?????,
????? ????? ?? ??? ?????,
????? ??? ????,
??? ???? ?????,
???? ????? ?? ??? ?????.,
,
????? ?????,
????? ??? ????,
???? ???? ??? ?????.,
,
,
??? ??? ????,
??? ?????,
???? ???? ??? ?????.,
,
,
??? ??? ????,
?? ??? ?????,
???? ???? ??? ?????.,
,
,
??? ??? ????,
??? ?????,
???? ???? ??? ?????.,
,
,
??? ??? ????,
??? ?????,
??? ?????,
???? ???? ??? ?????.,
,
,
??? ??? ????,
??? ?????,
??? ?????,
????? ??? ???? ??? ?????.,
,
,
??? ??? ????,
??? ?????,
??? ?????,
???? ???? ??? ?????.,
,
,
??? ??? ????,
???? ??? ?????,
??? ?????,
????? ????? ??? ?????.,
,
,
??? ??? ????,
???? ??? ?????,
??? ?????,
????? ????? ??? ?????.,
,
,
??? ??? ????,
??? ?????,
??? ?????,
???? ???? ??? ?????.,
,
,
??? ??? ????,
??? ?????,
??? ?????,
???? ???? ??? ?????.,
,
,
??? ??? ????,
??? ?????,
??? ?????,
???? ???? ??? ?????.,
,
,
??? ??? ????,
??? ?????,
??? ?????,
???? ???? ??? ?????.,
,
,
??? ??? ????,
??? ?????,
??? ?????,
???? ????? ??? ?????.,
,
,
??? ??? ????,
??? ?????,
??? ?????,
???? ????? ??? ?????.,
,
,
??? ??? ????,
??? ?????,
??? ?????,
???? ???? ??? ?????.,
,
,
??? ??? ????,
??? ?????,
??? ?????,
????? ????? ??? ?????.,
,
,
??? ??? ????,
??? ?????,
??? ?????,
????? ????? ??? ?????.,
,
,
??? ??? ????,
??? ?????,
??? ?????,
????? ????? ??? ?????.,
,
,
??? ??? ????,
??? ?????,
??? ?????,
????? ????? ??? ?????.,
,
,
??? ??? ????,
??? ?????,
??? ?????,
????? ????? ??? ?????.,
,
,
??? ??? ????,
??? ?????,
??? ?????,
????? ????? ??? ?????.,
,
,
??? ??? ????,
??? ?????,
??? ?????,
????? ????? ??? ?????.,
,
,
??? ??? ????,
??? ?????,
??? ?????,
???? ????? ??? ?????.,
,
,
??? ??? ????,
??? ?????,
??? ?????,
????? ????? ??? ?????.,
,
,
??? ??? ????,
??? ?????,
??? ?????,
????? ????? ??? ?????.,
,
,
??? ??? ????,
??? ?????,
??? ?????,
???? ???? ??? ?????.,
,
,
??? ??? ????,
??? ?????,
??? ?????,
???? ???? ??? ?????.,
,
,
??? ??? ????,
??? ?????,
??? ?????,
???? ???? ??? ?????.,
,
,
??? ??? ????,
??? ?????,
??? ?????,
????? ???? ??? ?????.,
,
,
??? ??? ????,
??? ?????,
??? ?????,
????? ???? ??? ?????.,
,
,
??? ??? ????,
??? ?????,
??? ?????,
???? ???? ??? ?????.,
,
,
??? ??? ????,
??? ?????,
??? ?????,
???? ???? ??? ?????.,
,
,
??? ??? ????,
??? ?????,
??? ?????,
???? ???? ??? ?????.,
,
,
??? ??? ????,
??? ?????,
??? ?????,
????? ????? ??? ?????.,
,
,
??? ??? ????,
??? ?????,
??? ?????,
????? ????? ??? ?????.,
,
,
??? ??? ????,
??? ?????,
??? ?????,
????? ?????? ??? ?????.,
,
,
??? ??? ????,
??? ?????,
??? ?????,
????? ????? ??? ?????.,
,
,
??? ??? ????,
??? ?????,
??? ?????,
???? ????? ??? ?????.,
,
,
??? ??? ????,
??? ?????,
??? ?????,
???? ???? ??? ?????.,
,
,
??? ??? ????,
??? ?????,
??? ?????,
???? ???? ??? ?????.,
,
,
??? ??? ????,
??? ?????,
??? ?????,
?? ????? ??????? ???? ? ?????.,
,
??????? ?????,
????? ?????,
????? ??????? ???? ? ?????.,
??? ??? ?????,
??????? ??????,
?? ??? ?????,
???? ???? ???? ? ?????.,
,
,
???? ???? ?? ????,
???? ????? ?? ? ?????.,
,
,
??? ??? ?????,
?? ??? ????,
???? ????? ?? ???? ?????.,
,
??? ????,
???? ???? ????? ?????.,
,
,
??? ?????,
? ???? ?? ????,
???? ?? ???,
???? ??? ?????,
??????? ????? ?? ??? ?????.,
???? ??? ?????,
??? ????,
????? ????? ?? ?? ?????.,
????? ??? ?????,
??? ??? ????,
????? ????? ?? ??? ?????.,
????? ??? ?????,
??? ???? ?????,
???? ????? ?? ??? ?????.,
,
????? ?????,
????? ??? ?????,
???? ???? ??? ?????.,
,
,
??? ??? ?????,
??? ?????,
???? ???? ??? ?????.,
,
,
??? ??? ?????,
?? ??? ?????,
???? ???? ??? ?????.,
,
,
??? ??? ?????,
??? ?????,
???? ???? ??? ?????.,
,
,
??? ??? ?????,
??? ?????,
??? ?????,
???? ???? ??? ?????.,
,
,
??? ??? ?????,
??? ?????,
??? ?????,
????? ??? ???? ??? ?????.,
,
,
??? ??? ?????,
??? ?????,
??? ?????,
???? ???? ??? ?????..,
,
,
??? ??? ?????,
???? ??? ?????,
??? ?????,
????? ????? ??? ?????.,
,
,
??? ??? ?????,
???? ??? ?????,
??? ?????,
????? ????? ??? ?????.,
,
,
??? ??? ?????,
??? ?????,
??? ?????,
???? ???? ??? ?????.,
,
,
??? ??? ?????,
??? ?????,
??? ?????,
???? ???? ??? ?????.,
,
,
??? ??? ?????,
??? ?????,
??? ?????,
???? ???? ??? ?????.,
,
,
??? ??? ?????,
??? ?????,
??? ?????,
???? ???? ??? ?????.,
,
,
??? ??? ?????,
??? ?????,
??? ?????,
???? ????? ??? ?????.,
,
,
??? ??? ?????,
??? ?????,
??? ?????,
???? ????? ??? ?????.,
,
,
??? ??? ?????,
??? ?????,
??? ?????,
???? ???? ??? ?????.,
,
,
??? ??? ?????,
??? ?????,
??? ?????,
????? ????? ??? ?????.,
,
,
??? ??? ?????,
??? ?????,
??? ?????,
????? ????? ??? ?????.,
,
,
??? ??? ?????,
??? ?????,
??? ?????,
????? ????? ??? ?????.,
,
,
??? ??? ?????,
??? ?????,
??? ?????,
????? ????? ??? ?????.,
,
,
??? ??? ?????,
??? ?????,
??? ?????,
????? ????? ??? ?????.,
,
,
??? ??? ?????,
??? ?????,
??? ?????,
????? ????? ??? ?????.,
,
,
??? ??? ?????,
??? ?????,
??? ?????,
????? ????? ??? ?????.,
,
,
??? ??? ?????,
??? ?????,
??? ?????,
???? ????? ??? ?????.,
,
,
??? ??? ?????,
??? ?????,
??? ?????,
????? ????? ??? ?????.,
,
,
??? ??? ?????,
??? ?????,
??? ?????,
????? ????? ??? ?????.,
,
,
??? ??? ?????,
??? ?????,
??? ?????,
???? ???? ??? ?????.,
,
,
??? ??? ?????,
??? ?????,
??? ?????,
???? ???? ??? ?????.,
,
,
??? ??? ?????,
??? ?????,
??? ?????,
???? ???? ??? ?????.,
,
,
??? ??? ?????,
??? ?????,
??? ?????,
????? ???? ??? ?????.,
,
,
??? ??? ?????,
??? ?????,
??? ?????,
????? ???? ??? ?????.,
,
,
??? ??? ?????,
??? ?????,
??? ?????,
???? ???? ??? ?????.,
,
,
??? ??? ?????,
??? ?????,
??? ?????,
???? ???? ??? ?????.,
,
,
??? ??? ?????,
??? ?????,
??? ?????,
???? ???? ??? ?????.,
,
,
??? ??? ?????,
??? ?????,
??? ?????,
????? ????? ??? ?????.,
,
,
??? ??? ?????,
??? ?????,
??? ?????,
????? ????? ??? ?????.,
,
,
??? ??? ?????,
??? ?????,
??? ?????,
????? ?????? ??? ?????.,
,
,
??? ??? ?????,
??? ?????,
??? ?????,
????? ????? ??? ?????.,
,
,
??? ??? ?????,
??? ?????,
??? ?????,
???? ????? ??? ?????.,
,
,
??? ??? ?????,
??? ?????,
??? ?????,
???? ???? ??? ?????.,
,
,
??? ??? ?????,
??? ?????,
??? ?????,
???? ???? ??? ?????.,
,
,
??? ??? ?????,
??? ?????,
??? ?????,
?? ????? ??????? ???? ? ???,
,
??????? ????,
????? ????,
????? ??????? ???? ? ???.,
??? ??? ???,
??????? ????,
?? ??? ????,
???? ???? ???? ? ???.,
,
,
???? ???? ?? ???,
???? ????? ?? ? ???.,
,
,
??? ??? ???,
?? ??? ????,
???? ????? ?? ???? ???.,
,
??? ????,
???? ???? ????? ???.,
,
,
??? ???,
? ???? ?? ???,
???? ??? ??,
???? ??? ???,
??????? ????? ?? ??? ???.,
???? ??? ???,
??? ????,
????? ????? ?? ?? ???.,
????? ??? ???,
??? ??? ????,
????? ????? ?? ??? ???.,
????? ??? ???,
??? ???? ????,
???? ????? ?? ??? ???.,
,
????? ????,
????? ??? ???,
???? ???? ??? ???.,
,
,
??? ??? ???,
??? ????,
???? ???? ??? ???.,
,
,
??? ??? ???,
?? ??? ????,
???? ???? ??? ???.,
,
,
??? ??? ???,
??? ????,
???? ???? ??? ???.,
,
,
??? ??? ???,
??? ????,
??? ????,
???? ???? ??? ???.,
,
,
??? ??? ???,
??? ????,
??? ????,
????? ??? ???? ??? ???.,
,
,
??? ??? ???,
??? ????,
??? ????,
???? ???? ??? ???.,
,
,
??? ??? ???,
???? ??? ????,
??? ????,
????? ????? ??? ???.,
,
,
??? ??? ???,
???? ??? ????,
??? ????,
????? ????? ??? ???.,
,
,
??? ??? ???,
??? ????,
??? ????,
???? ???? ??? ???.,
,
,
??? ??? ???,
??? ????,
??? ????,
???? ???? ??? ???.,
,
,
??? ??? ???,
??? ????,
??? ????,
???? ???? ??? ???.,
,
,
??? ??? ???,
??? ????,
??? ????,
???? ???? ??? ???.,
,
,
??? ??? ???,
??? ????,
??? ????,
???? ????? ??? ???.,
,
,
??? ??? ???,
??? ????,
??? ????,
???? ????? ??? ???.,
,
,
??? ??? ???,
??? ????,
??? ????,
???? ???? ??? ???.,
,
,
??? ??? ???,
??? ????,
??? ????,
????? ????? ??? ???.,
,
,
??? ??? ???,
??? ????,
??? ????,
????? ????? ??? ???.,
,
,
??? ??? ???,
??? ????,
??? ????,
????? ????? ??? ???.,
,
,
??? ??? ???,
??? ?????,
??? ????,
?????? ??? ?? ??? ????.,
,
,
,
?? ?? ??? ??? ???? ?????,
,
,
?? ????? ??????????,
????? ????? ??? ???.,
,
,
??? ??? ???,
??? ????,
??? ????,
?????? ???? ?? ??? ???.,
,
,
,
?? ?? ??? ??? ???? ????,
,
,
?? ????? ?????????,
?? 11? ???? ??? ??? ??? ??? ?? ??? ??? ??? ????,
,
????? ????? ??? ???.,
,
,
??? ??? ???,
??? ????,
??? ????,
????? ????? ??? ???.,
,
,
??? ??? ???,
??? ????,
??? ????,
????? ????? ??? ???.,
,
,
??? ??? ???,
??? ????,
??? ????,
???? ????? ??? ???.,
,
,
??? ??? ???,
??? ????,
??? ????,
????? ????? ??? ???.,
,
,
??? ??? ???,
??? ????,
??? ????,
????? ????? ??? ???.,
,
,
??? ??? ???,
??? ????,
??? ????,
???? ???? ??? ???.,
,
,
??? ??? ???,
??? ????,
??? ????,
???? ???? ??? ???.,
,
,
??? ??? ???,
??? ????,
??? ????,
???? ???? ??? ???.,
,
,
??? ??? ???,
??? ????,
??? ????,
????? ???? ??? ???.,
,
,
??? ??? ???,
??? ????,
??? ????,
????? ???? ??? ???.,
,
,
??? ??? ???,
??? ????,
??? ????,
???? ???? ??? ???.,
,
,
??? ??? ???,
??? ????,
??? ????,
???? ???? ??? ???.,
,
,
??? ??? ???,
??? ????,
??? ????,
???? ???? ??? ???.,
,
,
??? ??? ???,
??? ????,
??? ????,
????? ????? ??? ???.,
,
,
??? ??? ???,
??? ????,
??? ????,
????? ????? ??? ???.,
,
,
??? ??? ???,
??? ????,
??? ????,
????? ?????? ??? ???.,
,
,
??? ??? ???,
??? ????,
??? ????,
????? ????? ??? ???.,
,
,
??? ??? ???,
??? ????,
??? ????,
???? ????? ??? ???.,
,
,
??? ??? ???,
??? ????,
??? ????,
???? ???? ??? ???.,
,
,
??? ??? ???,
??? ????,
??? ????,
???? ???? ??? ???.,
,
,
??? ??? ???,
??? ????,
??? ????,
????? ???? ??????,
,
,
,
743m? ??? ?????,
????? ??? ????,
?? ? ????? ??? ???,
????? ??? ?????,
??? ??? ??? ????,
,
??? ???? ?? ?? ?? ???? ???.,
"?? ???? ??? ? ?? ???, ??? ? ???",
??? ??? ????,
"?, ?? ? ?? ? ???? ?? ?? ??????",
?? ??? ?? ?? ???? ?? ?? ??????,
??? ?? ???? ?????,
"?, ?? ?? 50? ?? ?? ???? 50? ?? ?? ?? ???????",
?? ????? ?????,
"??? ?? ? ????, ???? ??????",
,
??? ?? ? ????????,
,
,
?? ???? ????,
?????,
?? ???? ??? ????,
????? ? ? ??????,
????? ??? ??????,
?? ??? ??????,
,
??? ???? ????? ??? ???,
,
,
?? ?? ???? ???? ?? ? ? ??????,
?? ? ??????,
"?? ???, ???? ?????",
,
,
??? ????,
,
???? ??? ???? ??? ?? ??????,
,
??? ???? ?????,
,
????? ?? ???? ????,
???? ???? ? ??? ???,
,
?? ???? ? ???? ? ????,
,
?????. ? ?? ? ????,
,
?????. ??? ???? ?? ??????.,
????? ????? 15??? ?? ???? ???.,
?? ?? ??????,
"????, ???? ??? ?????",
?? ?? ?? ????? ????,
,
,
"?, ?? ???????",
?? ???????,
,
,
???? ??? 2? ??? ??? ??? ????.,
,
,
? ?? ??? ??????,
????? ? ?????,
"?, ?? ???????",
,
????? ????? ?? ??????,
"??, ?? 2? ?? ??????",
??? ?? ? ? ?? ??????,
,
??? ???? ??? ????. ??? ??? ????,
,
,
"?, ? ? ?? ? ?? ?????",
????? ?? ?? ??????,
? ??????,
,
"?, ??? 3???? ?? ?? ????",
"?, ?? ???? ?? ?? ? ?? ??? ????",
,
"??? ?? ????? ????, ??????",
?? ??????,
6? ???? ???? ? ????,
1?? ? ?? ?? ??????,
,
? ??? ?? ??? ?? ? ?? ?? ????,
"?, ? ??? ?? ????",
??? ???? ????,
,
,
?????. ?? ??? ?? ?? ? ???? ????,
"?? ?? ?????? ?????, ??? ??? ??????.",
,
,
,
?? ??? ????,
?? ? ???? ? ????,
? ?? ??????,
,
? ? ??????,
?? ? ? ????,
?? ????? ? ? ???? ????.,
????? ??? ?? ? ???,
??????? ? ?? ??? ?? ??????,
,
"?, ??? ????",
??? ??? ??????,
???? ?????,
??? ? ??? ???,
??? ??? ????,
,
????? ?? ????? ?? ? ? ?????.,
,
???? ????? ????,
"?, ???????",
,
??? ??????,
??? ?? ????,
?? ?????,
?? ??? ????,
???? ? ?????,
,
?????. ?? ??? ???? ????,
"????? ??? ???, ???? ?????",
,
,
"?, ? ? ???????",
?? ??? ??????,
"?, ??? ????",
,
?? ?? ?? ??????,
,
?? ???? ??? ??? ??? ???? ? ? ?????,
,
,
?? ??????,
"?, ????? ?? ??????",
??? ?????,
?? ?? ??? ??? ????? ?? ???,
"?, ?? ??? ??? ? ? ?????",
,
? ?? ?? ??????,
,
"?? ?? ???, ???, ????? ?? ????.",
??? ??? ??? ?????,
,
"?, ?? ???? ?? ??? ??????",
????? ????? ?? ??? ???,
,
??? ????,
?????? ???? ??? ???,
"?, ??? ????",
,
? ? ?????.,
????? ?? ??? ?? ????.,
,
,
"?, ????? ?? 3?? ??? ???",
? ? ????,
??? ??????,
"?, ?? ???? ??? ?????",
,
? ??? ????,
?????. ?? ??? ?? ? ?? ?????,
,
?? ?? ????? ????,
"?, ? ? ?????",
??? ?? ??? ?????,
?? ??? ?????,
?? ?? ??? ????,
????? ??????,
"?, ?? ??? ????",
????? ? ? ????,
?????. ?? ??? ?? ??? ????.,
????? ?? ??? ?? ?????,
??? ? ?????,
,
? ??? ?? ?????,
??? ?? ??? ? ??????,
?? ???? ?? ??? ????,
????,
??? ? ?? ?? ????,
,
,
"???? ? ? ??? ???? ???? ????, ??????",
,
?? ?????????,
?? ??? ???? ??? ???????,
?? ??? ??????,
???? ?????,
???? ???? ????,
,
?? ?? ? ???? ? ????,
??? ? ??? ?? ?? ?? ?????,
??? ???? ???? ???? ??? ????,
"?, ?? ???? ???? ???????",
?? ???? ???????,
?? ?? ????? ???? ???? ??? ?? ?? ?????,
? ??? ? ???? ???????,
? ??????,
"?, ??? ??? ???",
? ??????,
,
,
?? ??? ???? ??? ??? ???.,
?????? ??? ??? ? ????,
10?? ?? ??? ???? ????? ??? ??? ??? ??????,
????? ?? ???????,
,
,
,
???? ?? ??? ????????,
?? ?? ??? ?? ??????,
?? ??? ??? ?? ??? ????,
???? ????? ?? ?? ??? ??????,
?? ???? ??? ??????,
????? ?????,
?????,
???? ??????,
???? ?? ??????,
?? ????? ?????? ?? ??????,
??? ???? ??? ????,
?? ?? ???? ?? ???????,
,
??? ???? ?? ?? ???? ??? ????.,
????? ?????,
??? ???? ????????,
?? ????? ??? ? ? ???,
,
???? ??? ????,
?????,
?? ??? ?????,
"?, ?? ?????? ??? ?? ????",
,
? ???? ? ????,
,
?????? ?? ???? ???? ???? ?? ?? ?? ?? ??????.,
,
??? ?????,
"?, ???? ?? ?? ?????",
??? ????? ??????,
??? ? ??? ????,
??? ???? ?????????,
? ? ????,
?? ???? ??????,
?? ?????? ?????,
?????.???? ?? ????? ?? ??? ?? ????.,
??? ?? ??? ???? ???????. ?? ??????,
,
??? ??????,
,
,
,
??? ??? ? ????,
?? ??? ??????,
?? ??? ? ? ?????,
,
?????. ????? ???? ??????,
???? ?????,
,
? ?? ??????,
?? ?? ??? ???? ? ?????,
,
"?, ????????",
??? ??????,
"?, ??????",
???? ??? ????,
,
???? ???? ??? ?? ??????,
,
????,
"?, ?? ? ? ?? ?? ???????",
"?, ??? ?? ?????",
??? ??? ????,
?? 9??? ?? ??? ??? ?? ? ???????,
???? ???? ??? ?? ??????,
? ???? ? ??????,
???? ? ???? ??? ???? ?????,
?????. ??? ????? ?? ? ? ??????.,
? ?? ?? ?? ??? ???? ??? ????.,
?? ????? ?? ? ?????,
???? ?????? ??? ???????,
??? ?? ??? ? ?? ?????,
?? ?? ?? ?? ? ?????,
???? ?? ????,
,
?? ?? ?? ??? ??????,
?? ??????,
?? ? ? ?????,
?????. ?? ????? ???? ??? ??? ??.,
??? ?? ??? ??? ???? ?? ?????,
,
?? ?? ????? ??? ?? ??????,
"?, ?? ????? ?? ????? ???? ????.",
??? ??? ?? ??????,
? ?? ??????? ??????,
????????,
"?, ??? ???? ??? ??? ???? ? ??????",
??? ??? ?????,
,
?? ?? ???? ??????.,
??? ?? ? ?? ?? ??? ?? ?? ? ????.,
,
,
,
"?, ? ???? ?? ?????",
,
?? ?? ?? ?? ?? ??? ????.,
???? ?? ?? ??????.,
,
?? ???? ????? ??????.,
?? ???? ?? ??????,
,
"??? ???? ???, ?? ???? ?? ?????",
? ??????,
???? ?? ????????,
?? ?? ???? ??? ????,
??? ?? ??????,
???? ?? ?? ?? ??????.,
,
,
,
,
???? ? ?? ??? ???????,
??? ???,
???? ??????,
??? ?? ?? ????,
?? ?? ????? ?? ??? ? ? ????,
,
????? ??? ???.,
???? ??? ?????,
,
,
??? ?? ????? ???? ??? ????,
?? ? ??? ??????,
?? ??? ?? ??????,
???? ???? ???????,
? ????? ??? ?????,
,
???? ???? ??? ????.,
,
? ? ????,
????? ?? ?? ???? ???? ????,
??? ??? ??? ? ? ???,
"?, ????? ?? ???????",
??? ??? ????,
,
???? ??? ?? ?? ???? ?????,
,
??????? ????? ??? ????,
,
??? ????,
??????,
??? ??? ????,
???? ????? ??????,
????? SRT??? ???,
????? ???? ????,
?? ??? ????? ?? ????,
,
700? ?? ??? ?? ? ? ????,
,
,
,
"?, 500? ?? ?? ??? ???? ? ?????",
,
,
?? ?? ??? ????? ???? ?? ?? ??????,
???????,
,
?????. ??? ?? ?? ? ? ?????,
,
,
???? ?????,
"?, ???? ?????",
"?, ?? ??? ?? ????????",
,
"?, ?? ? ?? ???? ?? ? ?? ?????",
,
,
?????. ?? ??? ?? ?????.,
??? ????? ??????? ??? ????,
,
???????? ???? ??????,
2?? ?? ???? ?? ? ??????,
??? ??? ????,
??? ??? ????,
??? ????? ?? ?????,
?????? ???????? ??? ? ? ?????,
,
?? ???? ????? ?????? ??????,
,
?????? ???? ? ? ????,
?????,
? ?? ?????,
? ??? ????,
??? ????,
??? ?????,
,
?? ???? ?? ? ?????,
?????. ??????? ?????? ??? ????.,
?? ?? ? ? ?? ?? ? ????????,
??? ??????????,
"????, ?? ??? ??? ?????",
,
?????? ??? ????,
?? ???? ? ?????,
?? ? ??? ?????,
?? ???? ?? ??????,
,
?? ?? ????? ????,
??????? ?????? ??? ???,
,
,
"?, ????? ?? ?? ????",
,
??? ?? ?? ?? ?????,
?? ? ??? ????,
?? ?? ?? ??????,
,
????? ?? ?? ??? ????,
,
??????,
??? ????????,
??? ?????,
,
??? ? ? ?????,
,
??? ? ??? ?????,
1300? ?? ??? ????,
?? ??? ? ? ????,
?????? ??? ?? ?? ?? ? ????????,
,
?? ??? ????,
??? ?? ??? ????????,
????? ???? ? ???,
,
??? ????? ??? ??? ??????,
??? ????????,
,
????? ??????? ??? ???,
,
? ??? ????,
??? ?? ????,
??? ??????,
? ??? ??? ?????,
?? ??? ????,
?? ???? ??????,
????? ??? ???,
,
????? ???? ??? ?? ? ? ????,
,
??? ?????,
???? ?? ??? ??????,
??????? ????? ???,
??? ???? ?????,
?? ???? ?????,
?????? ??????? ???????,
?? ? ??? ??? ????,
?? ?? ??????,
?????? ??? ??? ????.,
,
,
????? ? ? ?????,
???????? ??? ???? ????????,
??? ?????,
???? ?????? ???? ????,
???? ?????? ???,
???? ??? ??????,
??? ?? ?? ??????,
????? ??????? ??? ????.,
?? ?? ?? ? ??? ? ?????,
??? ??????? ?????,
??????? ???????,
704? ???? ??? ???,
???? ?????,
????? ???????? ?????? ???,
??? ??????,
?? ???? ????,
?? ??????,
????? ??? ?? ?? ? ?????.,
,
???? ?? ????,
???? ?????,
??? ??? ??????,
??? ????,
????? ??? ??? ????,
???? ??? ????,
??????,
,
???? ?????? ????? ?????,
,
??? ????,
?? ???? ?????,
?????? ??? ????,
,
?? ???? ??? ????,
,
??? ???? ? ?????,
??? ? ? ?? ?????,
???? ??? ????,
????? ??????? ??????,
,
?????? ???????? ?????,
?????? 3?? ??????,
,
?? ??? ??????,
?????? ???? ??? ??? ?? ??????,
? ?? ??? ??? ???? ?????,
?? ?????? ????? ??????,
??? ????,
,
?????? ??? ?? ?? ? ?????.,
???? ?? ??? ?? ????,
?? ??? ?????,
,
9????,
????? ????? ????????,
?????,
??? ????? ??? ???,
? ?? ??? ????,
?? ???? ??????,
??????? ????? ??? ?? ?????,
,
?? ????? ? ?????,
?? ??????,
,
??? ???????? ?????? ??? ????,
???? ? ??? ???? ????,
???? ??? ? ? ????,
???? ??? ??? ?? ????,
?? ?? ??? ?????,
?????. ??? ????? ???????.,
??? ?? ??? ?? ?? ? ?? ????,
,
,
,
??? ? ??????,
??? ????,
1????? ? ?? ??? ????,
,
,
????? ???? ??? ?????.,
,
???? ?????,
????? ???? ??? ???,
????? ???? ? ? ?? ???? ?????,
????? 4?? ???? ???? ????,
? ??? ??? ??????,
,
??? ??? ?????,
,
,
?????. ??? ???? ??? ????.,
??? ???? ????,
,
????? ??? ? ????,
,
??? ?? ? ? ????,
2?? ?? ??? ????,
??? ???? ? ? ??????,
??? ? ? ?? ??? ???,
???? ?????,
,
????? ?? ??? ?? ????.,
,
,
"?, ??? ????",
??????,
?? ????? ????,
,
"?, ??? ??? ???",
????? ?? ?? ?????,
??? ??? ?????,
????? ???????? ????.,
,
,
1? ????????,
?? 1?? ? ??? ????,
???? ??? ???? ???,
?? ? ??? ??? ??????,
?? ???????,
,
,
?????? ?????? ?? ? ? ? ? ?????,
?. ??? ?????,
?? ??? ????????,
1????? ???? ? ? ????,
? ??? ????,
?? ?? ?? ??????,
????? ???? ??? ?????,
?????????,
,
???? ??? ????,
,
???? ??? ??????,
?? ????? ?? ?????? ??? ????.,
,
,
??????? ???? ??? ???????,
????? ???? ??? ??????,
??? ? ? ??? ???? ?? ?????,
?? ? ?? ?? ? ?????,
,
??? ????,
????? ????? ?? ?? ?? ? ?????.,
,
,
2?? ???? ??? ????,
?????? ?????? ?????,
? ??? ??? ?? ????,
,
??? ??? ????,
? ??? ????,
,
??? ??????? kbs??? ????.,
,
,
,
?? kbs ?? ??? ????,
?? ??? ?????,
??? ????? ????,
,
??? ??? ?? ??? ? ? ?? ?? ?????,
?? ??? ? ? ?? ?? ???? ????,
,
????? ????? ?? ??? ?? ????.,
,
??? ??? ??????,
??? ??? ??????,
????? ?? ?? ??? ?????.,
???? ??? ?????.,
??? ?? ?? ?????? ????,
??? ?? ????? ??? ?????,
????? ??????,
?????? ????? ??????,
????.,
???? ?? ? ??? ????,
?? ?? ??? ????,
,
????? ?????,
???? ?? ?????,
?????? ?? ?????,
BRT ?? ?? ???,
?? ??? ? ?? ? ? ??????,
?? ????,
,
???? ?? BRT? ???? ???? ??? ???,
???? ???? ??????,
,
,
KTX?? ???  ????,
???? ?????,
,
??? ????,
11? 2?? ??? ???? ?? ????,
,
????? ??????? ?? ???? ????.,
,
,
,
???? ??? ????,
??? ?????,
??? ??? ???????,
????? ????? ??????,
?? ?????,
,
,
?? ??? ??? ?? ? ? ? ????,
,
,
,
,
,
"?, ???? ? ?? ????? ?????.",
,
???? ????,
??? ?????.,
"?, ??? ???? ?? ?????",
???? ??? ??? ?? ?? ? ? ????,
,
,
,
,
?????? ??? ?? ??? ????,
??????,
,
??? ? ???? ???,
?????? ??? ?????,
??? ?????,
????? ???? ?? ????,
????? ?? ???? ????,
,
,
,
,
??? ??????,
??? ??? ?????,
1001? ???? ???????,
,
,
???? ??? ??? ??? ???? ?? ????,
,
,
,
,
?? ??? ?????,
,
,
,
?? ?? ?? ???,
,
710?? ???? ????.,
???? ??? ????,
,
"?, ?? ??? ??? ????",
?????,
??? ?????,
,
???? ???? ???,
???? ????,
???? ??? ????,
10??? ?? ???? ????,
"?, ???? ?? ?? 10????",
????? ?? ?? ?? ????,
???? ??? ?????,
,
???? ??? ????,
,
,
???? ? ? ????,
??? ?? ??? ? ? ? ?????,
??? ?? ??? ????,
3? ??? ????,
???? ?? ??????,
???? ?????,
???? ?? ????,
?? ??? ??? ?? ???,
??? ?? ?? ?? ????,
,
???? ? ?? ???,
?? ?? ?? ????,
,
,
,
116? ?? ??? ???,
,
????? ?????,
,
,
????? ???? ??? ????,
???? ??????,
"?, ???? ?? ?? ? ??????",
???? ??? ?? ?? ????,
?? ????,
????? ?? ?? ?? ??? ??? ????,
,
?? ???? ????,
???? ???? ????,
??? ?? ??? ?????,
????? ??? ????? ?????,
,
??? ?? ??? ??? ????,
??? ? ?? ????.,
,
,
????? ?? ??? ???,
,
,
,
107??,
,
??? ???,
600M? ??? ?????,
,
?? ??? ??? ???,
"?, ??? ?????? ?? ?? ???",
?? ??? ???,
,
,
?? ?? ???? ???????? ?????,
????? ??????,
?? ??? ??? ????? 211? ?? ?? ???,
??????? ??? ????,
,
?? ? ??? ???.,
?? ?? ?? ?????,
,
,
,
108?? ???? ????,
?? ????? ????,
????,
?? ???? ? ?? ????,
10?? 20? ????,
MBC???? ??? ????,
???? ??? ????,
,
,
,
,
618????,
?? ????,
,
"?, ?????.",
?? ??? ??????,
,
,
,
,
???????,
???? ??????,
??? ?? ? ? ????,
?? 311? ?? ???? 603??? ???? ??? ???,
,
????,
?? ?? ? ? ??? ???? ??? ?????,
"? ,???? ??????",
,
,
,
,
????? ???? ????,
,
503???,
?? ??? ?????,
,
,
KTX? ???? SRT? ????,
????,
?????? ??? ????.,
"?, ????",
,
?? ?? ?????,
,
,
????? ??? ?? ?? ????,
,
?? ???? ?? ?? ??? ????,
??? ????? ???? ????,
?? ?????? ???? ??? ?????,
?????? ?? ?????,
?? ?? ?? ?? ?????,
?? ?????,
30? ???,
,
??? ? ?? ??? ?????,
,
??? ????,
,
??? ?????,
,
311? ?? ?? ????,
??? ?? ??? ????,
??????,
??? ? ??? ????,
,
105? ? ??? ?????,
105? ??? ??? ????,
,
????,
"?, ??? ??? ? ??? ?????",
,
,
30?? ??????,
?? 105? ?? ??? ?????,
?? ?? ?? ??? ?? ?????.,
,
,
?? ??? ?? ????,
,
,
,
?? ?? ????,
,
???? ?? ?????? ? ?????,
,
,
,
???.,
"?, ??? ???  ?????",
???? ? ???? ?????,
???? ? ?????,
??? ? ?????,
,
,
???? ??? ?? ?? ??  ????,
501????,
??? ????,
,
?? ??? ?? ? ?? ?? ????.,
??? ?? ?? ??? ?????,
,
??????,
??? ????,
,
????? ?? ?? ????,
????? ????,
????? ???? ????? ??? ?????,
????? ?? ??? ???.,
,
?? ?? ? ?????.,
??? ?? ??????,
??????.,
,
?????,
,
???? ???,
?????,
703? ?? ???  104??? ???? ?????,
???? ??????? ??? ??????.,
,
,
,
BRT 1001? ?? ??? ??????,
????? ????? ? ?? ??? ????,
,
????? ??? ??. ????? ?? ????? ?????,
?? ????? ? ???? ????,
,
???? ???? ????? ?? ????.,
,
,
,
?? ??? ??? ????,
????? ????? ? ?? ??? ????,
,
?? ??? ??????,
???? ???????,
,
???? ???? ??? ?? ????.,
,
,
,
??? ??? ????,
????? ????? ? ?? ??? ????,
,
??? ??? ????? ? ?? ?????,
??? ??? ? ??????,
,
???? ???? ??? ?????? ????????,
,
,
,
??? ??? ????,
????? ????? ? ?? ??? ????,
,
????? ??? ?????,
?????? ??? ????,
,
???? ???? ????? ??????.,
,
,
,
??? ??????,
????? ????? ? ?? ??? ????,
,
"????? ???? ????,??? ??? ????",
????????? ???????,
,
???? ??? ?? ????? ??????,
,
,
,
BRT 990? ?? ??? ??????,
????? ????? ? ?? ??? ????,
,
????? ???? ?????? ????,
??? ???? ?? ????? ???? ??????,
,
??????? ????? ????? ??????.,
,
,
,
??? ??????,
????? ????? ? ?? ??? ????,
,
????? ??? ????? ?? ????? ??1? ??? ????,
????? ?? ??? ???? ????????,
,
??????? ???????? ??? ??????.,
,
,
,
BRT 1000? ?? ??? ??????,
????? ????? ? ?? ??? ????,
,
704?? ?? ??? ?????? ????,
?? ?? 704?? ?????? ????,
,
?????~ ???? ?????? ??? ??????.,
,
,
,
831??? ??? ??????,
????? ????? ? ?? ??? ????,
,
????? ??? ? ??? ????,
???? ?? ??? ?????,
,
????? ?????? ??????.,
,
,
,
??? ??????,
????? ????? ? ?? ??? ????,
,
?????? ????? ???? ?????,
?? ???? ???????,
,
"???? ??? ?? ??? ??????,",
,
,
,
??? ???? ?? ?????,
"??????, ????? ??? ?????.",
,
????? ???? ? ???? ????,
??? ????? ? ? ?????,
,
????? ????? ????? ?? ????.,
,
,
,
??? ???? ????????.,
????? ????? ? ?? ??? ????,
,
?? ????? ????? ?????,
?? ???? ???????,
,
??????? ??? ??? ?? ????? ??????.,
,
,
,
??? ???????,
????? ????? ? ?? ??? ????,
,
???? ??? ????,
??? ??? ??????,
,
?????. ??? OOO???. ??? ???????,
,
,
,
??????????,
?????,
????? ????,
???? ??????,
????? ??? ?????,
????? ??? ?????,
,
???? ???? ??? ????? ????????,
,
,
,
??? ??????,
????? ????? ? ?? ??? ????,
,
????? ??? ??.????? ???? ???? ? ? ?????,
?? ???? ???? ????? ??????,
,
????? ???? ??? ????? ????????,
,
,
,
??? ???? ? ? ?????,
????? ????? ? ?? ??? ????,
,
??? ?? ?? ??? ak? ?? ? ? ?????,
???? ??? ?? ??? ????,
,
????? ??? ?? ????? ??????.,
,
,
,
??? ???????,
????? ????? ? ?? ??? ????,
,
???? ??? ??? ?? ??? ?????,
?? ???????,
,
???? ???????? ????? ??? ??????,
,
,
,
BRT 1000? ?? ??? ??????,
????? ????? ? ?? ??? ????,
,
???? ?? ?? ??? ??????,
????? ??? ???? ? ? ?????,
,
????? ???? ????? ??????.,
,
,
,
??? ???? ? ? ????,
????? ????? ? ?? ??? ????,
,
???????? ??? ?? ???? ????,
??? ? ????? ?????,
,
???? ????? ????? ?? ????.,
,
,
,
???????? ??? ????,
????? ????? ? ?? ??? ????,
,
?????? ?? ? ? ?? ?? ????,
?? ??? ???? ???? ? ??? ? ? ????,
,
"????? ???????? ?? ?? ????,",
,
,
,
??? ??? ??? ????,
????? ????? ? ?? ??? ????,
,
????? ??? ???????,
????? ??? ???? ? ? ?????,
,
???????? ?? ?????.,
,
,
,
??? ? ? ?????,
????? ????? ? ?? ??? ????,
,
??????? ????? ???? ???? ???????,
??? ??? ??? ??? ???,
,
????? ??? ??? ??? ??????.,
,
,
,
?????? ??????,
????? ????? ? ?? ??? ????,
,
?????? ????,
???? ?? ????? ??????? ? ? ?????,
,
???? ??????? ??????.,
,
,
,
?????? ??? ????,
????? ????? ? ?? ??? ????,
,
????? ??? ???? ??????.,
????? ??? ???? ???? ? ????,
,
???? ????? ?? ?? ?? ???? ?? ????.,
,
,
,
????? ??? ????,
????? ????? ? ?? ??? ????,
,
????? ??? ????? ?????? ?? ???? ?????? ??? ???????,
???? ???? ??? ?????,
,
????? ????????? ??????.,
,
,
,
??? ???? ? ? ?????,
????? ????? ? ?? ??? ????,
,
???????? ?? ???? ????? ??? ??? ? ? ?????,
?? ???? ?????,
,
?? ??? ???? ????,
,
,
,
????? ????? ????,
,
?? ? ?? ?? ? ??????,
??? ?????,
,
????? ?? ?? ??? ? ?? ??? ?????,
???? ?? ?? ?????.,
,
,
21??? 990? ? ?? ????? ??????,
,
?? ? ? ?? ?? ? ??? ?? ?? ?????? ??????,
,
??? ? ??? ??? ????,
????? ????? ??? ???????,
,
,
????? ????? ?????? ??? ? ? ????,
,
,
ktx?? ?? ??????,
???? ?????????,
,
????? ?? ??????,
????? ??????? ?????,
,
?? ??????? ?? ????,
,
????? ??? ? ?????.,
,
? ????. ??? ??? ?????,
? ?? ???? ?????. ??? ??????,
? ??? ??????,
?????? ????,
??? ????? ?????,
??? ??? ????,
? ??? ????????,
?? ????? ?? ??? ? ???? ??? ???? ?? ??? ????,
?? ????? ???? ????????. ????? ? ????,
,
??? ?? ? ? ????,
,
,
,
,
,
???? ????? ?? ????,
???? ?????.,
,
???T ???? ????? ??? ??????,
,
?? ???? ??? ?? ?? ??? ????????,
?? ??? ??? ????,
???? ?? ?? ?? ??? ??????,
? ???? ???????? ???? ??? ? ? ????,
?????? ?? ??? ????? ??????,
???? ???? ?? ? ????,
?? ????? ????? ??? ???? ????? ?? ??? ????,
,
???T ????? ?? ???????,
,
?? ?????? ?????????,
??? ? ??? ??? ? ????,
9? ???? ??? ?????,
?? ?? ??? ??? ?????? ?? ?? ??????,
??? ???? ??????,
,
,
?? ??? ??? ??? ? ????,
,
???? ?? ??????.,
??? ??? ???? ??????,
??? ??? ?? ??? ??? ????,
???? ???? ??? ??? ??????,
,
?? ??? ?? ? ?? ????,
????? ?? ? ? ????,
?????? ??????,
?? 6? ???? ?? ??? ??? ???????,
?? ?? ??? ???? ?? ????? ??? ?? ????,
,
??? ??? ? ??? ????.,
,
,
,
,
,
,
??? ??????,
,
???? ??????,
?? ????? ???? ?????,
,
?? ?? ??? ? ?? ?? ??? ?????.,
,
,
?. ????? ???? ???? ?? ????,
,
,
?? ??? ? ??? ?????? ??? ??? ? ??? ?????.,
,
,
?????? ???? ???? ?? ??? ???? ???? ???? ????????,
,
????? ???? ????,
,
??? ? ?? ??? ??????,
???? ? ?  ?????,
?????,
,
,
???? ???? ??? ????,
??? ??? ???????,
,
??? ??? ??????? ???? ???? ?? ??????? ?? ?????.?? ????,
?????? ?? ? ?????????? ??? ?? ? ??? ??????,
??????? ???? ??? ?? ??????,
?? ????? ???? ??? ??? ? ?????,
?? ???? ?? ?????? ?? ??? ?? ??????,
?? ?? ?? ?? ???? ???? ???? ?? ??? ???? ? ?? ???????? ??? ???? ??????,
,
?. ?? ???? ??? ????,
???? ??? ??? ?? ? ? ????,
???? ????? ?? ?? ? ????,
?? ???? ??? ???.,
,
,
,
,
?? ???? ?? ?? ??????,
?. ? ??? ?????. ???? ????? ??? ??? ??? ????? ??????,
?? ??? ? ????? ?? ???? ????? ??????,
,
,
"? ??? ? ??? ????? ?????, ???? ? ???????",
,
,
???? ? ?? ?????,
??? ????,
,
?? ??? ?????? ?? ? ?? ? ???,
,
? ??? ??? ?????? ??? ????,
????? ? ?? ?????,
,
21? ?? ????? ??????.,
,
?? ? ?? ???? ???????,
???? ??? ???? ???? ? ??? ? ? ????,
,
?? ??? ??? ??? ??? ?????? ??? 21? ??? ????,
? ? ???? ?? ????,
??? ??????,
?? ??? ??? ??? ? ?????,
? ??? ??????,
????? ?????? ??? ??? ?????.,
,
,
1?? ??? ????? ??????,
?? ?? ? ? ??? ???????,
??? ?? ? ? ????,
9??? ??? ????,
9??? ??? ?? ????? ?????,
????? ????,
?????? ???? ??? ??? ??? ????,
?? ?? ??? ???? ??? ?? ??? ????.,
,
???? ??????,
,
???? ???,
?? ???? ? ????,
?? 500? ????????,
,
???? ???? ??? ?????.,
??? ??? ??? ? ????,
,
SRT? KTX ??? ????,
SRT? ????? ?????,
SRT? ????? ? ? ????,
,
SRT???? ??? ???? ????????,
?? ????? KTX? SRT???? ??? ? ???,
SRT? KTX ? ?? ??? ??? ? ????,
16?? ???????? ? ?? ?? ????? ??? ?????,
????? ??? ????,
,
,
?? ??????? ?????? ???? ??????,
????? ????,
???????,
????? ?? ??????,
,
?? ???? ???? ???? ?? ??? ?? ?????,
?????? ??? ??????,
?? ??? ??? ????,
????? ??? ????,
?? ??? ????? ???? ????????,
,
?? ??? ??? ????? ??? ?? ?? ??? ??? ???? ?? ?? ??? ????.,
,
???? ??????,
?? ?? ???? ?? ????? ??? ?? ?? ?????,
?? ? ??? ???,
??? ? ????? ?? ????? ? ????,
"??? ????, ???? ??? ?? ?? 1??? ??? ??? ? ??????",
?? ??? ?? ?? ??? ????? ?????,
,
??? ??? ??? ? ? ????,
,
202? ?? ?? 20??? ?? ?????,
?? ???,
,
???? ??????,
???? ?? ?? ???? ??????,
?? ????? ? ??? 205? ????? ???????,
?? ??? ?? ??? ?????????,
?? 202? ?? ???? ??? ???????,
,
?? ??? ??????,
,
???? ?? ???.,
???? ????? ???? ?????. ??????? ??? ??? ?? ??????,
? ??? ?????? ?????,
,
,
,
??? ???????,
,
???? ????? ???? ????????,
,
????????? ?????? ??? ? ? ????,
,
???? ?? ??????,
105? ??? ?? ????,
,
?? ???? ???? ???? ?????,
?? ?? ????? 2700?????,
,
?? ???? ??? ????,
,
???? ????? ?? ? ??? ??? ??? ?? ?????,
,
????? ??? ??? ??? ????? ?????,
,
"??, ?? ?? ??? ?? ???? ???? ?? ??? ?????",
??? ???? ????,
??? ???? ??? ???? ?????,
,
"??? ???? ?????, ??? ?? ? ? ????",
???T ??? ?????????,
?? ???? ? ?????? ??? ????,
,
,
?? ??? ??? ? ????,
,
,
,
?? ??? ????????,
,
,
,
? ?? ??? ??? ??????,
????? ???? ??? ???? ??? ? ? ????,
??? ???? ????,
???? ? ? ?????,
??? ??? ???????,
??? ?? ? ? ??? ?? ?? ????,
,
??? ?????,
??? ????? ??????,
,
????? ?? ?????? ????,
??? ?????????,
???? ?? ???? ? ?????.,
,
,
??? ????????,
BRT? ????,
113?? ?? ??????,
?? ?????? BRT? ????? ????,
???? ??? ? ?????,
,
?? BRT ????? ??? ???????,
???? ???? ?? ? ?????.,
,
,
,
KTX?? ????? ??? ????,
??? ?????,
??? ????,
??? ??? ????,
??? ??? ??? ??? ??????,
SRT? ?? ??????,
????? ????? ?? ?? ????,
,
? ? ?? ?? ????,
? ? ??? ????,
?? ?? ?? ??? ???????,
??? ? ??? ?????,
??? ?? ??? ????,
?? ????? ??? ????,
,
????? ????? ?? ?????,
,
??? ???? ????? ??? ????,
,
,
?? ????,
?.. ???? ? ??????? ????,
?? ? ? ??? ???? ????,
"? ? ??? ? ?? ??, ?? ????",
????? ?? ?? ? ?? ? ?????,
???? ??? ??? ? ????,
?? ?????,
???? ?? ???? ?? ?? ? ?????.,
??? KTX ??????,
"?????? ???? ????, ????? ?????",
,
???? ??? ???? ??? ??? ????,
? ??? ????,
,
? ???? ??? ??? ??? ???? ??? ???? ??? ????,
,
?????? ????? ??? ????,
"? ??? ??? ? ??? ????, ?? ?? ?? ?? ??? ??? ? ??????.",
??? ?? ? ??? ?????? ??????,
?? ???? ??? ???? ???? ? ? ?? ??? ?????.,
,
????? ???? ?? ???? ??? ?????,
,
"?? ??? ???? ? ?????, ???? ????? ??? ????",
,
?? ????? ???? ????? ????? ???? ?????,
????? ???? ??????,
,
??? ????? ??? ?? ?? ?????. ?? ?????.,
? ? ??????,
??? ????,
???? ? ????,
?? ?????? ????? ????,
101? ?? ???? ????? ?? ? ?????,
?????????? ???? ????? ???????,
,
?? ???? ???????,
,
,
???? ?? ?? ?? ????,
,
?? ??? ??? ????,
? ??? ?????,
,
?? ???? ?? ?? ? ? ????,
? ??? ??????,
,
???? ??? ?? ????,
,
????? ?? ??? ??? ? ? ?? ????,
,
???? ?? ?? ?? ?? ??????.,
,
,
????? ?? ??????. ??? ? ?? ??????,
??? ???? ? ????,
?? ????,
?? ????? ?? ??? ? ? ????? ???,
,
??? ??? ????,
????? ?????,
,
??? ???? ?? ??? ???.,
,
,
,
??? ?? ??? ?????? ?? ??? ?? ?? ?????..,
,
?? ?? ????? ??? ??? ??? ?? ????,
??? ??? ????,
,
? ?? ??? ??? ???? ? ???? ???? ??? ????? ????.,
,
????? ???? ?? ??? ?????.,
??? ? ? ????,
????? ????,
?? ??? ???????,
??? ?????,
,
?? ???? ????,
,
?? ??? ???? ? ??????,
?? ?? ????? ??? ???? ???? ????????,
???? ???? ?????,
????? ?????? ??? ?? ?? ????,
?? ????????,
?? ?? ?? ?? ??? ????,
???? ??????,
???? ???? ? ? ????,
??? ?? ??? ?????,
????? ?????? ?? ????,
??? ? ? ??? ???????,
,
,
????? ?? ?? ? ?????.,
,
,
,
? ??? ?????,
???? ??? ??????? ?? ????? ? ????.,
??? ????? ? ? ??? ??? ?????.,
???5????? ????? ??? ?????,
,
????? ????? 211? ??? ?? ???,
,
?? ??? ????? ???.,
??? ?? ?? ?? ? ???? ? ????,
,
,
,
,
??? ?? ? ? ????,
,
?? ? ??? ??? ??? ????,
,
????? ????? ?? ??? ?????,
??? ?????,
? ????? ??? ? ?? ?????,
? ????? ????,
,
??? ?? ?????,
,
?? ?? ?? ? ? ?? ??? ? ?????,
,
? ?? ?????,
,
????? ???? ?? ?? ?? ??????.,
?? ??? ??????,
?? ????? ??? ???? ?? ?????? ??????,
?? ???? ???? ???? ????? ??? ??????,
?? ??? ????? ????????,
,
,
?? ?? ?? ????,
????? ????,
,
,
??????? ??????? ??? ??? ????,
?? ??? ? ? ???,
??? ?? ?????? ??? ?? ?? ? ???????,
,
??? ??????,
? ??? ?????,
?????? ?????? ??? ????,
?? ????? ?????? ? ? ?????,
,
,
??? ??? ?? ?????? ?? ??? ???? ????,
,
"?? ???? ????, ?? ?????? ???? ????? ??? ?? ????? ?????",
,
??? ??? ????,
,
,
,
??? ??? ???????,
,
??????? ??? ?? ??? ?????.,
,
,
? ?? ??? ??????,
?? ? ????????,
???? ?????,
????,
"? ??. ????? ?????? ? ??????, ?? ?? ?????",
??? ?? ??? ??? ????,
,
?? ??? ?? ?? ????,
,
???? ???? ??? ??????,
,
?? ?????? ??? ?? ?? ????,
? ? ???? ??????,
,
,
,
???? ???? ?????,
,
????? ?? ??? ??? ?? ?? ?? ????,
,
,
?? ??? ?? ????????,
?? ??? ???? ????,
?? ????? ??? ?? ??? ?????,
? 6??? ????????,
???? ???? ? ???? ??? ???? ???????.,
?? ??? ????,
,
???? ?? ? ??? ??????,
?? ? ?? ?? ??????,
??? ????? ???? ??????,
???? ?? ??? ? ? ?? ????,
501? ?? ??? ??? ?? ????,
,
???? ?? ??? ?? ??????,
,
?.. ? ?? ?? ????,
,
?? ??? ?????.,
,
,
,
?. ????????? ???? ???? ????? ????,
???? ???? ? ??? ?? ?? ?? ???,
,
"?? ?? 11???? ??? ?????, ? ??? ??????",
,
?. ??? ????,
?? ?? ? ??????.,
,
,
,
,
????? ????,
,
,
,
????? ????????,
,
?? ???? ?? ?? ?? ?? ?? ????,
???? ? ?? ?? ????,
,
? ?? ?? ????,
,
?. ?? ?? ???? ??????,
"?.. 11? ??? ????, ??? ????",
,
?? 8?20? ? ????? 7? 20?? ??? ??? ??? ? ????,
,
,
???? ???? ???? ?????.,
???? ???????,
,
???????,
KTX???,
???? ??? ???? ????,
?? ?? ?? ?????,
?????. ? ??????,
?? ??? ??? ????,
?? ???? ??? ??? ? ? ????,
?? ???????,
??? ???? ???? ??????,
??? ?????,
?? 5? ?? ?? ?????.,
6? 44? ? ??? ????,
???? ?? ?????.,
??? ??????,
?? ??????,
???????? ?? 5? ?? ?????.,
??????????,
??? ????,
?????? ???????? ?? ?????.,
,
?? ?? ?? ?? ??? ??????,
,
???? ???? ?????,
??? ??? ??????,
???? ???,
??? ???? ???????,
?? ???. ???? ??? ????,
,
???? ????? ??? ?? ?? ????,
???? ????????,
??? ??? ???,
N61??? ???? ?????,
??? ???? ?????,
????? ?? ??? ??? ?????.,
?? ?? ?????,
? ???? ?? ?????,
,
,
????????? ??? ?? ???? ??????.,
,
? ???? ????,
??? ???? ??? ???? ??? ????,
??? ????,
??? ??? ????,
??? ?????? ????,
???? ???? ?????,
,
?? ?? ? ????.,
??????? ??? ???? ? ??????,
?? ?? ?? ????????,
?? ???? ?? ? ?????.,
??? ????,
,
??? ????? ????,
,
?? ???? ??????? ????? ? ? ?????,
,
?? ??????,
???????????? ???? ??????,
12:55? ?? ??????,
? ??? ????,
?????? ??? ????,
??? ?????,
??? ??? ????,
,
????? ??? ??? ?????? ? ? ?????,
??? ???????,
,
,
??? ?????,
1???? ??????,
????????? ??????? ??? ????,
?? ???? ???? ????,
?? ???? ?? ???? ?????.,
?????,
,
????? ?? ???? ????? ?????.,
,
,
?? ?? ??????,
??? ?????,
???? ???? ??? ??? ?????,
??? ????? ????,
????? ?? ??? ????,
??????? ??? ?????,
,
,
?? ??? ????,
??? ????,
????? ????? ??? ?????.,
,
??? ????,
???? ?? ? ?????.,
,
????? ????? ?? ?? ? ?????.,
,
,
,
????? ??????,
????????? ??????? ??? ???,
??? ????,
??? ?? ???????,
?? ???? ???? ??? ????,
,
???? ???? ????,
?? ?? ?? ???? ????? ?? 2? ??? ? ????,
??????,
??? ?????,
????? ?????,
????? ??? 70? ??????,
???? ??? ??? ???,
???? ?????,
??????,
?? ????,
???? ?? ?????.,
???? ??? ????? ??? ??? ?????.,
,
,
???? ?? ?????,
????????,
??? ????,
???? ?????,
?? ??? ????,
,
??? ? ??? ???? ?????,
?? ?????. ?? ???? ?????,
,
,
??? ?? ?? ????? ????? ??? ?????,
???? ??? ???????,
?????? ???? ??? ????? ??????,
??? ?? ?? ?? ? ? ?? ??? ????,
????? ????????,
,
???? ?????? ?? ??? ?????.,
??? ??????,
??? ?????,
?? ???? ????? ?? ????????,
??? ??? ?????,
????. KTX???,
?????? ???? ????,
??? ????? ?????.,
???? ??? ????????? ??? ?? ????,
???? ?????,
??? ??? ?? ?? ? ???.,
,
,
??? ?? ??????,
,
,
?? ?? ???? ???????,
,
,
??? ??? ?? ???? ?? ? ????,
,
,
,
,
,
??? ? ? ?????,
???? ? ? ?????,
,
???? ??? ?? ????…,
???? ? ? ?????,
,
?? ???? ???,
,
??????,
?????? ??? ?? ?????,
???? ???? ???????,
,
???????? ??? ????,
??? ????????,
?? ??? ???? ?? ??? ???? ??? ??????,
????? ????,
????? ? ????? ?? ???????,
??? ??? ?? ????? ??? ???,
?? 28?? ???? ????? ?????.,
????? ??? ???,
????? KTX????,
?? ??1???? ?? ?? ?? ?????,
?????,
,
???? ???? ????? ???? ????,
?? ?? ?? ??? ?? ?????,
??? ??????,
????? ???,
???? ?? ?? ??? ?????,
????? ? ?????? ??????,
??? ?????,
??? ????,
?????,
,
?????. ??? ?????.,
??? ???? ??? ??? ??? ?????,
,
,
,
??????,
???? ???? ??? ????,
???? ?? ???????,
,
?? ??????? ??? ??? ?????,
,
,
??? ???? ??? ???,
?? ?? ?????,
??????? ??? ?? ?????????,
????? ?? ????,
?? ???? ?????,
??? ??????,
,
???? ????? ??? ? ? ????,
?? ??? ???? ??? ?????.,
????????? ?????? ????,
???? ? ? ? ?????,
?????? ????(????)?????? ??? ??????,
?? ??? ??????,
?? 11? ??? ?? ???? ?? ?????.,
????? ?? ????? ????,
????? ????? ??? ??? ????,
????? ???? ?? ?????.,
????? ???? ??? ? ?????.,
,
,
?? ???? ?? ???? ??????.,
??? ??? ?????,
???? ?????,
???? ???? ???,
???? ????,
?? ?????? ?????.,
??? 2?? ????,
,
???????? ????? ????,
????? ????,
??? ??? ????,
? ?? ??? ????,
???? ??? ????,
??? ??????,
??? ??????,
???????? ??? ??? ????,
????? ?? ?????,
,
?????? ????? ????? ??????.,
,
,
,
??? ??? ????,
????? ??? ?????,
,
??? ??? ??????? ??? ?????,
? ???? ?? ????,
,
???? ?????? ????? ????? ??????.,
,
,
,
????? ??????.,
????? ????? ? ?? ??? ????,
,
??? ???? ????,
????? ??? ????,
,
??????? ???? ????? ????? ?? ??? ?? ???,
,
,
,
????? ??????,
??? ????,
,
?? ????? ???? ???? ??? ?? ??? ????,
2?? ??? ???? ???,
,
???? ???? ??? ??????.,
,
,
,
,
??? ?????,
????? ???? ???,
??? ??? ????,
??? ??????,
???? ???? ??? ??????.,
,
??? ??? ?? ??? ??? ????,
,
????? ???? ? ????,
KTX ??? ????? ???? ?? 3?? ????? ??? ????? ???,
??? ?????,
??? ?????,
,
????? ???? ??? ??????.,
,
,
???? ???????? ????? ???????,
,
?? ?? ??? ??? ??????,
?????,
??? ?? ???? ???? ? ????,
?????,
??? ????,
???? ????? ?? ??? ?? ????.,
,
,
???? ????,
????? ?? ????,
??? ????,
?? ?????. ???? ????,
?? ???? ??? ??? ?????,
???? ?? ??? ?? ?????,
? ??? ???? ?? ??????,
,
???? ????? ?? ??? ?? ????.,
,
,
????? ????,
???? ?????,
?? ??? ??? ?????,
?? ??? ????,
?? ?????,
??? ??? ???????,
??? ??? ???????,
???? ???? ??? ?? ????.,
,
,
,
??? ??? ????,
??? ??? ??? ??? ? ? ????,
??? 10? 3? ?? 9? 15? ?? ??? ? ????,
?????? ??? ????,
??? ???? ? ???,
???? ???? ??? ? ? ?????,
,
,
,
?????,
? ?? ??? ??? ????,
??? ??? ?????,
?? ??? ??? ???,
"??, ?? ??? ?? ?????",
,
???? ???? ????? ?? ????.,
,
,
,
??? ????????,
?? ??? ??????,
,
?? ??? ??? ?????,
,
?? ????? ???? ????,
????? ????? ??? ??????,
,
???? ??????? ????? ?? ?????.,
,
,
,
??? ??????,
????? ??????,
?? ??? ??????,
,
??? ???? ????,
??? ??? ?????,
????? ?????? ????? ??????.,
,
,
?? ??? ????????,
,
?? ??? ???? ??? ??????,
??? ??? ??????,
,
,
??????? ??? ?????,
????? ??? ?????,
,
????? ?????? ????? ??????.,
,
,
??? ?? ??? ???????,
??? ??????,
?? ????? ???? ????,
?? ??? ??????,
,
?? ??? ??? ?????,
,
??? ??? ??????,
????? ???? ?? ???? ?? ???,
,
,
,
????? ??? ?????,
??? ??? ???,
??????????,
??????,
,
???? ???????? ????? ??????,
,
,
?? ??? ????????,
,
????? ???? ????,
?? ???? ?????,
?? ??? ??????,
????? ????? ? ?? ??? ????,
,
????? ?????? ????? ??????.,
,
,
,
??? ??? ????,
,
,
??????,
????? ???? ?????,
,
???? ???? ?? ??? ?? ???,
,
,
?? ?? ??? ?????,
,
????? ????????,
?? ????? ?????,
?? ??? ????,
??? ??? ????,
,
????? ??? ?????,
,
??????? ????? ?? ??? ?? ???,
,
,
?? ??? ?? ????,
,
??? ??? ?????,
????? ??????,
????? ????? ? ?? ??? ????,
?????? ??????,
,
?????? ?????? ????? ?????,
,
,
,
,
? ? ??????,
??? ??????,
??? ???? ??????,
?? ??? ??????,
,
??? ??? ?????,
,
????? ????? ????? ??????.,
,
,
,
?? ??? ??????,
????? ????? ? ?? ??? ????,
,
??? ???? ????,
?? ????? ??? ????,
??? ???????,
,
?? ??? ?? ???? ??? ?????,
,
,
?? ?? ???? ?? ?????,
,
?? ?????? ????,
????? ??? ????,
????? ??? ????,
??? ??????,
,
??? ??? ??? ?????,
,
???? ????? ??? ?? ????,
,
,
?????? ??? ????,
??? ??? ?????,
??? ??? ?????,
?? ???? ???? ?? ?????,
????? ????? ????,
,
??? ??? ??????,
???? ??????,
,
????? ????? ????? ??????.,
,
,
,
?? ??? ??????,
????? ????? ? ?? ??? ????,
,
???? ??? ? ?? ????,
?? ???? ????????,
,
????? ?????? ????? ??????.,
,
,
??? ?? ??? ???????,
??? ??????,
?? ????? ???? ????,
?? ??? ??????,
,
?? ??? ??? ?????,
,
???? ??? ?? ?? ????.,
,
???? ??????,
?????????? ??? ????,
,
,
?? ???? ???? ???? ??????,
????? ?????,
?????? ???,
??? ??? ????,
????? ????,
??? ??????,
,
,
?????? ??? ?????,
?? ??? ??? ??? ??? ?? ????,
,
,
???? ?????? ????,
??? ??? ????,
?? 8? ?? ????? ?? ?????,
,
????? ?? ?????,
,
,
??????? ???? ??? ??????,
5300? ?? ?? ????,
??? ??? ????,
???? ???? ??? ????,
,
,
53? ??? ??????? ????,
,
??? ?? ????,
???? ???? ????,
??????? ??????,
,
??? ?? ???????? ??? ?????,
,
,
??? ??? ?????,
?? ?? ???? ????? ???? 5300? ??? ?????,
???? ??? ???? ??????,
,
???? ??? ???? ?????,
,
????????? ????? ??? ?? ????,
???? ???? ??? ????,
,
,
???? ?? ??? KTX????,
??? ??? ????,
?? ????? ? ?? ????,
???? ????,
??? ??? ?? ?????,
,
,
???? ?? ???? ????? ????,
,
??? ??????,
??? ??? ?????,
,
???? ????? ?? ???? ????,
,
?? ??? ????? ??? ? ? ?????,
??? ??? ??? ????,
,
?? ??? ??????,
??? ??? ??? ????,
6?? ??? ??? ?? ??????,
6?? ??? ??? ??? ??? ????,
???? ??? ??? ????,
????? ????? ?? 5300? ?? ??? ?????,
,
???? ??????,
? ?? ??? ???????,
,
????? ??? ????,
????? ??? ?? ?? ?? ????? ?? ?? ????? ?? ????,
?? ????? ??????,
????? ?? ?? ??? ??? ??? ????,
,
? ???. ????? ???? ???? ????,
???? ???? ???? ??? ????,
,
??? ??? ?? ??? ???,
,
"???? ??? 10??? ??? ????, ?????? ???? ????",
300? ?????. ?????? ?? ???? . ?????? ???????,
,
?? ??? ????? ????,
????? ??? ???? ?? ?? ??? ?????????,
,
?? ??? ??? ????? ??? ?? ??? ????? ??????,
?? ???? ???? ???? ??? ????,
,
,
? ??? ??????,
,
,
,
,
,
???? ???? ??????????,
,
,
,
,
?? ? ???? ??? ?????,
,
????????????,
?????? ?? ???? ???? ????? ?? ??? ???? ??? ?? ????,
,
,
??? ??? ?????,
,
,
,
,
????????? ? ?? ??? ??????,
,
?? ?? ??? ?? ?????? ???????,
,
,
,
?? ?? ?????? ????? ?? ?? ?? ?????,
,
?? ?? ?????,
,
,
?????? ??????,
,
"????,?? ??????",
?? ?? ????? ??? ???? ??? ????? ????,
,
? ?? ?? ???? ?????,
?? ????????????? ????,
??? ???? ? ??? ??? ??????,
,
,
?? ?????? ????,
???? ???? ???? ??? ????????,
???? ?? ??????,
??? ???? ?????,
?? ????? 15??? ???? ???? ?????,
?? ?????,
,
?? ?? ?? ??????,
?? ???? ???????,
???? ???????,
?? ??????? ???? ????,
??????? ?????,
,
,
?? ????? ??? ????,
,
?????.????? ???. ??? ???????,
??! ?????. ??? ??? ktx????? ??????? ??? ??? ?????.,
,
,
?? ? ???? ????,
,
?? ?? ?? ?? ??? ???? ? ? ????,
,
,
,
,
???? ????? ???? ?,
???? ???? ???? ?? ?????,
,
,
? ?????? ??????,
,
,
,
,
,
?? ?????? ??????,
? ? ?? ?? ????? ????,
,
,
,
,
,
??? ???? ?? ???? ?? ? ?????,
,
,
,
?? ?? ????????,
,
,
,
,
,
????? ??? ??????? ????? ?????,
,
,
,
?? ?? ??? ?? ?????,
????? ????? ? ?? ??? ????,
,
????? ??? ??? OOO???. ??? ???????,
?? ???? ??? ??????,
,
,
? ???? ???,
??? ??????,
????? ????? ? ?? ??? ????,
??? ??????,
????? ??? ?????,
??????? ?????? ??? ?????,
,
????? ???? ????? ??????.,
,
,
,
???? ??? ???? ???? ????,
? ?? ???? ??? ??? ??????,
,
,
?? ??? ?? ??? ???? ??? ??????,
????? ????? ? ?? ??? ????,
,
??????? ??? ??????,
???? ? ?? ????,
,
?????.????? ???. ??? ???????,
?????. ??? ??? ????? ??????? ??? ??? ?????.,
,
,
??????? ? ???? ????,
,
?? ????? ????? ?? ????,
,
,
,
,
? ?? ?? ? ??? ? ???? ???? ?? ? ?? ??? ???,
,
,
,
,
,
?. ??? ?? ???? ?? ????,
,
,
,
?????. ?????? ??? ?? ???? ??? ??????,
,
,
,
,
?? ??? ??? ?? ?? ? ????,
"?? ???? ??? ?????? ???? ?? ???, ?? ??? ????",
,
,
???,
,
,
,
??? ??? ?????? ??? ??????? ?? ???? ??? ??? ???? ???? ??? ?? ???? ?? ????,
,
,
,
,
???,
,
,
,
,
?? ?? ????? ??? ?? ????.?????????,
?~~~ ?? ??? ?? ????,
,
??? ?? ???? ??? ?? ?? ??? ?????? ????? ????,
,
???? ?????? ???????,
,
,
,
,
,
???????? ????? ? ?? ??? ???????,
,
?? ?? ?? ?? ?????? ???????,
,
,
,
???????? ????? ?? ???? ??????,
,
,
,
? ??? ??? ????,
,
????? ????? ? ?? ??? ????,
,
,
,
?? ???? ???? ? ? ????,
?? ????? ??? ?? ???? ???? ??? ???? ? ???????,
?? ????? ?????? ????????,
,
,
? ??? ?? ??? ??? ????,
,
?? ??? ??? ?? ??? ????,
? ??? ???? ??? ?????,
,
,
??? ??? ??? ????,
,
??? ? ? ????,
? ??? ??? ????,
?? ??????,
?? ???? ??? ????,
? ??? ??? ????,
?? ???? ????,
?? ??????,
?? ???????. ?? ??????? ??? ?????,
???? ???? ???? ?? ????.,
"??, ?? ?? ??????",
??? ????? ??? ? ? ?????,
?~~ ?? ?? ???? ???? ???? ?? ?????,
,
???? ?? 10? 30? ?? ??????,
?????? ??? ??????,
??? ??? ??? ????,
8?? ??? ??? ?? ??????,
8?? ??? ??? ?? ????,
?? 24?? ??? ??? ??? ?????,
???? ????? ???? ?? ????.,
,
?? 17? ???? ????,
???? ??? ????,
,
8? 31?? ????,
???? ????,
??? ?? ??? ?????,
,
,
???? ???? ??? ?? ????.,
,
,
KTX? ?????? ??? ????,
????? ?????? ??? ?????,
KTX? ?????? ???? ?? ???….,
1?30? ?? ?????,
,
,
?? ??? ??? ????,
,
??? ??? ?? ???? ???? ???? ???? ?? ????,
,
?? ???? ????? ??????,
,
,
,
,
,
,
?~ ???. ?? ??????????? ????? ???? ?????,
,
,
???? ???? ?? ??? ? ?? ?????,
???? ????,
,
,
????? ?????,
,
,
?? ??? ??? ???? ?? ????,
???? ???? ?? ??? ????????,
,
,
,
???? ? ?? ??? ??? ????,
???? ?? ??? ????,
?? ??????,
?? ??? ??? ?????,
?? ?? ??????,
,
??? ??? ??? ?? ???? ??? ??? ????,
,
,
,
,
,
?? ?? ? ???? ??? ?????,
??? ??? ????,
??? ?? ?? ????? ?? ?? ????? ??????,
??? ??? ??? ????? ?????.,
??? ? ? ????,
?? ???? ????,
????? ???? ??? ????,
????? ???? ??? ????,
,
???? ??? ???? ????,
????? ?? ?? ??? ???????,
? ?? ????? ? ? ?? ?? ??? ????,
,
??? ???? ??? ?? ???? ? ????,
??? ? ?? ? ? ????,
5??? ??? ???? ??? ????,
,
?? ??? ?? ??? ?? ??????,
?? ??? ??? ??? ?? ??????,
,
"???? ??, ????? ????? ??? ??????",
? ?? ???? ? ??? ????,
???? ???? ?? ??? ??? ?? ????,
,
,
,
??? ??? ????,
,
?? ?? ?? ??? ?? ????,
ITX-?? 2033? ? ? ??? ? ? ??????,
,
????? ???? ????.,
,
,
,
,
,
,
,
,
,
,
?????. ????? ???? ????.,
,
03? ??? ????? ?????.,
105? ??? ?? ????? ??? ????,
,
??? 20? ???? ??????,
abc???? ? ? ?? ?? ??????,
,
abc????? ???? def????? ????? ??? ??? ??????,
,
?? ??? ???????,
,
,
?? ??????,
?? ????? ??????,
??? ????? ??????,
??-?? ??? ??????,
?? ??? ????? ???? ????,
??? ?????,
,
?? ???? ????.,
,
,
,
,
,
???? ?? ?? ????,
,
,
?????? ??? ???????,
,
,
,
????? ??? ?? ?? ? ?????,
??? ?? ?? ? ????,
?? ??? ?? ? ??????,
,
,
???? ???? ??? ????.,
,
???? IFC?? ??? ????.,
????? ??????,
????? ????? ??? ??? ?????,
??? ??? ?????,
,
,
???? ???? ??? ??????,
?? ????? ??? ?????,
,
??? ????? ??????,
1??? ??? ????,
1??? ???? ???.,
???? ?? ??????,
????? ????,
?? ???? ?????,
???? ??? ????,
??? ??? ??? ??? ?????,
?? ??? ??? ??? ??????,
?????? ? ?????,
???? ???? ????? ??????? ?? ????,
????????? ??? ?? ??????,
?? ?????? ???? ?????,
????? ??? ?? ?????,
?????? ?????? ????,
,
???? ??? ??? ??? ??? ?????,
???? ?? ?????,
??? ???? ?????,
AT???? ?????,
,
?? ???? ??? ?????? ??? ??? ????,
,
?? ???? ?? ??? ????.,
,
????????,
????? ??????,
????? ??? ??? ???,
??? ????? ?? ?? ??? ????,
??? ??? ??????,
????? ?? ??????,
???? ?????,
?? ?? ????? ??? ?? ??? ????,
,
,
??? ?? ????,
,
???? ????? ????,
,
?? ??? ???? ?? ?? ??? ????,
,
? ????,
,
???? ???? 2???? ????,
,
???? ????,
???? ??????,
???????,
?? ??????? ??????,
,
???? ????? ?? ????,
,
2???? ??????? ??? ?????,
? ??? ??? ??????,
,
?? ???? ??? ????.,
,
,
??? ?? ?? ??? ????,
???? ???? ???????,
????? ?????,
?? ???????,
?? ????? ?? ??? ?? ?????,
???? ??? ????,
,
,
?????? ?????? ??? ?? ????.,
,
,
???? ?? ????,
?? ????? ?? ?????,
??????? ??????,
????? ??????,
,
??? ??????,
,
,
????? ?????? ?? ????.,
,
,
?? ????? ??? ?????.,
????? ??????,
????? ????? ?? ?????????,
?????? ????? ????,
?? ??????,
????? ??????,
,
,
???? ???? ??? ?? ????.,
,
???? ???? ??? ?????,
??? ??????,
,
,
??? ??? ?? ????,
?? ?? ??????,
,
???? ?? ???? ??? ?????,
,
,
???? ?? ? ? ???,
??? ??? 2?????,
??? ??? ???,
?? ??? ?? ????,
?? ???????? ???,
???????? ????? ??? ? ? ???,
,
????? ??? ????,
??? KT??????.,
???????,
"?, ???? ??? ???.",
??? ??? ????,
? ??? ??? ????,
?? ????? ??????,
??? ????,
? ??? ??? ????,
?? ?? ? ????,
? ? ?? ????,
??? ??????,
??? ??? ? ?????,
?? ???? ? ????,
,
??? ? ?????,
,
,
????? ????? ?? ??? ?? ????,
???KT ??????,
???????,
? ????? ??? ???,
??? ?? ?????,
??? ??? ?????,
??? ? ???? ????,
12?? ???? ??? ??? ?????,
,
,
,
,
,
,
??? ???? ??? ? ???,
,
,
,
?? ?? ? ???,
?? ??/???? ? ? ???,
??? ??????,
????? ?????,
???? ???? ??? ?? ????.,
,
,
?? KTX? ????,
??? ?????,
????? ?? ?????,
,
,
????. ??? ??????,
?????? ????? ??? ?? ????.,
,
,
???? ?? ????,
?????  ????? ?? ?????,
?????? ??????,
????? ??????,
,
??? ??????,
,
,
?????? ????? ??? ??? ???? ????,
??? 4???? ?? ?? ??? ?? ???,
??? ???? ?????,
,
4??? ??? ??? ?????? ? ????,
,
,
???? ??? ????,
???? ???? ????,
???? ???? ?? ????,
????? ???? ??? ??? ?????,
???????? ???? ????,
???? ???? ??? ? ???,
??????? ???? ?????,
? ??.. 10? ??????? ?????,
,
,
G Pass?? ?? ?????,
?? ???????,
??? ???? ???,
???? ???? ?? ??? ???,
?? ?????,
,
??? ?????,
??? ????? ???,
??? ??? 15? ??? ??? ????,
???? ??? ???,
???? ?? ???? ? ???,
????? ????,
,
???? ???? ??? ????. ??? ??? ?? ????,
,
????? ??? ???? ?? ?????,
,
??? ?? ???????,
,
,
?????? ??? ??? ??????,
???? ???? ??????,
,
????? ????? ????? ??????.,
,
,
,
?? ??? ??????,
????? ????? ? ?? ??? ????,
,
??? ???? ????,
3??? ??? ???????,
,
???? ??? ????? ??????,
,
????? ??? ??? ???????,
??? ????? ????,
????? ??????,
?? ???????? ??? ??????,
??? ??? ?? ????? ????? ??????,
???? ????? ???? ??? ???? ?? ??? ??? ????,
,
???? ????? ??????? ?????????,
???? ????? ??? ???? ???.,
??? ??? ???? ??? ??? ????,
?? ?? ?? ????,
????? ???? ??????,
??? ???? ????,
,
??? ??? ?????,
??? ???? ??? ????,
??? ??? ????,
??????,
???? ?? ??????,
,
??? ??? ?????,
????? ?????? ??? ?? ????,
,
??? ?? ????,
???? ????? ?? ?????,
??? ????? ?? ?????,
,
????? ???? ????? ??????.,
,
,
,
?? ??? ??????,
????? ????? ? ?? ??? ????,
,
??????? ??? ?????,
?? ???? ????????,
,
????? ???? ??? ??????.,
,
,
,
????? ??? ?????,
??? ??? ???,
??????????,
??????,
??? ??????,
???? ???? ??? ?? ????.,
,
?? 8???? ????,
9? 15??? ??? ????,
??? ??? ????,
???? ????? ??????,
??? ???? ????,
????????,
???? ??? ????,
,
???? ??????? ????? ?? ????.,
,
,
,
????? ?? ?????,
????? ??? ????,
????? ??? ??? ?????,
????? ??? ????? ??? ????,
2?? ????? ???? ????? ??????,
,
???? 4.19?????? ???? ??????.,
,
,
????? ??? ?????,
???? ??????,
????? ?? ?????,
????? ???? ??????,
????? ???? ????,
4.19???? ???? ????,
????? ?? ?????,
,
???? ???? ????? ??????.,
,
,
,
???? ???? ??? ?????,
??? ??????,
??? ???? ????,
??? ??? ??? ??? ??? ??????,
??? ??????,
???? ?? ???? ?? ??? ??? ???? ????,
,
??? ??? ? ?? ??????,
????? ?? ??????,
??? ?? ??????,
????? ???????,
???? ??? ???? ????,
,
?? ????? ????,
????? ???? ?????? ????,
????? ?? ????,
???? ????? ??? ??????,
????? ??? ????,
????? ????,
???? ?????,
,
??? ??? ??? ????,
????? ??????,
??? ????? ????????,
????? ???? ????,
???? ?? ????? ?? ?????,
???? ???? ???? ????,
??? ????????,
,
????? ????????,
,
??? ??? ????,
???? ???? ??? ?????,
????? ??????,
,
??????? ???? ??? ????,
,
???? ?????? ????? ????,
????? ??? ????,
????? ????? ??? ??????,
????? ??? ????,
????? ?? ?????,
???? ??? ?????,
???? ?? ?? ????,
,
??? ?? ???? ????,
? ???? ??? ??????,
,
???? ??? ? ??? ????,
,
,
,
????? ??? ?????,
???? ??????,
,
??? ????,
4? ????  ????? ????,
4???????? ????? ??????,
????? ????? ????? ??? ????,
,
,
???? ???? ????,
????? ????? ?? ??????,
????? ??? ????,
????? ?? ?????,
????? ?????? ?? ????? ?? ?????,
????? ????? ?? 2???? ????,
??? ??????,
???? ???? ????? ?? ????.,
,
,
,
??? ??? ?? ??????,
????? ????? ? ?? ??? ????,
,
?? ??? ??? ??? ??? ????,
???? ??? ????,
????? ?? ??? ?? ?????,
??? ?? ??????? ????? ????? ??? ? ?????,
,
,
?? ?? ?????? ???? ? ????,
,
,
,
,
? ?? ??? ??????,
,
??????? ??????? ??? ??????,
,
??? ????? 2???? ????,
?? ???? ????? ??????,
????? ??????,
???? 24??? ??? ?????,
??? ??? ??????,
?? 24??????,
24???? ??? ??? ? ?? ??????,
,
????? ???????? ????? ??????.,
,
????? ?? ?????,
??????? ??? ?????,
????? ??????,
???? ??? ??????,
?? ???? ????????,
????? ??? ????,
???? ????? ????,
???? ???? ?????,
???? ?????? ????? ?? ????.,
,
???? ?? ????,
?????? ??? ?????,
????? ??????,
??????? ?????? ??? ?????,
,
????? ??? ????,
?? ??? ?????,
?????? ????? ?? ?????,
,
???? N?????? ????? ???????,
,
???? ?? ????,
????? ??????,
M4101??? N?????? ????,
????? ?? ?????,
???? ???? ????,
???? ??? ?????,
????? ?? ????,
??? ??? ????,
????? ???? ???? ?? ?????,
,
???? ???? ????,
????? ????? ?? ??? ????,
??? ????? ??? ?????,
???? ??? ?????? ??? ?????,
??? ????? ??????,
????? ?????? ??? ?????,
????? ??????,
??? ?? ??? ?? ?????,
???? ???? ??? ????.,
????? ???? ??????,
?????? ??? ???????,
?? ??? ???? ????,
????? ??????,
???? ??????,
??? ?? ????,
?????? ??? ?????,
?? ????? ????,
?? ????,
???? ?????? ??? ????.,
????? ???? ??????,
????? ??????,
???? ??? ????,
??? ????? ???????,
????? ????????? ??? ?????,
???????? ???????? ??? ?????,
??? ?? ????,
??? ??? ????,
????? ??????,
????? ????? ??? ?? ????????.,
,
?????? ??? ?????,
????? ?? ?????,
???? ??????,
???? ???? ??????,
???? ???? ??????,
??? ??? ???????,
??? ???? ?? ??????,
????? ??? ???? ??? ??? ?? ????,
,
???? ???? ??? ?? ????,
?????????? ??? ????,
???? ??? ????,
???? ????? ??? ?????,
??? ?????,
??? ?? ????,
????? ?? ?????,
????? ??????,
????? ??? ????,
??? ???? ??????,
,
???? ???? ??? ?? ?????,
???? ???? ??? ?????,
????? ??????,
??? ?? ????,
??? ??? ????,
??? ??????,
??? ???? ??????,
????? ????????? ??? ?????,
??? ??? ????,
???? ???? ????,
???? ?????? ???? ??? ??????,
??????? ??? ????,
???? ??? ????,
??? ????? ??? ????,
???? ?? ??? ??????,
????? ???????? ??? ?????,
????? ??????,
??????? ?????? ??? ?????,
???? ???? ????,
????? ??????,
????? ???? ?? ??? ?? ????.,
,
,
??? ?? ??? ????,
,
BRT ??? 990? ??????,
2?? ???? ??????,
????? ??????,
????? ??? ?????,
??? ??? ????,
???? ??? ??? ????,
,
,
??? ??? ?? ??? ??? ??????,
??? ??????,
,
??? ??? ?????,
?????? ??????,
?? ??? ????????,
?????? ??????,
?????? ???? ???????,
,
??? ?? ????,
,
??? ??? ????,
????? ????????,
????? ????,
??? ?????,
?????? ??? ????,
??? ?????? BRT??? ??? ?? ???? ????,
,
???? ??? ??? ????,
,
,
cgv ?? ??? ??? ????,
???? ?? ?????,
,
?? ??? ??? ????,
cgv?? ??????,
???? ?????,
????? ????,
,
???? ??? ??? ????,
,
,
????? ??? ??? ??????,
????? ??? ????,
,
?? ??? ??????,
????? ????,
??????? ????? ?????,
????? ??????,
???? ???? ?? ??? ?? ????.,
,
,
,
BRT 1000? ??? ??????,
????? ????? ? ?? ??? ????,
,
?? ?????  ??? ?? ??? ????,
?? ??? ???? ????,
?? ??? ????,
???? ?????? ??? ?? ????.,
,
,
?????? ?????,
?????? ??????,
???? ??? ???? ????,
???? ??? ??? ?????,
??????? ??????,
?? ????? ?? ?? ??? ????,
????? ??????,
???? ??? ??? ????,
,
,
???? ??? ?????,
??? ?? ?????,
??????? ?????? ??????,
?? ????? ???? ?????,
??? ??? ??????,
?? ?? ??????? ???? ??? ??? ???? ????,
??? ?? ??? ?????? ?????,
?????.,
???? ???? ?? ??? ?? ????.,
,
,
,
BRT 990? ?? ??? ??????,
????? ????? ? ?? ??? ????,
,
?? ????? ???? ?? ????,
??? ???? ?????,
? ?????.,
?????? ???? ??????,
,
,
????? ??????,
??? ?? ??????,
??? ??? ??? ??????,
???? 7?? ????????,
???? ??????,
?? ????? ?? ?????,
??? ???? ????,
????? ?????? ??? ???.,
,
,
BRT?????? ? ????? ????? ?????,
??????? ?? ????????,
????? ?? ?? ????,
?? ??? ?????? ??????,
?? ????? ?????? 221? ??? ???? ??????,
?? ?? ?? ??????,
??? ?? ??? ??? ?????,
??????????? ???? ???????,
,
???? ??????,
?? ???? ???? ??? ????,
??? ??? ??????,
?? ??? ??? ????,
????? ???? ?????,
?? ????? ????? ??? ????,
?????? ??? ???? ????,
??? ??? ?? ??????,
????? ?????? ??? ?? ????,
,
,
SRT??? ??????,
????? ?????? ??? ???? ??? ???? ??????,
????? ??? ????,
?? ????? ?? ??? ??? ?????? ????? ?? ????,
?? ???? ????????,
?? ????? ???? ????,
????? ??? ????,
????? ?? ?? ????????.,
,
,
,
??? ??? ??????,
,
??????? ??? ?????,
?? ???? ????????,
? ?????.,
????? ?????? ?? ??? ?????,
,
4?? ?????? ???? ????,
??? ?? ????,
??? ???? ?? ??? ?????,
?? ??? ??? ??????,
????? ?????? ??? ??? ?????,
?? ???? ??????? ????,
?????? ??? ??? ??????,
???? ??? ??? ???????,
???? ???? ?? ?? ? ??????.,
,
,
SRT ???? ??? ??????,
?????? ?? ??? ???? ????,
??? ?? ????,
???? ???? ??????,
?? ????? ?? ?? ?????,
?? ??? ???? ?????,
????? ??????,
????? ????? ??? ????,
???? ?????,
,
,
,
?? ????? ??? ?????,
????? ??? ????,
?? ???? ????? ??? ????,
???? ??? ?? ??? ?????,
?? ???? ????????,
??? ????? ??????,
????? ???? ????? ?????.,
,
,
??? ????,
??? ?? ??? ??????,
?? ?? ??? ????,
????? ??????,
??? ???? ??? ?????,
??? ??????,
,
????? ?? ???????? ??????,
,
,
,
????? ???????,
????? ????? ? ?? ??? ????,
,
????? ??? ????,
???????? ??????,
,
????? ???? ??????.,
,
,
???? ????????,
????? ??????,
??? ??????,
????????,
??? ??? ?????,
????????,
????? ??????,
????? ??? ????? ?? ????.,
,
,
???? ????,
??? ?? ??? ??????,
?? ??? ????,
????? ??????,
??? ???? ??? ?????,
??? ??? ?????,
? ???? ?? ?????,
???? ??? ??????.,
,
,
???? ????,
??? ?? ??? ??????,
?? ??? ????,
????? ??????,
??? ???? ??? ?????,
??? ??????,
???? ????? ??????,
??????? ????? ??????.,
,
,
,
?? ??? ??????,
????? ????? ? ?? ??? ????,
,
??? ?? ??? ?????,
??? ??? ?????,
,
????? ????? ??????.,
,
,
,
?? ?? ??? ??????,
??????????,
???? ????? ?? ????????.,
,
,
,
?? ??? ??????,
????? ????? ? ?? ??? ????,
,
??? ???? ????,
?????????????,
,
????? ???????????? ?????,
,
?? ???2??? ??????,
?? ?????? ???? ?????? ?????? ???? ??????.,
????? ??????,
?? ??? ?? ????? ??? ????,
??? ????? ???????,
????? ???????,
?????? ???? ??? ?????,
??????? ??? ??? ??????,
????? ???????? ??? ?????,
,
757? ??? ????,
????? ??????,
?? ??????? ??????,
????? ??? ?????,
?? ???????? ????????? ???????,
,
713? ??? ??? ??????,
????? 2? ??????,
????? ???? ?? ??????.,
,
,
???? ??? ????,
?????? ???? ?????,
?????? ??? ??????,
????? ??????,
?? ?? ????????,
???? ??????????,
?? ????? ?????? ??????????,
????? ???? ????,
,
,
?? ??? ????,
???? ??? ??????,
????? ??? ????,
??? ??????,
???? ??????,
???? ??????,
????? ??????,
????? ?????????? ??????.,
,
,
????? ??????,
??????????? ????????,
??? ??? ?????,
?? 10? 30??? ?????? ???? ??????,
??????? ?? ?????,
????? ???? ??????,
????? ????? ????????,
????? ???? ??????.,
,
,
????? ???????,
????? ?? ????,
??? ??? ?????,
?? ??? ?? ??? ??? ??? ?????,
?? ??? ??????,
?????? ???? ????,
?? ???? ???????,
????? ????? ????,
,
????? ????????.,
2?? ?? ?? ??? ??? ??????,
????? ??????,
????? ???? ??????,
?? ??????? ????,
????? ??? ????,
?? ?????? ????? ??? ????,
??? ??? ????,
????? ????? ?? ? ?????,
,
,
????? ?????,
??? ??????,
????? ????? ?? ??? ????,
??? ??? ?????,
750?? ??? ??????,
??? ??????,
?????  ????? ????,
???? ??? ?? ?? ??? ?? ????.,
,
,
????? ?? ?? ??? ?????,
????? ????? ??? ????,
??? 1??? 2?? ??? ??????,
??????? ???? ??? ????,
???? ??? ??????? ???? ????? ????,
?? 2? ??? ??????,
????? ???? ??????.,
,
,
,
1001? ????? ??????,
?????? ?? ????,
,
?? W??? ????? ??? ????,
?? ??? ???????,
??????? ??? ?????,
????? ?????? ??????.,
,
,
?????? ??????,
??? ??? ?????,
???? ?? ??????,
?????? ??? ?? ????????,
????? ??????,
???? ??????,
????? ??????,
????? ????2?? ??????,
,
,
?? ???? ??????,
,
?? ???? 9.10?? ?? ???? ????,
??????? ???? ????,
,
?????? ?????? ????,
??????? ???? ?? ????,
????? ??? ????,
???? ????? ??????,
????? ??????? ??? ?????,
,
,
??????? ??? ??????,
??? ????????,
511? ?? ??? ????,
?????? ??????,
?? ?? ??????? ??????,
???? ?? ?? ?? ??? ?? ????,
????? ??? ??????,
????? ???? ??? ????,
,
,
?? ????? ??????,
?????? ???????? ??? ?????,
?? ??? ??? ?????,
?? ??? ??? ????? ?? ??? ?? ?????,
?????  ????? ?? ?????,
?(??)???? ????,
?? ??? ??????,
????? ???? ??? ????,
,
,
,
????? ??????,
,
????? ?? ??????,
??? ??? ????,
????? ???? ????,
????? ?????? ??? ?????,
??????? ???? ??? ????,
,
????? ??? ??????,
,
????? ??????,
????? ??????,
,
???? ??????? ??????? ????? ????,
?????? ???? ????,
??? ??? ?????,
????? ?????? ??? ?? ????.,
,
??? ??? ??????,
??? ??? ??????,
??? ??? ?? ??????.,
,
?????? ???? ????,
?? ??? ??? ?????,
????? ??????,
??????? ?????? ??? ?????,
????? ????? ???????,
??? ? ?????,
,
????? ?????? ??? ????,
?? ???? ??????,
???? ??????,
????????,
?????? ??????,
? ??? ?? ??? ?? ?????,
?? ????? ??????,
???? ?????? ??? ????,
,
,
? ?? ????? ?? ??? ??????,
,
???? ?????,
????? ????? ??????,
??? ??? ??? ????,
????? ?????,
,
???? ??? ??? ????,
,
,
,
,
???? ??????,
?? ????? ?????,
???? ???? ??????,
?? ????? ?? ?? ????? ??????,
????? ????? ???? ?????,
?? ????? ?? ????,
,
,
??? ??????,
,
????? ?? ??? ??? ??????,
???? ??????,
?! ??? ??????,
?????? ????? ?????,
???? ??? ???? ??????,
??? ?? ??? ??? ????? ????,
????? ???? ???????,
,
????? ??????,
?? ????? ????? ??? ????,
?????? ???? ??? ??????,
????? ????? ?????,
??? ??????,
????? ?? ?????,
?? ????? ????,
??? ??????,
????? ????? ??? ?????,
,
,
??? ?????? ??????,
,
?? ??? ?????,
??? ??????,
????????,
????? ????? ????,
????? ??????,
???? ?????.,
????? ??? ????? ??? ?????,
,
,
?? ??????? ??????? ??????,
2??? ?? ????,
1001?? ?? ???????? ?????,
?? ???? ?? ???? 2? ??????,
??? ???? ??????,
? ???? ?? ??? ??? ????,
??? ?????,
???? ?? ?????? ???????,
,
,
???????? ??? ???? ????,
5???? ???????? ????,
?????? ????? ?????,
???? ??????,
????? ????? ?? ????,
,
??? ?? ??? ?????,
OO??????? 00?? ??? ????,
,
??? ?? ??? ????,
??? ? ??? ?? ????,
,
???? ???? ??? ????,
,
?? ???? ??????,
OO?? ??????,
??? ??? ?????,
OO??? ?? ? ?????,
,
,
??? ???? ????,
??? ??????,
????? ???????,
,
,
??? ??? ?????,
,
OO???? ?? ??? ??? ??????,
,
?? ?? OO??? ??? ??? ??????,
,
,
??? ?????,
?? ?? ????? ??? ??? ????,
??? ??????,
??? ? ?????,
??? ?????,
?? ?? OO??? OO??? ? ??,
,
?? ??? ??? ?? ????,
?? ????? ??? ????,
OO?? ?? OO? ?? ??? ????,
,
?? ?? ??? ????,
,
??? ?????,
???? ?????,
OO???? ? ??? ???????,
,
????? ????????,
?? ?????,
,
???? ???? ????? ??? ???? ????,
OO??? OO??? ??? ?????,
?????????,
?????????,
??????,
???? ?? ??????.,
??? ??? ???? ??????,
??? ??? ?? ??? ??? ????,
????? ? ???? ????????,
,
??? ??? ??? ????? ???? ??? ?????,
,
,
,
?? ??? ??? ??? ????,
,
??????? ????? ?? ? ?????,
,
,
,
???? ?????,
???? ????,
??? ???? ????? ??? ??? ???????,
??? ??? ??? ????,
,
???? ?????,
??????? ????? ?? ? ?????,
,
,
,
??? ?????,
?????,
?? ??? ?????,
,
,
??? ?????,
???? ????? ???.,
,
,
,
,
,
?????? ?? ??? ??? ??? ????,
,
?? ??????? ??? ??????,
,
,
??????? ?????.,
,
???????,
????? ??????,
????? ???,
???????,
???? ???? ??????,
4???? 4? ??? ??? ?????,
,
????? ?? ??? ??????,
,
???? ?? ??? ????,
,
?? ???? ????,
?? ????? ?? ????,
??? ? ? ????,
???? ?? ???????,
??? ???? ??? ?? ??????,
?? ???? ?? ????,
,
,
???? ?????? ????? ????? ?????,
,
,
,
?? ??? ??????,
????? ????? ? ?? ??? ????,
,
????? ??? ?????,
???? ??????? ?????? ? ?????,
???? ??????? ??? ????,
,
,
,
?? ??? ???? ??? ??????,
????? ???????,
????? ????? ? ?? ??? ????,
,
?? ??? ????? ????,
360?? ??????????,
????????? ????? ???????,
,
,
,
??? ??? ????,
????? ????? ? ?? ??? ????,
,
????? ???? ????? ?????,
????? ???? ?????,
,
????? ??????? ?? ???????,
,
,
,
?? ??? ???? ??? ??????,
??? ??? ????,
????? ????? ? ?? ??? ????,
,
????? ???? ????? ?????,
????? ???? ?????,
,
???? ???? ??? ?? ????.,
,
,
,
???? ??? ???????,
?? ??? ????????,
,
??????????,
?? ???? ??? ????,
??? ????,
???? ?????? ?? ??? ??????,
,
,
??? ??? ????,
????? ktx?? ??? ?? ????,
,
????? ???? ??? ??? ?????,
????? ???? ??? ??? ?????,
,
????? ??? ??????? ????,
???? ??? ?? ????.,
,
,
????? ?? ????.,
??? ??? ???,
???? ??? ?????,
,
,
,
??? ???? ?? ?? ?? ???? ???.,
"?? ???? ??? ? ?? ???, ??? ? ???",
??? ??? ????,
"?, ?? ? ?? ? ???? ?? ?? ??????",
?? ??? ?? ?? ???? ?? ?? ??????,
??? ?? ???? ?????,
"?, ?? ?? 50? ?? ?? ???? 50? ?? ?? ?? ???????",
?? ????? ?????,
"??? ?? ? ????, ???? ??????",
,
??? ?? ? ????????,
,
,
?? ???? ????,
?????,
?? ???? ??? ????,
????? ? ? ??????,
????? ??? ??????,
?? ??? ??????,
,
??? ???? ????? ??? ???,
,
,
?? ?? ???? ???? ?? ? ? ??????,
?? ? ??????,
"?? ???, ???? ?????",
,
,
??? ????,
,
???? ??? ???? ??? ?? ??????,
,
??? ???? ?????,
,
????? ?? ???? ????,
???? ???? ? ??? ???,
,
?? ???? ? ???? ? ????,
,
?????. ? ?? ? ????,
,
?????. ??? ???? ?? ??????.,
????? ????? 15??? ?? ???? ???.,
?? ?? ??????,
"????, ???? ??? ?????",
?? ?? ?? ????? ????,
,
,
"?, ?? ???????",
?? ???????,
,
,
???? ??? 2? ??? ??? ??? ????.,
,
,
? ?? ??? ??????,
????? ? ?????,
"?, ?? ???????",
,
????? ????? ?? ??????,
"??, ?? 2? ?? ??????",
??? ?? ? ? ?? ??????,
,
??? ???? ??? ????. ??? ??? ????,
,
,
"?, ? ? ?? ? ?? ?????",
????? ?? ?? ??????,
? ??????,
,
"?, ??? 3???? ?? ?? ????",
"?, ?? ???? ?? ?? ? ?? ??? ????",
,
"??? ?? ????? ????, ??????",
?? ??????,
6? ???? ???? ? ????,
1?? ? ?? ?? ??????,
,
? ??? ?? ??? ?? ? ?? ?? ????,
"?, ? ??? ?? ????",
??? ???? ????,
,
,
?????. ?? ??? ?? ?? ? ???? ????,
"?? ?? ?????? ?????, ??? ??? ??????.",
,
,
,
?? ??? ????,
?? ? ???? ? ????,
? ?? ??????,
,
? ? ??????,
?? ? ? ????,
?? ????? ? ? ???? ????.,
????? ??? ?? ? ???,
??????? ? ?? ??? ?? ??????,
,
"?, ??? ????",
??? ??? ??????,
???? ?????,
??? ? ??? ???,
??? ??? ????,
,
???? ????? ?? ?? ??? ??????,
?? ???? ??? ??????,
????? ?????,
?????,
???? ??????,
???? ?? ??????,
?? ????? ?????? ?? ??????,
??? ???? ??? ????,
?? ?? ???? ?? ???????,
,
??? ???? ?? ?? ???? ??? ????.,
????? ?????,
??? ???? ????????,
?? ????? ??? ? ? ???,
,
???? ??? ????,
?????,
?? ??? ?????,
"?, ?? ?????? ??? ?? ????",
,
? ???? ? ????,
,
?????? ?? ???? ???? ???? ?? ?? ?? ?? ??????.,
,
??? ?????,
"?, ???? ?? ?? ?????",
??? ????? ??????,
??? ? ??? ????,
??? ???? ?????????,
? ? ????,
?? ???? ??????,
?? ?????? ?????,
?????.???? ?? ????? ?? ??? ?? ????.,
??? ?? ??? ???? ???????. ?? ??????,
,
??? ??????,
,
,
,
??? ??? ? ????,
?? ??? ??????,
?? ??? ? ? ?????,
,
?????. ????? ???? ??????,
???? ?????,
,
? ?? ??????,
?? ?? ??? ???? ? ?????,
,
"?, ????????",
??? ??????,
"?, ??????",
???? ??? ????,
,
???? ???? ??? ?? ??????,
,
????,
"?, ?? ? ? ?? ?? ???????",
"?, ??? ?? ?????",
??? ??? ????,
?? 9??? ?? ??? ??? ?? ? ???????,
???? ???? ??? ?? ??????,
? ???? ? ??????,
???? ? ???? ??? ???? ?????,
?????. ??? ????? ?? ? ? ??????.,
? ?? ?? ?? ??? ???? ??? ????.,
?? ????? ?? ? ?????,
???? ?????? ??? ???????,
??? ?? ??? ? ?? ?????,
?? ?? ?? ?? ? ?????,
???? ?? ????,
,
?? ?? ?? ??? ??????,
?? ??????,
?? ? ? ?????,
?????. ?? ????? ???? ??? ??? ??.,
??? ?? ??? ??? ???? ?? ?????,
,
?? ?? ????? ??? ?? ??????,
"?, ?? ????? ?? ????? ???? ????.",
??? ??? ?? ??????,
? ?? ??????? ??????,
????????,
"?, ??? ???? ??? ??? ???? ? ??????",
??? ??? ?????,
,
?? ?? ???? ??????.,
??? ?? ? ?? ?? ??? ?? ?? ? ????.,
,
,
,
"?, ? ???? ?? ?????",
,
?? ?? ?? ?? ?? ??? ????.,
???? ?? ?? ??????.,
,
?? ???? ????? ??????.,
?? ???? ?? ??????,
,
"??? ???? ???, ?? ???? ?? ?????",
? ??????,
???? ?? ????????,
?? ?? ???? ??? ????,
??? ?? ??????,
?? ?? ????? ????,
??????? ?????? ??? ???,
,
,
"?, ????? ?? ?? ????",
,
??? ?? ?? ?? ?????,
?? ? ??? ????,
?? ?? ?? ??????,
,
????? ?? ?? ??? ????,
,
??????,
??? ????????,
??? ?????,
,
??? ? ? ?????,
,
??? ? ??? ?????,
1300? ?? ??? ????,
?? ??? ? ? ????,
?????? ??? ?? ?? ?? ? ????????,
,
?? ??? ????,
??? ?? ??? ????????,
????? ???? ? ???,
,
??? ????? ??? ??? ??????,
??? ????????,
,
????? ??????? ??? ???,
,
? ??? ????,
??? ?? ????,
??? ??????,
? ??? ??? ?????,
?? ??? ????,
?? ???? ??????,
????? ??? ???,
,
????? ???? ??? ?? ? ? ????,
,
??? ?????,
???? ?? ??? ??????,
??????? ????? ???,
??? ???? ?????,
?? ???? ?????,
?????? ??????? ???????,
?? ? ??? ??? ????,
?? ?? ??????,
?????? ??? ??? ????.,
,
,
????? ? ? ?????,
???????? ??? ???? ????????,
??? ?????,
???? ?????? ???? ????,
???? ?????? ???,
???? ??? ??????,
??? ?? ?? ??????,
????? ??????? ??? ????.,
?? ?? ?? ? ??? ? ?????,
??? ??????? ?????,
??????? ???????,
704? ???? ??? ???,
???? ?????,
????? ???????? ?????? ???,
??? ??????,
?? ???? ????,
?? ??????,
????? ??? ?? ?? ? ?????.,
,
???? ?? ????,
???? ?????,
??? ??? ??????,
??? ????,
????? ??? ??? ????,
???? ??? ????,
??????,
,
???? ?????? ????? ?????,
,
??? ????,
?? ???? ?????,
?????? ??? ????,
,
?? ???? ??? ????,
,
??? ???? ? ?????,
??? ? ? ?? ?????,
???? ??? ????,
????? ??????? ??????,
,
?????? ???????? ?????,
?????? 3?? ??????,
,
?? ??? ??????,
?????? ???? ??? ??? ?? ??????,
? ?? ??? ??? ???? ?????,
?? ?????? ????? ??????,
??? ????,
,
?????? ??? ?? ?? ? ?????.,
???? ?? ??? ?? ????,
?? ??? ?????,
,
9????,
????? ????? ????????,
?????,
??? ????? ??? ???,
? ?? ??? ????,
?? ???? ??????,
??????? ????? ??? ?? ?????,
,
?? ????? ? ?????,
?? ??????,
,
??? ???????? ?????? ??? ????,
???? ? ??? ???? ????,
???? ??? ? ? ????,
???? ??? ??? ?? ????,
?? ?? ??? ?????,
?????. ??? ????? ???????.,
??? ?? ??? ?? ?? ? ?? ????,
,
,
,
??? ? ??????,
??? ????,
1????? ? ?? ??? ????,
????????,
,
,
????? ???? ??? ?????.,
,
???? ?????,
????? ???? ??? ???,
????? ???? ? ? ?? ???? ?????,
????? 4?? ???? ???? ????,
? ??? ??? ??????,
,
??? ??? ?????,
,
,
?????. ??? ???? ??? ????.,
??? ???? ????,
,
????? ??? ? ????,
,
??? ?? ? ? ????,
2?? ?? ??? ????,
??? ???? ? ? ??????,
??? ? ? ?? ??? ???,
???? ?????,
,
????? ?? ??? ?? ????.,
,
,
"?, ??? ????",
??????,
?? ????? ????,
,
"?, ??? ??? ???",
????? ?? ?? ?????,
??? ??? ?????,
????? ???????? ????.,
,
,
1? ????????,
?? 1?? ? ??? ????,
???? ??? ???? ???,
?? ? ??? ??? ??????,
?? ???????,
,
,
?????? ?????? ?? ? ? ? ? ?????,
?. ??? ?????,
?? ??? ????????,
1????? ???? ? ? ????,
? ??? ????,
?? ?? ?? ??????,
????? ???? ??? ?????,
?????????,
,
???? ??? ????,
,
???? ??? ??????,
?? ????? ?? ?????? ??? ????.,
,
,
??????? ???? ??? ???????,
????? ???? ??? ??????,
??? ? ? ??? ???? ?? ?????,
?? ? ?? ?? ? ?????,
,
??? ????,
????? ????? ?? ?? ?? ? ?????.,
,
,
2?? ???? ??? ????,
?????? ?????? ?????,
? ??? ??? ?? ????,
,
??? ??? ????,
? ??? ????,
,
??? ??????? kbs??? ????.,
,
,
"?, ?????? ????????",
,
,
,
????? ?? ?????? ?? ????.,
??? ?? ??? ?? ??????.,
,
??????,
?? ??? ??????.,
,
,
?????,
????? ????? ???????? ??? ????,
???? ? ? ?????,
????? ?????? ?? ???? ?????.,
,
,
"?, ?? ??? ?? ? ???",
,
,
?? ??? ????. ????? ?? ???? ?????.,
,
?? ???? ??? ?????,
?? ?? ??? ????? ??? ????.,
?? ?? ?? ?????,
?? ?? OOOO????? ?? ?????,
,
?? 5?? ?????? ?? ? ?? ??????,
?? ?? ?????,
??? ? ?? ?? ????,
???? ?? ???? ????,
9707? ???? OOOO????? ??? ????,
,
???? ??????? ??? ??? ??????,
,
,
,
??? ????,
????? ??? ???,
?? ???? ? ????,
643? ?? ????? ????,
??? ?? ?? ??????,
,
???? ???? ?? ???? ?? ???.,
??? ?? ??? ?????,
?? ???? ????,
??? ?? ????,
?? ??? ?? ???,
???? ? ?? ???? ??? ????,
??? ??? ?????,
?? ???? ????? ??????,
???? ?????.,
???? ?? ?????,
???? ?? ?? ?? ????,
,
,
?? ???? ??? ????,
,
,
????? ???? ???? ??? ????,
?? ???? ??? ?????,
?? ??? ??. ???? ??? ?????,
"??????, ??? ??? ????",
???? ? ???? ????,
????? ???? ??? ??? ??????,
,
,
??? ??????,
? ? ??? ??????,
???????,
,
OOO????? ??? ??? ????,
,
?? ??? ? ?????.,
,
OO? ??? 10? ????? ??? ???????,
,
,
??? ???? ????.,
??,
,
????? ???? ? ????,
,
?? ???? ? ?????.,
OO? ?? OO??? ????? ? ? ?????,
???? ?????,
,
??? ??? ????,
?? ??? ? ? ????,
,
,
?? ??????,
,
? ?? ???? ? ?????.,
OO? ??? 23?? ???? ??????,
?? ???? 23?? ????? ????? ???,
???? ??? ???? ? ?? ?? ??? ???? ???? ?????,
23?? ???? ??? ???? ??? ???,
?? OO????? OO? ?? ??? ? ?????,
???? OO????? 30?? ?????,
???? ? ? ?? ??? ?????,
??? ????? ?? ?????,
,
"????? ??? ????,",
? ?? ??? ?????,
,
??? ? ? ????,
"?, ????? ???? ?? 9??????",
??? ?? ??? ???? ? ????,
,
? ?? ??? ????????,
?? ???? ????,
,
???? ?? ?? ? ? ?? ?? ? ?????!,
,
,
????? ??? ????,
????! ??? ??? ?? ?????,
9?? ??? ???? ???,
???? ???? ??? ?????,
???? ?? ???? ?? ????,
??? ????? 10? ?? ? ? ????,
,
?????? ???????? ? ? ???? ????,
,
??? ??? ?????,
? ??? ? ??? ?? ?????,
??? ??? ????,
??? ? ? ????,
?????? ?? ???? ??????.,
????? ??? ? ??? ???? ????,
,
,
?? ?? ??????.,
"????? ??? ????, ???? ????",
,
???? ????? ?????,
????? ??? ????,
2??? ??????,
?? ??? ??? ?????,
,
? ? ?? ?? ??? ??? ? ????,
???????? ?? ? ? ? ?? ?????,
???? ???? ??? ?? ?????.,
????? ??? ? ? ????,
??? ????? ? ?? ?????,
?? ??? ????? ???? ??????,
?????,
?? ????? ???? ?????,
??? ??? ???????,
????? ???? ??? ????,
,
??? ?????.,
??? ?? ? ?????.,
,
,
,
,
,
????? 09:09 ??? ?? ????? ??? ?????,
"????? ????? ??? ???, ?? ?? ?? ????",
,
,
"?, ?????. ?? ?? ?????? ??? ??? ?? ??????.",
,
,
,
,
,
"?, ????? ? ??? ??? ?? ???",
? ??? ?? ????? ????,
,
?? ?????. ??? ????? ?? ???,
?? ?? ? ?????.,
,
,
??? ??? ? ???? ?? ??? ?????,
,
?? 23:33 ???? ????? ? ?? ??????,
???? ??? ? ?????.,
????? ???? ?????? ?? ??? ?????.,
? ???? ????,
? ??? ?? ????? ? ?? ??????,
,
????? ?? ???? ?? ????.,
??? ?????,
,
,
"? 2???? ???? ???, ?? ?? ????",
?? ? ??? ????. ??? ????,
? ?? ?? ???,
? ?? ????? ????,
,
? ?? ??? OOOOOO? ?? ????? ????,
????? ???? ??????.,
,
,
????? ????,
,
????? ??? ?????,
,
???? ?? ??????.,
,
,
,
????? ?? ????? ?? ? ? ?????.,
,
???? ????? ????,
"?, ???????",
,
??? ??????,
??? ?? ????,
?? ?????,
?? ??? ????,
???? ? ?????,
,
?????. ?? ??? ???? ????,
"????? ??? ???, ???? ?????",
,
,
"?, ? ? ???????",
?? ??? ??????,
"?, ??? ????",
,
?? ?? ?? ??????,
,
?? ???? ??? ??? ??? ???? ? ? ?????,
,
,
?? ??????,
"?, ????? ?? ??????",
??? ?????,
?? ?? ??? ??? ????? ?? ???,
"?, ?? ??? ??? ? ? ?????",
,
? ?? ?? ??????,
,
"?? ?? ???, ???, ????? ?? ????.",
??? ??? ??? ?????,
,
"?, ?? ???? ?? ??? ??????",
????? ????? ?? ??? ???,
,
??? ????,
?????? ???? ??? ???,
"?, ??? ????",
,
? ? ?????.,
????? ?? ??? ?? ????.,
,
,
"?, ????? ?? 3?? ??? ???",
? ? ????,
??? ??????,
"?, ?? ???? ??? ?????",
,
? ??? ????,
?????. ?? ??? ?? ? ?? ?????,
,
?? ?? ????? ????,
"?, ? ? ?????",
??? ?? ??? ?????,
?? ??? ?????,
?? ?? ??? ????,
????? ??????,
"?, ?? ??? ????",
????? ? ? ????,
?????. ?? ??? ?? ??? ????.,
????? ?? ??? ?? ?????,
??? ? ?????,
,
? ??? ?? ?????,
??? ?? ??? ? ??????,
?? ???? ?? ??? ????,
????,
??? ? ?? ?? ????,
,
,
"???? ? ? ??? ???? ???? ????, ??????",
,
?? ?????????,
?? ??? ???? ??? ???????,
?? ??? ??????,
???? ?????,
???? ???? ????,
,
?? ?? ? ???? ? ????,
??? ? ??? ?? ?? ?? ?????,
??? ???? ???? ???? ??? ????,
"?, ?? ???? ???? ???????",
?? ???? ???????,
?? ?? ????? ???? ???? ??? ?? ?? ?????,
? ??? ? ???? ???????,
? ??????,
"?, ??? ??? ???",
? ??????,
,
,
,
,
,
,
???? ? ?? ??? ???????,
??? ???,
???? ??????,
??? ?? ?? ????,
?? ?? ????? ?? ??? ? ? ????,
,
????? ??? ???.,
???? ??? ?????,
,
,
??? ?? ????? ???? ??? ????,
?? ? ??? ??????,
?? ??? ?? ??????,
???? ???? ???????,
? ????? ??? ?????,
,
???? ???? ??? ????.,
,
? ? ????,
????? ?? ?? ???? ???? ????,
??? ??? ??? ? ? ???,
"?, ????? ?? ???????",
??? ??? ????,
,
???? ??? ?? ?? ???? ?????,
,
??????? ????? ??? ????,
,
??? ????,
??????,
??? ??? ????,
???? ????? ??????,
????? SRT??? ???,
????? ???? ????,
?? ??? ????? ?? ????,
,
700? ?? ??? ?? ? ? ????,
,
,
,
"?, 500? ?? ?? ??? ???? ? ?????",
,
,
?? ?? ??? ????? ???? ?? ?? ??????,
???????,
,
???? ???? ?? ??? ? ?? ?? ? ?????.,
???? ???? ????,
???? ????? ??? ??????.,
? ?? ?? ?? ????? ??? ?????,
????? ??? ???,
,
? ?? ??? ????,
,
,
???? ????,
"??? ??? ??? ????, ??? ??? ?????",
,
???? ???? ???? ?? ??? ????,
??? ?? ?? ????,
,
?? ??? ????,
,
????? ??? ???,
?? 5? 50?? ???????,
,
???? ?? ???? ??? ? ????,
,
??? ?? ??? ? ?????,
? ???? ???? ??????,
,
?? ?????? ???????,
??? ??? ????,
??????,
,
??? ??? ???,
????? ?????,
?? ?? ???? ??? ?? ?????,
,
????????? ??? ????,
??? ??? ?? ????????,
,
?? ? ??? ????,
??? ??? ????,
? ? ??? ???? ?? ?? ??? ????? ?? ? ??? ???????,
,
??? ??? ????,
,
???? ???? ??? ??????,
,
??? ?? ??? ? ?????,
?? ????? ???? ??? ?????,
?? ??? ?????,
????????,
?????,
???????,
?? ?? ? ??????,
,
?? ??????,
,
,
???? ???? ??? ?????,
??? ?????,
,
,
,
? ? ???????,
"?, ?? ????",
??? ??? ????,
??? ????,
,
????? ???? ???? ??? ?????,
??? ???? ?????,
,
,
??????? ??? ?????,
,
,
,
? ???????,
??? ?????,
?????? ??? ?????? ??? ? ????,
,
,
?? ??? ??? ???,
??? ????,
??? ?? ?? ??? ????,
,
??? ??????,
??? ??? ? ? ????,
,
????? ???? ??????,
,
,
,
,
,
,
,
??? ??????,
,
?????,
?? ? ??? ?? ? ??? ?????,
,
,
??? ???? ??? ? ????,
,
???? ??? ?? ??????,
,
?????,
,
,
????? ?????? ??? ????,
,
,
????? ???? ??? ??????,
,
????? ?????,
,
???? ???? ????,
??? ??? ????,
,
????? ?? ?? ???,
,
,
,
??? ??????,
?? ?????? ??? ????,
,
???? ??? ??? ????,
????????,
,
?? ?????.,
???? ?? ???????.,
,
,
????,
???? ??????,
,
,
???? ???? ?? ?? ????,
,
KTX ? ?? ?? ?? ?????,
,
,
? ????,
??? ?? KTX? ????,
,
,
??? ????,
?? ?? ???? ????,
,
????? ????? ????,
,
,
????? ??? ??????,
,
??? ??????,
??? ????,
?? ??? ???,
??? ?? ?? ???.,
,
,
??? ??? ???,
,
?? ?? ???? ??? ??????,
?? ??? ?????,
,
,
?? ?? ??? ?? ?? ?????,
,
???? ???? ??? ????~,
???? ???? KTX ??? ??????,
??? ????,
???? ??? ????,
???? ??????,
,
?? ??? ?????,
KTX?? 2?? ??? ? ?????,
KTX ??? ? ????,
??? ??? ???,
????? ????? ??? ?????.,
,
,
,
???? ???,
?????,
?? ??? ????,
,
??? ?? ??? ????,
??? ?????,
,
????? ????? ?? ??? ??????,
??? ??????,
,
?? ??? ?? ????,
,
,
,
,
????? ?? ?? ????? ?????? ???..,
,
,
,
???????,
?? ??? ? ??? ????,
?? ?? ??? ??? ???,
?? ??? ????,
? ? ?? ??? ? ?????,
,
????? ?? ??? ????.,
1??? ??? ??? ?????,
????? ??? ????,
,
???? ??? ? ?????,
,
???? ???? ?? ??? ????,
??? ?? ????,
,
,
?????? ??? ??? ?? ????.,
,
,
,
,
,
????,
?? ?? ??? ??? ???? ?????,
,
?? ?? ????? ?? ?? ??? ??? ?? ????,
????? ?? ??? ???? ??????,
,
??? ??? 5??? 5?? ??????,
?? 3?? ???? ????,
,
? ???? ?????? ??? ??? ????? ?? ????,
? ????,
,
,
,
????? ?? ?? ?? ???,
????? ???? ??? ?? ?? ????,
,
,
???? ???? ????? ???????,
??? ?? ????????,
??????? ?? ?? ??? ????,
??? ??? ?????,
??? ?? ????,
,
"?????, ???? ??? ??? ?????",
?..??? ?? ??? ????,
,
,
???????,
??? ??? ?? ????,
???? ?? ?????? ????,
??? ??????,
???? ?? ?? ??? ????,
,
????? ???? ??????? ??? ????~,
???? ??? ?????,
,
,
,
,
??? ?? ?????,
??? ????,
???? ?? ?????,
,
???? ??? ????,
??? ? ? ????,
?? ??? ????,
??? ??? ??? ???,
???? ??? ????,
?? ?? ?? ?? ??? ??????,
,
,
,
,
????? ??? ??? ???? ??? ??????,
,
,
,
,
??? ?? ??? ?? ???? ??? ?? ???,
,
,
,
,
,
,
,
??? ????? ????,
,
???? ??? ??? ????,
,
,
??? ????,
,
????? ??? ?????,
?????,
???????,
,
,
???? ??? ?? ?? ?? ????.,
???? ??? ??? ??? ??? ?????,
,
????? ???? ? ??? ??? ????,
???? ???? ????? ??? ????,
????? ?????? ??? ?? ????,
??? ??? ?????,
???? ???? ??? ??????,
,
,
?? ???? ??? ?? ??? ????,
???? ?????,
??? ??? ????,
???? ??????,
??? ????,
???? 5?? ????,
???? ???? ?? ???????,
?????,
??? ??? ? ??????,
,
?? ??? ?? ?? ??? ??? ?? ???,
,
,
,
???? ??? ????,
???? ?? ???,
??? ?? ??? ??????,
? ?? ??? ??? ??????,
???? ??? ?????,
,
??? ??? ?? ??? ???? ???,
?? ?????? ????? ????? ?? ?????,
,
,
??? ??? ?????,
??? ??? ?? ??? ???? ????? ??? ????,
???? ??? ?????,
??? ??? ??? ?? ????,
,
,
?? ??? ?? ??? ??? ?? ???,
,
,
??? ??? ?????,
?? ?? ????,
???? ????,
?? ??? ??? ??? ?????,
??? ? ?????,
?? ?? ?????,
,
??? ?? ??? ??? ?? ?????,
,
??? ?? ??? ????? ?? ?????,
,
?? ??? ?? ????,
,
????? ?????????,
??? ???? ? ??? ?? ????,
???? ???? ?????,
,
???? ?? ??? ?? ?????.,
,
,
???? ??? ?? ????,
???? ???? ????? ?? ??????,
???? ??? ??? ???  ?????,
?? ????,
??? ???? ??? ??? ??? ???????,
??? ??? ????,
,
??? ?? ??? ???? ??? ?????,
,
,
??? ?????,
????? ??? ??? ??? ???? ????,
???? ?? ??? ????,
?????? ???? ????,
??? ??? ?????,
,
?? ??? ??? ????,
,
???? ?????????.,
,
????? ?????,
,
,
??? ?? ????,
??? ?????,
?? ?? ?????,
??? ??? ??? ??????,
,
?? ??? ?????? ????,
???? ???? ?? ??? ??? ?? ?????,
??? ??? ???,
??? ??? ?????,
???? ??? ?????,
?????????? ????? ??? ????,
? ??? ?????,
?? ???? ??? ?? ?? ? ?????,
,
,
???????. ???? ?????,
?? ???? ?? ????.,
,
,
????? ???? ????? ????,
???? ktx? ????,
,
??? ?? ????,
?? ???? ??? ????????,
,
?? ??? ??? ?????.,
?? ?????? ????? ?? ?? ?? ? ?????,
,
,
???????? ????? ?? ????,
?????? ??????? ??? ?????,
?? ???? ?????,
??? ???? ??? ???,
,
,
??? ??? ????,
???? ????? ?? ????,
,
,
,
?? ??? ?? ??? ????,
,
??? ??? ????,
??? ???? ?? ?????,
,
??? ????? ?????? ?? ?????,
,
???? ??? ????,
??? ????,
?????? ?? ??? ?????,
?? ??? ??? ?????,
,
????? ?????? ???? ??? ??????,
??? ????? ?? ? ????,
??? ?? ?? ????,
??? ??? ?? ????.,
???? ???? ??? ?? ????,
,
,
??? ??????,
???? ?? ?? ????,
?? ????,
?????,
???? ???? ??? ?? ????,
,
?????? ?? ????? ??? ?????,
,
? ?? ?? ?????.,
???? ?????,
3???? ?????,
???? ??????,
?????? ??? ??? ????,
??? ??? ?? ??? ????,
??? ??????,
,
??????????? ????? ??? ????,
,
?? ??????,
???? ????? ??? ????,
?? ?????,
?????? ???? ??? ????,
??? ?????,
??? ??? ????,
???? ? ??????,
,
??? ??? ?????,
???? ???? ?? ????,
???? ?? ??? ????,
???? ?? ??????,
,
???? ???,
???? ???? ?????,
???? ??? ?? ??? ???? ???,
BRT? ????,
?????,
?? ??? ?? ????,
??????. ?? ??? ????.,
??? ??? ????? ?? ??? ????,
,
???? ?? ????,
?? ?? ??? ????,
?? ??? ?? ????,
370? ??? ?? ?????.,
??? ??? ????,
?????,
,
?????? ?? ????? ?? ??? ?????,
,
,
?????? ?? ???,
???? ?? ?????,
??? ?????,
???? ?????,
??? ??? ???????? ??? ????,
?? ?? ??? ?????,
,
?????? ?? ???? ????,
????? ??? ??? ?? ????,
,
,
????? ??? ?? ????,
?? ??? ??? ???,
9???? 5???? ????,
? ?? 5?? ??? ???? ????,
???? ???? ?????,
,
?? ??? ??? ?? ????.,
,
,
,
,
,
,
,
,
,
??? ??? ? ?????,
???? ? ? ????,
?? ?????,
???? ???? ??? ????,
??? ????,
??? ????????,
??? ?????,
??? ????,
?? ?????,
?? ?? ?????,
????? ???? ?? ?? ????.,
,
?? ?? ??? ?? ??? ????,
? ?? ?? ???.,
???? ??? ?? ??????,
???? ?????,
???? ??? ??? ????,
????? ???? ???????.,
?? ????? ??? ????,
,
?? ????? ????? ?? ????,
?? ??? ??? ??????.,
????? ???? ???,
????? ?? ????,
???? ????,
?????? ??? ??????,
?? ??? ?? ??????,
,
??? ?????,
,
??? ??? ??????,
???? ?? ?? ?????,
,
,
,
,
????? ????? ??? ?????,
????? ??? ?? ????,
??? ??? ????,
,
??? ?? ????? ?? ????.,
?????? ???? ??? ?????,
,
,
???? ??? ????,
??? ??? ????,
??? ?? ????,
?? ??????,
?????,
,
??? ?? ????? ?? ?? ??,
?????? ?? ?? ?? ?????,
,
,
????? ??? ?? ??? ?? ????,
?????,
?????? ???? ?? ???? ??????,
?????,
?? ???? ??? ???.,
,
???????? ??? ? ? ?????,
,
,
??? ??????.,
??? ????? ?????,
??? ??? ?????.,
??? ??? ????,
?? 9??? ????? ???? ??????,
? ?? ??? ?????,
,
???? ???? ????? ?? ????.,
,
,
,
???? ????,
??? ?????,
,
??? ???? ????,
??,
,
??????. ????? ?? ?? ????? ????,
,
,
??? ?? ????,
??? ???? ????,
??? ??? ?????,
?????,
"?? ,??? ????? ???? ????",
,
?? ???? ??????,
,
???? ?????? ????? ?? ???.,
,
,
,
????? 1??????,
??? ??? ????,
,
??? ???? ????,
???? ??? ?????,
,
????? ?????? ???? ?? ???.,
???? ??? ??????,
,
,
,
??? ?? ???????,
?? ? ?? ?? ??? ? ? ????,
??? ????,
???? ?????,
,
,
?? ?? ???? ????.,
????? ???? ????? ??? ????,
,
,
?? ??? ????,
??????,
???????,
KTX? ?????,
??? ?? ????,
???? ?? ?????,
??? ?? ??? ??? ? ?????,
,
,
,
??? ??? ?? ????,
??? ??? ????,
??? ??? ??? ???? ????,
??? ??? ????,
?????,
,
?????? ????? ??????? ????? ??????.,
,
,
,
???? ????,
??? ?????,
,
?? ??? ???? ????,
?????,
,
???? ???? ?? ??? ?? ???,
,
,
???? ?? ??? ?? ????? ?? ???,
?? ?????,
?? ???? ?????? ??????,
???? ??? ???,
???? ??? ?????,
BTR??? ??? ?????,
,
???? ?? ??? ??? ?? ????,
,
,
,
,
????? ?? ?? ??? ?? ????,
??? ????,
?? ??? ??? ??? ? ????,
?? ???  ?? ????,
,
????? ????? ?? ????? ?????,
,
,
,
???? ??? ? ? ????,
???? ?? ???,
??? ?????,
?? ???? ?? ?? ??? ????,
?? ??? ??? ????,
,
????? ???? ????? ??????.,
,
,
?? ?? ??? ????,
?? ??? ? ?? ????,
???? ?????,
??? ??? ????,
??? ?? ????,
??? ??? ?????.,
?? ?? ????,
,
???? ??? ?? ????.,
????? ??? ?? ??? ?? ???.,
,
,
,
,
???? ? ??? ?? ???…,
?? ??? ?? ?? ?????,
?????? ? ? ????,
??????,
,
???? ????? ?????? ??? ?? ????,
,
,
???? ?? ????? ?? ????,
??? ????,
??? ??? ??? ??? ??? ?????,
??????,
?????,
???????,
????? ??? ??? ?? ??? ?? ??? ??????,
,
????? ???? ??? ?? ???,
,
,
,
??? ?????,
????? ????? ? ?? ??? ????,
????? ?????,
??? ??? ?????,
?? ???? ?? ?????,
,
????? ???? ?? ????? ?????.,
,
,
?? ??? ???? ???? ??? ???,
???? ?? ??????,
??? ???? ????,
??? ??? ????,
??? ?????,
,
??? ????? ??? ???? ??? ??????,
,
,
,
5???? ???? ????,
2??? ??? ?? ??? ?????,
??? ??? ?????,
2??? ???? ??? ???? ????,
,
???? ?? ????? ??? ????.,
??? ??? ???? ????,
,
??? ??? ??? ? ?????,
,
??? ?? ???? ????? ?????,
???? ???? ??? ???? ????,
,
???? ????,
???? ?? ?? ?????,
?? ????? ?????,
???? ?? ???? ???? ????.,
???? ??? ???? ??? ??? ??? ?????,
??????? ???? ??? ??? ????,
????? ??? ?????,
????? ?????? ??? ??? ????,
????? ????? ??? ??? ??? ????,
?? ? 9? ???? ?????? ????? ???? ?? ? ?????,
?? ???? ?? ??????,
,
??? ?????,
???????. ????? ?????,
??? ?? ??? ??????.,
,
,
,
?? ??? ????,
?? ????? ???? ?? ?? ?? ?????,
??? ???? ?????,
?????? ????? ??? ??? ??? ??? ??????,
,
????? ????? ???? ? ? ?? ???,
,
,
,
,
?????? ??????,
,
?? ??? ? ?????.,
,
????? ???????,
?? ?? ? ? ? ?????,
,
,
,
??? ?? ??? ??? ????,
???? ?????,
???????,
???? ????? ??? ??? ????????,
,
,
? ???? ??????,
??? ??? ?????,
??? ????? ????,
? ????? ????,
,
?? ?? ?? ??? ????,
?? ???? ???????,
,
???? ??? ? ??? ? ????.,
,
,
,
,
,
,
,
,
,
????? ??? ??? ????.,
,
,
,
???????,
??? 3???? ????? ??? ????,
,
? ??? ??? ??? ????,
??? ??? ????,
??? ? ????? ?? ????? ????,
????? KBS????? ?? ? ?????.,
,
"?, ?? ????? ???",
,
,
????~ ??? ??? ???? ????? ?????.,
??? ??? ?? ??? ????? ??????,
"??, ??? ??? ????",
?? ???? ??? ????,
??? ????????,
?? ???? ???? ??? ?????,
??? ??????,
??? ??? ?????.,
"?? ???? ??, ?? ?? ??? ?????? ????",
?? ?? ?? ? ?????.,
??????? ????,
?? ?? ?????? ?? ????,
,
??? ?? ????,
,
"?, ??? ???????",
??? ??? ????,
???? ????? ????.,
??? ?? ??????,
?????? ??????,
??? ?? ???? ????.,
,
?? ??? ?? ??? ????? ????? ???? ??????,
?????? ??? ? ??????,
??? ?? ?? ?????? ????,
?? ??? ?????,
,
??? ??? ??? ?? ?????.,
,
,
,
,
,
?? ? ?????,
?? ???? ????? ???? ??? ?? CCTV? ?? ?????,
?? ?? ??? ??? ??? ????,
???? ???? ????,
??? ?? ????????.,
???? ??? ????? ???? ???? ??????,
??? ??? ??????,
?? ????? ??? ? ?? ????,
?? ?? ????? ???? ????,
??? ?? ????? ???? ??????,
?? ??? ??????,
???? ????? ???? ????,
???? ??????,
1942???? ???????,
??? ??? ? ? ????,
,
??? OO 2?? ??? ???? ??????,
,
???? ??? ???? ???? ????,
?? ???? ??????,
6???? ??????,
???? ???????? ?? ??? ?????? ?????.,
,
??????,
,
??? ??? ????? ????.,
??? ??? ??? ?????,
??? ????? ? ?? ????,
? ??? ?????,
???? ??? ?????,
?? ?????,
60?? ???? ??? ????? ? ???,
,
?? ??? ?????,
,
?? ??? ??? ?????? ?????.,
????? ??? ??????,
,
???? ????,
??? ??? ???,
??? ??? ???,
1??? ?????,
??? ?? ???,
???? ???? ??? ?? ?????,
????? ???,
,
???? ?? ?? ? ?? ????.,
???? ??? ??? ?????,
?? ???????,
,
???? ???? ????,
,
?? ?? ???? ?????,
,
?????? ??? ??? ?????,
?????,
,
????? ?? ???? ??????.,
,
,
??? ????,
,
,
,
??????,
?? ??? ?????,
9??? ???? ?? ????,
,
????? ???? ?? ?? ???? ???.,
,
,
???? ??? ????,
??? ????? ???? ????,
,
???? ?? ??????,
???? ???? ???? ???,
??? ?? ? ?????,
??? ? ? ???? ? ? ????,
????????,
??? ?? ??? ?? ????,
???? ??? ????? ??? ????,
?? ?????,
?? ?? ?? ? ??? ??? ???.,
?? ??? ??? ??? ?? ?? ???,
,
????? ???????,
,
?? ??? ???? ?? ??? ??? ?????,
,
???? ???? ? ?????,
,
"????? ???, ???? ????????.",
???????? ????? ??? ???,
,
,
????? ????? ????,
,
? ???? ? ??????,
,
KTX? ??? ???? ?????.,
,
???? ??? ?????? ????,
,
,
,
? ??????,
,
,
? ??? ?? ?? ???,
,
???? ?? ? ?? ?????,
,
???? ?????,
,
?? ???? ?? ????,
? ??? ?? ??? ?????,
??? ??? ?????,
??????,
?? ? ??? ???? ??? ???????,
,
???? ???? ?? ??? ?? ????.,
,
,
,
??? ??? ???,
????? ????,
?? ????,
,
??? ???? ??? ????????? ???,
,
?? ??? ?? ?? ?? ?? ????,
,
?? ???? ????,
?? ????? ?????,
???? ? ?? ?? ???,
??? ???? ?????,
?? ?? ?? ?? ??? ????? ??????,
510? ?? ?? ??? ????,
?? ???????,
?? ??? ? ???????,
????? ?? ???? ??? ?? ??? ??? ????,
,
?? 63? ??? ????? ?? ??? ????,
??? ??? ??? ????,
?? 5200?? ???? ??? ????,
,
,
????? ??? ???,
?????? 63?? ??? ??????,
5200?? ????????,
???? ????? ? ?? ?????,
,
?? ?? ??? ???? ??? ??????,
,
,
,
??? ?? ? ??? ?????,
???? ???? ?? ??? ???? ??? ????,
??? ?????,
??? ?? ?? ????? ??? ????,
,
?? ??? ?????,
????? ??? ??? ??? ????? ????,
?.,
???? ??? ????,
????? ??? ???,
????? ??? ???,
????? ?????? ????,
?? ? 13?? ??? ????,
????? ??? ???? ?? ?????,
????? ???? ??? ???,
?? ?? ??? ????,
? ????,
,
,
??? ??? ????,
??? ?? ??? ??? ?? ??????,
??? ?????,
,
?????? ??????,
??? ??? ?? ??? ??? ???,
,
?? ? ????,
?? ??? ???? ?? ???? ?? ? ?????,
,
,
,
?? ??? ?????,
,
,
,
?? ???? ??? ?? ?????,
,
???? ???? ?? ??? ? ?? ?????,
,
,
,
?? ?? ????????,
?? ?????,
??? ??? ????,
,
???? ???? ? ????,
,
?? ??? ?????,
?? ?? ? ?? ?? ?????,
,
,
,
,
?? ??? ????????,
??? ??? ?????,
??? ??? ????,
,
?? ????? 100??? ???,
?? ??? ????,
???? ??????,
??? ??? ??? ????,
??? ??? ?????,
??? ???? ???? ??????,
?? ??? ???? ?????,
"???? ??? ??? , ???? ??? ??????",
,
??? ???? ??? ?? ??? ?????,
,
????? ??? ?? ????? ????,
,
,
,
"?, ????? ???? ?????",
????? ????? ? ?? ??? ??????,
,
??? ??? ????? ?????,
??? ??? ????.,
,
????? ????? ????? ??????.,
,
,
,
"?, ?? ??? ?????",
????? ????? ? ????? ????,
,
??? ???? ????,
,
,
???? ???? ??? ??????.,
,
,
KTX? ????,
,
??? ?????,
??? ????,
?? ?? ?? ????,
?? ????? ?? ????,
???? ?? ITX????? ??? ?????,
???? ???? ??? ?? ????.,
,
??? KTX?? ??? ?????,
,
?????? ???? KTX? ?? ????,
???? ??? KTX? ????,
?? ????? ?? ? ?? ??? ??????,
,
??? ??? ?????? ?? ????,
"?, ???? ?????, ???? ??? ? ??? ????",
,
?? ?? ????? ???? ?????,
,
,
,
,
600? ?? ?? ??? ??? ???,
,
?? ?? ?? ??????? ?? ?? ????,
??? ?????? ?? ??? ? ???? ????,
,
???? ???? ???? ? ?? ?????,
,
??? ??? ??? ?? ?????,
,
?? ???? ???? ????? ??????,
"??? ???? ???, ????? ???????",
,
,
??? ??? ????,
???? ????? ???? ???,
???  ?? ??????,
10??? ??? ???? ????,
??? ????? ????????,
??? ??? ???,
"?? 24?? ??? ?? ???""?",
,
???? ??? ?? ??? ?? ????,
?? ???? ??? ??? ???? ?? ??? ??????,
"??? ?? ??? ????, ??????",
??? ????? ????? ????,
,
?? ???? ?? ???? ????,
????? ????? ???? ???? ???????,
?? ? ????? ???? ????,
?? ????? ??????,
,
,
???? ??? ??????,
,
??? ??? ?? ??? ?????,
,
,
??? ??? ??? ?????,
,
??? ??????,
??? ??? ??,
?? ??? ??? ????,
??? ?? ? ?? ???? ????,
??? ??? ??? ?????,
??? ???? ????,
??? ???????,
??? ??? ?????,
???? ??? ?? ???? ?????,
,
??? ?????,
,
,
,
??? ?????,
???? ? ??????,
??? ????,
?? ???? ????,
?? ??? ???????,
,
??? ?? ?? ????,
?? ???? ??????,
???? ?? ????,
??? ??? ???,
??? ?? ??? ??? ????,
,
????? ??????,
,
???? ?? ?? ? ?? ?????,
,
,
,
,
?? ?? ?? ??? ??? ??????,
??? ???,
??? ??? ??????,
,
???????,
,
?? ?????? ??? ??? ?? ?? ? ?????,
,
??? ??? ?????,
,
????? ??? ???,
?? ???? ????? ???? ??????,
"? ??? ???? ????,",
,
????? ??? ???? ?????,
,
???? ???? ??? ? ?? ?????,
,
,
,
??? ?????,
??? ??? ???,
?? ????? ???? ????,
?? ?? ??? ????,
??? ?????,
?? ???? ???? ?? ? ?????,
???? ???? ?? ??? ????,
??KTX??? ????? ???,
??? ?? ????,
??? ?? ?? KTX? ????? ?? ????,
???? ??? ??? ??? ?????,
??? ??? ???,
,
??? ??? ???,
??? ??? ?? ?? ??????,
? ?? ??? ???? ??? ????,
,
?? ???? ???? ???? ??? ???,
?? 2? ?? ????,
?? ??? ?? ???,
??? ???? ??? ???,
??? ???? ????? ??? ????,
?? 4? 40?? ????????,
,
,
??? ?? ?? ???? ?? ??? ???? ?????.,
?? ???? ?? ???? ??????,
???? ????? ? ?????.,
??? ??? ?? ?? ??? ?????,
?? ??????,
???????,
?? ??? 1? ???? ????,
,
???? ???? ??? ??? ??????,
???????,
????? ????,
?? ??? ??? ???,
,
,
"?, ???? ???? ???? ? ???",
3??? ????? ?????,
? ????? ?????,
,
,
,
??? ?? ???? ???? ?????,
,
??? ???? ???,
?? ?? ??? ???? ?KG ?????,
"?, ?? ???? ??? ? ?? 9KG? ???? ???????",
,
?? ?? ??? ??????,
??????,
,
??? ????,
?? ??? ?? ?????,
??? ??? ??? ??? ?????,
??? ??? ?? ???,
,
?KG?? ?????,
,
?? ???? ??? ???????,
??? ?? ? ??? ????,
? 2?? ? ???? ??? ????,
?? ?????? ?? 2??? ? ???? ?? ?? ??? ?????,
?? ???????. ?? ?? ???,
,
????? ???? ???,
??? ??? ???? ?? ?? ????,
KG? ? ???? ??? ????,
?? ?? ?? ? ??? ?? ?????,
???? ??? ??????,
?? ?? ??? ?? ??? ????? ?????,
,
?? ??? ??? ??? ???? ????,
,
,
,
???? ??? ??? ???? ?? ?????,
,
???? ????,
,
?? ????? ????,
??? ??? ????,
??? ?? ??????,
,
? ?? ?? ?? ? ?????.,
???? ???? ?????,
?? ??? ?? ?? ?? ????,
,
,
,
??? ??? ?? ??? ????? ????,
,
?? ?? ?????,
? ??? ??? ?????,
,
,
???T ??? ??? ?????,
,
"?, ??? ???, ?? ???? ??? ?? ????? ?????",
? ????? ??? ??? ?????,
,
?? ???? ??? ???? ????? ????,
?? ??? ????,
??? ??? ? ???? ????,
??? ?? ??? ??? ?? ?? ????,
??? ?? ??? ?? ???.,
???T? ?? ?? ? ????.,
,
?? ??? ?? ??? ??? ?????,
?? ??? ??? ???,
??? ?? ??? ???? ????,
?? ????? ??? ???? ????? ???? ??? ?? ???? ???,
?? ?? ????? ??????,
?? ?????? ?? ?? ????? ??????,
???? ???? ?????,
?? ???? ?? ??? ???,
???? ?? ? ?????,
??? ??? ???? ?????,
??? ?? ?? ??? ??? ??????,
??? ????? ??? ?? ?? ?????,
,
???? ????? ????? ????,
??????? ?????,
?? ???? ??? ???????,
"4?? ???? ??, ??? ?? ?????",
?? ?? ?? ????? ??? ????,
,
??? ?? ? ?????,
,
,
,
,
,
,
????? ?? ????,
,
??? ?????,
?? ?? ?? ?? ? ?????,
?? ??? ???? ?? ?? ??? ???? ??????,
??? ??????,
?? ?? ??? ??? ???? ???? ???? ?? ??? ??????,
????? ?? 510? ??????,
? ?? ???? ?????,
?? ??? ??? ???,
,
?? ??? ??? ???,
,
?? ?? ???? ???? ????,
,
,
,
?? ???  ????,
,
"?? ??? ???? ?? ????,",
,
,
,
????? ??? ?? ????? ??????.,
,
,
,
????? ??????,
???? ?  ?????  ?? ??? ????,
,
?? ????? ??? ????,
,
,
?? ???? ? ???? ??? ????.,
,
??? ???? ??????,
????? ?????,
,
??? 500?? ???,
????? ??? ?? ????,
,
??? ??? ????,
??? ??? ????,
,
"??????? ??? ??? ?? ????,",
,
,
9?? ??? ???? ??????,
?? ???? ? ? ?? ??? ??????,
??? ?? ?? ????,
??? ????? ?? ??????.,
,
"?? ????? ??????? ? ? ?????, ??? ??? ????",
,
????? ???? ?????,
???? ???? ?????,
,
,
,
??? ?? ??????,
,
,
?? ?? ??? ???????,
,
,
??????  ????? ????? ?? ?????,
,
,
,
????? ??? ??????,
????? ????? ? ?? ??? ????,
,
?? ??? ?????? ?? ????,
???? ???? ?? ?????,
,
???? ????? ???  ???? ? ?? ??????? ???? ????,
,
,
,
??? ??? ?????,
??? ??? ???,
??? ??? ??? ?????,
??? ??? ??? ??? ??? ???? ?????,
??? ?? ????,
??????? ????????? ?? ????? ??????.,
,
,
,
??? ??? ????,
????? ?????,
,
??????? ??? ?????,
??? ?? ??? ?????,
?? ?? ?????,
,
?? ?? ??? ? ????????,
,
,
,
,
10??? ??? ??? ? ?? ??????? ???? ??????,
,
??? ??? ????,
?? ??? ????? ? ? ???? ???? ??? ? ???? ????,
,
??? ????,
? ????? ????,
,
,
,
,
,
,
?? ??? ???,
2??? ?? ?? ? ????.,
,
,
"?, ?? ???,??? ?????",
??? ??????? ????? ????? ?????,
,
?? ?? ???? ?? ????,
?? ???? ??? ???,
?? ???? ???? ??? ??? ??? ??? ???,
? ???? ?? ??? ??? ?????,
,
???????? ?????? ?? ????,
,
,
?? ?? ???? ?? ???,
??? ?? ??? ????,
? ? ?? ??????,
??? ???? ?????,
??? ??? ????,
,
???????? ????? ??? ???? ????,
????? ?????? ?? ???? ????,
,
???? ???? ??? ?????,
???? ???? ?????,
,
,
???? ?? ?????,
,
????? ?????,
??? ?? ????,
?? ?? ??? ????,
??? ?? ??????,
,
????? ?????? ??? ?????,
,
,
?? ??????,
??? ????????,
???? ??? ????,
?? ??? ??????,
?? ?? ?????????,
??? ??? ?????,
????? ???? ??????,
,
???? ????? ?? ???? ?????,
,
,
brt?? ??????,
??????? ?? ????,
????? ? ? ???? ??????,
????? ????? ????,
??? ????? ?? ?? ????,
?? ??? ?? ????,
??? ? ????? ??? ????,
??? ???? ??? ??? ????,
,
????? ????? ????? ??????.,
,
,
,
??? ?? ????,
??????? ???? ????,
?? ??? ??????,
??? ??? ?????,
?? ???? ????????,
??? ??? ?????,
,
?? ????? ????? ????? ????,
,
,
?? ?? ??? ?????,
????????,
???? ????,
???? ??????,
???? ????,
?? ????? ??? ????,
????? ??? ?????,
,
????? ?????? ?? ??? ?????,
,
,
?? ????????,
???? ???? ????,
?? ??? ??? ????,
??? ?? ?????,
??? ??? ??? ?????,
?? ???????? ????? ?????,
,
?? ???? 5???? ?? ????? ????? ???? ?????,
,
,
?? 8? 30??? ??? ?? ???????,
??? ??? ??? ?????,
?? ????? ??? ????,
????? ?????,
????? ????? ? ?? ??? ????,
??? ?????,
,
?? ?????? ????? ?? ??? ?????,
,
,
,
?? ???? ????,
?? ????? ???? ????,
??? ???? ?????,
??? ??? ????,
??? ?????? ????? ??????,
,
????? ????? ??????,
,
,
,
????? ??????,
,
??? ????,
??? ??? ?????,
?? ??? ??? ??? ?? ????,
??? ???? ???? ???? ?????,
??? ?????,
?? ????? ??????,
,
???? ???? ?? ?? ??? ?????,
,
,
,
?? ?? ????? ?? ?????,
?? ????? ??? ????,
?????,
??? ???????,
,
? ????? ??????,
,
?? ????? ???? ??? ?????,
,
,
??? ???? ??? ????,
?? ??????,
????? ?? ??? ??????,
??? ??? ????,
?? ??? ??? ????,
??? ??? ????,
?????,
,
????? ?????????? ??????.,
,
,
,
,
?? ??? ???? ??? ??????,
?? ??? ??????,
????? ????? ? ?? ??? ????,
,
??? ?? ??? ?????,
?? ????,
,
??????? ???? ?? ????? ?????,
,
,
?? ???? ????,
??? ???? ?????,
?? ??? ??? ????,
??? ?? ??????,
??? ??? ????,
???? ??????,
,
,
????? ??? ??? ?????,
????? ?????? ??? ?????,
,
,
?? ??? ???? ????,
??? ??? ?????,
???? ???? ??? ??????,
??? ??? ?? ??? ????,
?? ??????,
??? ??? ?????,
,
,
??????????? ?????? ??? ????,
,
,
??? ???? ???? ???,
???? ?? ??? ???,
??? ??? ?????,
????? ??????? ??? ????,
,
?????? ?? ????????,
????? ???,
,
????? ????? ?????? ??? ?????,
,
,
??? ?? ??? ?????,
????? ??????,
?? ?? ??????,
???? ?????,
????? ???? ????,
???? ???? ????? ?? ????,
?? ?? ??? ?????,
? ??? ??? ?????,
,
????? ????? ?? ????? ?????,
,
,
?? ??? ????,
???? ??? ????,
?? ??????,
???????,
????? ???? ?????,
??? ??? ?????,
?????? ??? ?????,
,
??????? ?????? ?? ??? ?????,
,
,
,
,
,
????? ?? ??? ?? ????,
????? ???? ????,
?????? ???? ?????,
?????? ?????? ???? ?????,
? ??? ??? ??????,
,
?? ?????? ????? ?? ?? ?????,
,
,
,
??? ?? ??? ?????,
??? ???? ??? ????,
??? ??? ?????,
??? ? ?? ??????,
?? ??? ?? ??? ?????,
?????,
,
??????? ??????? ????? ?????,
,
,
,
??? ?? ?????????,
??? ??? ?????,
?? ??? ??????,
,
,
,
????? ??????? ?? ?? ?????,
,
,
,
???? ????,
??? ??? ?????,
? ???? ??? ?????,
??????? ???? ?????,
??? ?? ??? ?????,
??? ??? ?????,
,
?????? ????? ????? ??? ?????,
,
,
,
,
??? ???? ?????,
? ?? ???? ??????,
??? ??? ?????,
??? ?? ??? ?????,
?? ???? ??? ???? ????,
,
?? ????? ?? ??? ??? ?????,
,
,
,
???? ??? ?? ????,
??3??? ????????,
???? ??? ????,
??? ?? ??????,
? ??? ??? ??? ????,
????? ??? ??? ?? ????,
????? ????,
,
?? ?? ?????? ????? ??? ?????,
,
,
,
???? ????,
??? ??? ??? ????,
??? ??? ?????,
?? ???????? ??? ??????,
???? ??? ????? ????,
??? ??? ?????,
,
????? ??? ?? ?? ?????.,
,
,
,
??? ?????,
,
??? ??? ????,
?? ?? ?? ??? ???? ??? ????,
?? ? ????,
,
???? ??? kbs ?? ?? ? ? ?????.,
,
,
?? ?? ??? ??????,
?? ??? ?? ?? ????,
?? ? ?????,
???? ???? ????? ???? ???,
??? ??????? ?????,
????? ? ? ??? ?????,
,
????? ???? ??? ?? ??????.,
,
,
?? ???? ????? ? ? ??????,
??? 12??? 1? ???? ?? ?? ?????,
1? ?? ?? ?? ?? ? ?? ?????,
? ????,
?? ??? ??????,
?? ?? ?? ????,
,
???? 63?? ????? ?????.,
,
,
,
63??? ??????? ?????,
??? ? ??? ??? ? ? ????,
??? ??? ????,
???? ??? ??? ????,
?? ??? ??? ????,
,
???? mbc ?? ?? ? ?????.,
,
,
? ??? ???? ????,
??? ?? ?? ????,
????? ?? ????? ??? ????,
???? ? ? ?????,
?????,
6??? ? ?????,
,
????? ?? ? ?????,
,
,
,
?? ?? ?????,
,
,
CCTV ?? ? ???? ????,
,
,
????? ?? ??? ????.,
?? ??? ?????,
????? ??? ????,
,
???? ??? ? ?????,
,
???? ???? ?? ??? ????,
??? ?? ????,
,
,
?????? ??? ?? ????,
,
,
,
,
,
?????,
?? ?? ????? ?????,
,
??? ??? ??? ?? ????,
???? ???? ??? ????,
,
,
,
,
?? ???? ??? ?? ????,
??? ???? ??????,
,
,
,
KTX? SRT ??? ?????,
?? ???? ??? ?????,
?? KTX-??? ????,
,
?? ??? ????,
????? KTX? SRT ???? ??? ? ????,
SRT? KTX ? ?? ??? ??? ? ????,
16?? ???????? ? ?? ?? ????? ??? ?????,
????? ??? ????,
,
,
???? ?? ??? ?? ????,
,
,
,
,
,
??? ???? ?? ??? ??? ?????,
,
,
,
,
,
??? ??? ???????,
?? ??? ??? ???,
,
,
,
???????,
,
????? ????? ??? ????? ??? ????,
,
,
,
???? ??? ????,
,
?? ?????,
,
??? ??? ?? ???????,
,
,
?? ? ???? ? ? ???? ?? ??,
,
?? ????? ??????,
,
?? ???? ???????,
,
,
?? ??? ??????.,
,
?? ????? ?? ??????,
,
?? ???? ???????,
,
,
?? ???? ?? ? ??? ???,
,
?? ????? ??????,
,
?? ???? ???????,
,
,
?? ???? ??? ??? ?? ???,
,
?? ????? ??????,
,
?? ???? ???????,
,
,
????? ??????. ? ? ???? ?? ??,
,
?? ????? ??????,
,
?? ???? ???????,
,
,
"??? ???? ??, ??????.",
,
?? ????? ?? ??????,
,
?? ???? ???????,
,
,
"?? ??????, ? ??? ???",
,
?? ????? ??????,
,
?? ???? ???????,
,
,
????.  ? ? ???? ????,
,
?? ????? ??????,
,
???? ?? ???? ???????,
,
,
? ? ???? ?? ??,
,
?? ????? ??????,
,
?? ???? ???????,
,
,
????.  ? ? ???? ?? ??,
,
?? ????? ???????,
,
?? ???? ???????,
,
,
,
,
,
,
???? ? ???? ????,
,
?? ????? ??????,
,
?? ???? ???????,
,
,
,
?? ???? ??? ???.,
,
?? ????? ??????,
,
??? ??? ??? ??? ??? ??????,
,
,
,
??? ???? ????,
??? ?? ?? ?????,
,
,
??? ?? ??? ? ? ??? ? ?????,
,
?? ????? ??????,
,
,
,
? ? ???? ?? ??,
,
?? ????? ??????,
,
,
,
? ?? ??? ??? ? ??????,
,
"???? ???, ??? ??????",
,
,
,
,
,
? ???? ? ??????,
,
?? ??? ??? ?? ?? ? ???.,
,
,
,
,
,
,
,
,
,
??? ?? ? ? ????,
???? ??? ???,
??? ? ?? ????,
???? ???? ??? ?????.,
??? ?? ??????,
??? ??????,
???? ?????.,
??? ?????,
?????,
?? ???? ???,
???? ????? ?? ?????.,
???? ?????? ?? ????,
,
????? ???? ?? ?????,
???? ???? ??? ??? ????,
????? ?????? ?? ??????,
?????,
???? ???? ??? ????,
,
,
?? ???? ????? ?? ????,
?? ???? ????,
?? ? ?????.,
???? ?????,
??? ??? ????,
"??, ?? ???? ??? 4? ????",
????? ???? ??? ?????.,
?????,
??? ??? ? ??????,
,
?? ??? ?????? ??? ?????.,
,
,
,
???? ??? ?????.,
??? ?? ???????,
?? ???? ?????,
????? ????????? ????,
???? ??????,
,
?? ????? ??? ???? ????,
?? ???????? ????? ????????? ??? ?????,
,
,
?? ???? ???? ???? ???? ?????.,
,
?????? ????? ??? ? ?? ?????,
???? ???? ???? ?? ???????,
????? ?????,
,
?? ?????? ??? ??? ?????,
,
,
??? ????,
????? ?????,
???? ? ??? ????,
?? ??? ?????.,
? ??? ?? ??????,
109? ?? ??????,
,
???????? ??? ? ? ?????,
,
??? ??? ?? ???? ??????,
??? ??????.,
??? ???? ?????,
?? ?????.,
??? ??? ????,
?? 9??? ????? ???? ??????,
? ?? ??? ?????,
,
?? ??? ???? ???? ?? ?????,
??? ???????,
,
,
??? 3??????,
????? ?? ?????,
????? ??? ?? ?? ?????.,
???? ????,
?????,
??? ??? ???,
,
????????? ???????,
,
,
??? ??? ?????,
???? ??? ?????,
?????,
????? ??????,
????? ??????,
?? ? 3?? 50??? ???????,
,
???? ?????????.,
,
???????? ??? ?????.,
,
????? ???? ??? ??? ????,
??? ????,
?????,
KTX???,
????? ??????? ??? ??????,
??? ????,
??? ?????? ???,
???? ??? ??? ??????,
1???? ?? ?? ??? ??????,
????? ??? ??? ????,
1? 15? ?? ?? ?????,
?????????? ????? ??? ????,
?? ? ??? ??????,
????? ?? ?? ?????,
??? ??????,
,
?????. ??? ???? ????,
???? ??? ????. ??? ?? ??????.,
,
,
,
?? ?? ????????,
???? ????,
??? ????,
??? ?????,
,
?? ????? ??? ?????.,
?????? ????? ?? ?? ??? ?????.,
,
,
???????? ?????????,
?????? ????? ????,
??????,
??? ???????,
,
,
??? ??????.,
?????? ?? ????. ??? ?????,
,
???????.,
???? ?????,
??? ???? ??????,
??? ????,
???? ??? ????,
?? ???? ??? ??????,
,
????? ??????? ?????.,
,
??? ????,
?????? ?????? ??? ????????,
??? ?????,
??? ?????,
,
??????? ????? ???? ??? ??? ????,
?? ???.. ??? ??? ????,
,
???? ?? ??? ????.,
???? ????? ??? ????? ?????.,
,
,
????? ??? ????,
??? ????,
??? ?????,
??? ???? ??? ???,
??? ?? ???????,
??? ?? ????????,
???? ?? ????? ????,
,
? ???? ?? ?????.,
? ???? ?????,
2???? ?????,
??? ????,
?????? ???? ??? ????,
??? ??? ?? ????,
??? ? ? ???,
,
??????????? ????? ??? ????,
,
?? ??????,
????? ???????? ??????,
?????,
????? ?????? ???? ???,
?? ?? ???? ?????,
?? ??? ????,
?? ????? ????,
,
?? ????? ????????? ????.,
??? ????,
?? ?? ?????.,
?? ??????,
??????,
??? ??? ????,
?? 9??? ?? ????,
??? ?????,
???????? ??? 7?????,
,
?? ??? ????.,
??????? ?? ?? ????,
?? ?????,
?? ??? ????,
????? ??? ? ????,
??? ?????.,
KT&G???? ?????,
00??? ??? ????? ????,
??? ????? ????,
,
?????. ?? ?????.,
???????? ???? ?? ?????.,
,
????? ???? ???????,
??? ???????,
???? ??? ???,
??????? ????? ????,
????? ????? ?? ???????,
??? ?? ?????,
,
??? ?? ???????? ????.,
?? ???? ??? ? ? ?? ???.,
,
???? ??? ?????.,
????? ??????,
??????? ?????? ????,
?????? ??? ????,
?? ??????,
,
,
??????????,
??????? ?????? ??? ??????,
,
,
,
??? ??????,
?? ????? ?????,
???? ????? ????,
??? ????? ?????,
??? ?????,
????? ??? ????? ??? ??? ?????,
???????? ??? ??????,
,
?????.????? ??????,
?? ??????? ?????? ??? ????,
,
,
,
brt? ??? ??? ????????,
?. ?? ?? ??? ????,
?? ?????,
??? ??????,
brt?? ??? ?????,
,
??? ???????? ??? ??????,
,
,
??? ?? ??? ????,
???? ??? ????,
????? ?? ?????,
????? ?????,
??? ?? ????? ???????? ?????? ??????,
?? ??? ????,
?? ??? ?????? ????,
,
,
???? ????? ??? ???,
,
? ? ??? ?????,
????? ? ??????,
??? ?????,
????? ???????,
???? ????? ????,
??? ?????,
??? ?????,
,
???? ???? ????? ???????,
,
??? ??????,
??? ??????,
?? ?? ??????,
,
?? ??? ?????,
?????,
??? ? ?????,
??? ???? ??? ??? ????,
???? ???? ?? ??? ???????,
,
,
,
??? ?? ??? ????,
?? ?????,
??? ??????,
??? ? ?????,
,
????? ??????,
,
,
?? ?????? ????? ??? ?????,
,
,
,
,
,
??????? ?????,
?? ??? ?????,
???? ???? ??? ??????,
??? ?????? ?? ???? ??? ????,
,
,
,
,
?????? ?????,
,
????? ???? ????,
,
??????. ???? ????? ????????,
,
,
,
,
,
??? ?????,
??? ????? ??? ?????,
?????,
,
?? ??? ??????? ???????,
,
,
????? ??????,
,
????? ?????,
??? ??? ????,
?? ???? ?????? ??? ?…,
???? ?? ???? ??????,
?? ??? ?????????? ??? ????..,
???? ???? ??? ?????,
,
,
,
,
????????? ??? ??? ?? ??? ????? ???? ??????? ?????? ???????,
????? ?? ??? ?? ?????,
,
,
,
??? ???? ??? ???,
??? ????,
,
????? ????? ??? ?????,
,
,
????? ?????,
,
,
,
???? ?????? ??? ????,
????????,
??? ??? ????,
,
??????.????? ???? ??? ????????,
?? ??? ? ??? ?????,
,
,
,
???????? ???? ???? ??????,
?????? ??????,
,
,
???? ??? ??????,
??? ???? ??? ????,
,
??? ????? ????? ?????????? ????? ?????,
,
,
,
,
??? ??? ??????,
?? ???????? ????? ?????,
,
???? ???? ????,
????? ??IC? ??? ??? ???,
,
????? ? ??? ???? ?????????,
,
,
?? ????? ?????? ?????? ??????,
,
?????? ??? ???,
????? ?????????,
,
????? ??? ??? ?????,
,
???????????,
?? ?? ?????? 1??? ??????? ????? ??????,
?????????,
,
,
,
,
,
?????? ????? ?????,
,
,
,
??????. ?? ?????? ?????????,
,
??? ???????,
??????? ?????,
???? ???? ????????,
??????? ???? ??????,
??????? ???????,
,
,
??? ??????,
,
???? ?? ?? ?? ?? ????,
??? ???? ????,
??? ??????,
?? ?? ??????,
? ?? ?? ??? ??? ?? ??????,
? ??? ????,
??? ??????,
??? ???? ? ??????,
,
? ?? ???? ??? ??? ???????,
,
???? ?? ?? ?? ?? ????,
??? ? ???????,
????? ??? ???,
,
? ?? ??????,
,
"??? ??? ??? ????? ??? ????, ????? ???? ?????",
??? ? ?? ??????,
,
????? ??? ?? ?? ? ? ???,
,
,
????? ???? ??? ??? ?? ??????,
990? ?? ??? ??????,
??? ?? ????? ???? ?????,
? ???? ??? ?? ????????,
???? ???? ????,
?????? ????,
,
?? ????? ??????,
????? 10:30?? ????? ??????,
?????? ? ??? ?????,
,
???? ???? ??? ?? ?? ???? ??????,
??? ?? ????? ??? ?? ???? ???? ?????,
,
??? ?????,
????? ?? ?? ?????,
? ?????. KTX?? ????? ????,
??? KTX? ?????,
? ????. ?? ?? ???? ????? ?????,
,
?? ??? ??? ????? ???? ? ????,
,
?? ???? ?? ????? ??? ??? ??? ????? ??? ????.,
,
? ?? ?? ????? ???? ? ????,
? ????? ?? ???? ?? ??? ????,
??? ??? ?? ?? ??????,
?? ???????..??? ?? ???? ??? ???,
???????? ?? ??????..,
?? ??? ?? ???? ???? ???,
?? ?? ???? ???????? ? ??? ???? ? ? ?????,
???? ??????,
,
???? ???? ????? ?? ????.,
,
,
,
?? ????????,
??? ??? ?????,
????? ??? ????,
?? 1?? 26??? ?? 18?????,
? ?? ??? ????,
???????? ???,
? ? ???? ?????,
,
,
,
,
,
??? ????????,
?? ???? ????????,
?? ??? ??? ????,
? ???? ?????? ??? ????,
,
????? ?????? ???????,
,
,
,
?? ??? ???? ? ????,
????? ?? ????,
???? ?????,
?? ???? ??? ????? ?????,
?? ??? ??? ????,
????? ???? ????????,
? ? ???? ?? ??,
,
?? ????? ??????,
,
?? ???? ???????,
,
,
??????.,
,
?? ????? ?? ??????,
,
?? ???? ???????,
,
,
?? ? ??? ???,
,
?? ????? ??????,
,
?? ???? ???????,
,
,
??? ??? ?? ???,
,
?? ????? ??????,
,
?? ???? ???????,
,
,
? ? ???? ?? ??,
,
?? ????? ??????,
,
?? ???? ???????,
,
,
??????.,
,
?? ????? ?? ??????,
,
?? ???? ???????,
,
,
"?? ??????, ? ??? ???",
,
?? ????? ??????,
,
?? ???? ???????,
,
,
????. ? ? ???? ????,
,
?? ????? ??????,
,
???? ?? ???? ???????,
,
,
? ? ???? ?? ??,
,
?? ????? ??????,
,
?? ???? ???????,
,
,
????. ? ? ???? ?? ??,
,
?? ????? ???????,
,
?? ???? ???????,
,
,
,
,
,
,
???? ? ???? ????,
,
?? ????? ??????,
,
?? ???? ???????,
,
,
,
?? ???? ??? ???.,
,
?? ????? ??????,
,
??? ??? ??? ??? ??? ??????,
,
,
,
??? ???? ????,
??? ?? ?? ?????,
,
,
??? ?? ??? ? ? ??? ? ?????,
,
?? ????? ??????,
,
,
,
? ? ???? ?? ??,
,
?? ????? ??????,
,
,
,
? ?? ??? ??? ? ??????,
,
"???? ???, ??? ??????",
,
,
,
,
,
? ???? ? ??????,
,
??????,
??? ????? ?????,
,
,
,
????? ?????,
,
,
? ? ??? ??? ??? ????,
,
?????.,
,
,
,
?? ???? ???? ? ? ??????,
?????? ??????,
??? ?????,
??? ?????,
????? ??? ????,
,
?????? ??? ??????,
??? ???? ???,
? ??????,
????? ?????,
?? ??????,
??? ? ? ? ????,
,
?????? ?? ?? ?????,
?????? ?? ??????,
????? ?????,
??? ????,
?????? ???? ?? ??????,
??? ?? ??????,
???? ?? ?????,
?? ???? ?? ??????,
??? ???? ??????,
,
??????,
,
,
,
,
??? ???????,
,
??? ??? ?????,
,
,
??? ??????,
??? ?????,
,
??? ??? ????? ???? ?????? ?? ????? ?? ???????,
,
,
,
?? ???,
,
,
,
??? ?? ? ? ?????,
,
??? ????? ??? ??????,
,
"?????, ??? ??? ???? ?????",
??? ??? ??????,
???? ?????,
??? ??? ? ???? ??? ? ? ?????,
,
???? ?? ?? ????,
,
,
?? ???? ?????,
,
,
,
,
,
,
,
,
,
,
,
,
???? ?? ????? ?????,
,
,
,
,
,
,
,
,
,
,
,
,
,
,
?? ????? ?????,
,
????,
,
,
,
,
,
,
,
,
,
,
,
,
?? ????? ?????,
,
,
,
,
,
,
,
,
,
,
,
,
,
,
?????.,
?? ??? ????? ?? ??????.,
?? ?????? ??? ??????,
,
,
,
,
,
,
,
,
,
,
,
,
,
?? ????? ?????,
??? ?? ?? ?????.,
?? ?? ??????.,
,
,
,
,
,
,
,
,
,
,
,
,
?? ????? ?????!,
,
,
,
,
,
,
,
,
,
,
,
,
?????.,
??? ???? ????.,
??? ??????,
,
,
,
,
,
,
,
,
???? ? ??? ???????,
,
???? ??????,
????? ?? ???.,
,
,
????????,
??? ????,
??? ??? ????,
,
?? ?? ?????,
,
???? ??? ??? ??? ?????,
,
,
??? ??? ???,
????? ?????,
?????,
???? ??????,
??? ????,
,
??? ????,
,
"?? ???, ???, ??? ??? ????. ??? ??? ????",
???? ??? ????? ??? ?????.,
,
??? ??? ???? ?????.,
????? ????? ??? ???,
,
?????,
????? ?????,
?????,
,
?? ??? ????,
??? ?? ??? ?? ???.,
,
,
???? ????? ????? ??? ???,
??????,
??? ????,
?? ?????,
,
???? ? ???,
?? ?? ??? ?????,
,
??? ???. ?? ??? ????,
????? ?? ????,
??? ????,
?????,
??? ??? ????,
????? ??? ?????,
???????,
???? ? ? ?????,
?? ?? ?? ???.,
????? ?? ??? ?? ????,
? ?????,
,
???? ?? ??????,
?? ???? ??????,
????? ?? ??? ??????,
??? ???,
??? ? ????? ?????,
,
,
???? ???? ??????,
,
??????,
???? ??????,
?????,
?????,
???????,
,
? ??? ????,
??? ?? ?????,
??? ?? ?? ?? ????,
???????,
???? ?? ??? ????,
??????????,
??? ? ??? ????,
? ???? ??????,
?? ??? ???? ??? ?? ????,
???,
,
,
????? ?? ?????.,
??? ?????? ?????,
?? ??????? ?????? ????? ?? ???. ?? ?????,
????? ? ?????,
,
,
,
??? ???. ??? ????,
??????,
??? ??? ?? ??????,
????? ???? ????? ??????,
???? ?????,
???? ?????,
?????,
???? ????????,
??????,
????? ??? ???? ????,
?? ??? ?????,
??? ?? ??????,
,
??? ????? ??? ????? ?????,
?? ???? ??? ????,
??? ?? ???? ?????,
??? ? ? ????,
,
??????,
?????,
10???? ???? ? ? ????,
??? ? ????,
,
,
?????? ??????? ?????,
,
??? ????,
????? ?? ??????,
???????,
?????,
??????,
??????????,
??????,
??? ?????,
??? ? ??? ??????,
????? ????? ?? ???.,
,
"???, ?? ???? ??? ????",
?? ?? ???? ???? ?? ??????,
,
?? ? ??? ?? ?????,
?? ?? ??? ???? ? ??? ?????,
,
?? ?? ??? ?????,
?? ?? ?? ?? ??? ?? ?? ??? ?? ???.,
,
"?? ???? ?? 5633? ??, ?? ??? ?????.",
?? ?? ?? ??? ??????? ? ? ????,
,
"? ? ???, ??? ??? ????.",
?? ?? ?? ????? ??? ?? ??? ???????,
,
,
?? ?? ???????? ?? ??? ????.,
,
,
,
,
,
,
???? ?? ??? ?? ??? ??????,
,
? ???? ?? ?? ??? ?? ??? ? ????,
?? ???? ?? ?? ?? ?? ? ?????.,
,
,
,
"?, ?? ?????? ?? ?? ?? ??? ????",
"?? ?? ?? ?????, ????? ????? ??? ?????.",
???? ???????? ?? ?? ??? ?? ????,
,
??? ?? ???? ? ????? ????,
? ???? ?? ?? ??? ?????.,
?? ??? ?? ?? ??? ??? ????,
????? ?? ??? ?????.,
?? ?? ??? ?? ????? ?? ? ??? ?????,
?? ? ?? ?? ?? ?? ??? ?????,
,
"?, ????, ????? ??? ?? ????",
? ??????? ????? ?? ?? ?? ? ???.,
,
,
"?, ?? ????? ??????? ??? ??? ?????",
?? ????? ???? ????. ?????????,
,
,
,
,
"?, ????, ??? ???? ????",
?? ?? ??? ?????? ?? ??? ????,
?? ??? ?? ??? ? ??? ?? ????,
?? ?? ?? ?? ?? ????????,
?? ??? ?? ??? ?? ?????,
??? ?? ????? ?? ?? ??????.,
,
,
"?, ?? ?? ????? ??? ????",
?? ???????,
?? ?????,
?? ?? ??? ???? ??? ?????,
,
??????? ??? ?????? ??? ????,
"?, ?? ??? ??? ?????",
????? ???????? ?? ??? ????.,
,
,
?????. ?? 507?? ?? ?????,
,
"???, ?? 507? ???? 507? ?? ??? ??????",
?? ?????.,
,
,
507?? ???? ??????,
,
??????? ????? ?? ?? ??? ????.,
,
,
,
"????, ?? 05?? ?? ????? ??? ????",
?????,
??????? ????? ?? ?? ??? ????,
?? ?????,
?? ? ?? ??? ? ?????,
??????? ??????? ?? ?? ??????.,
,
,
,
?????. ?? ?? ???? ??????,
"???, ?? ?? ?? ??? ????",
?? ??? ??? ????,
?? ??? ?????,
151? ?? ???? ??????,
"?? ? ? ????, 151? ?? ?? ??? ????",
?? ?? ?? ?? ?? ??? ???? ??? ????,
,
,
,
"?, ???? ??? ?????",
,
?? ?? ???? ???? ?? ?? ?????,
?? ?? ???? ??? ?? ????,
,
,
?? ??? ?????.,
? ?? ???? 507?? ????? ???,
507? ???? ?? ??? ? ?????,
???????? ????????? ?? ? ?????.,
??? ??? ?????,
?? ?? ??? ????,
,
"?? ????, ??? ?? ?? ??? ?????.",
????? ???? ??????,
,
?????? ?????? ?? ? ?????.,
,
,
,
???? ?? ???? ???? ??? ????,
"?? ??? ?? ???, ?? ???? ???? ?? ?????.",
?? 2??? ????? ???,
??? ??? ?????,
?? ? ?? ?????,
,
???? ???? ?? ??? ?? ????.,
,
,
,
BRT 1OOO? ?? ??? ??????,
????? ????? ? ?? ??? ????,
,
????? ??? ??. ?????????? BRT? ????,
?? ???? ???????,
? ????? ??????????? ?? ????,
????? ????? ??? ????,
,
,
,
,
,
,
,
????? ????? ??? ??? ????,
,
,
,
???? ???? ????? ?????,
,
??? ??? ??????,
????? ??? ??? ??? ???? ?????,
????? ???? ???? ??? ????,
???????? ??????.,
,
,
,
,
,
,
,
,
,
???????? ??????.,
,
,
,
,
,
,
???? ?? ??????,
????? ????????? ???????,
???? ??? ? ????,
???? ???? ??? ?? ????.,
,
,
???? ???? ?????,
,
??? ??? ??? ??? ?? ??????,
???? ??? ???????,
,
??????????,
?? ???? ??? ????,
??? ????,
???? ?????? ?? ??? ??????,
,
,
??? ??? ????,
????? ktx?? ??? ?? ????,
,
????? ???? ??? ??? ?????,
??? ???? ????? ????? ??? ????,
??? ??????.,
???? ???? ??? ?? ????.,
,
,
?? 8? ??? ????,
9? 15??? ??? ????,
??? ??? ????,
?????? ???? ????? ??????,
??? ??? ? ???,
?? ??? ? ? ????,
??? ?? ? ????,
????? ????? ?? ??? ?? ????.,
????  ???? ????,
,
???? ??? ?? ?????,
,
,
???? ??? ??????,
??? ??????,
??? ?? ??? ?????,
????? ??? ?????? ??? ??????,
?????? ? ??? ??? ????,
???? ???? ?? ??? ?? ????.,
,
,
???? ????,
??? ?? ??? ??????,
?? ??? ????,
????? ??????,
??? ???? ??? ?????,
??? ??????,
,
???? ????? ??? ????,
,
,
???? ????,
??? ?? ??? ??????,
?? ??? ????,
????? ??????,
??? ???? ??? ?????,
??? ??????,
,
????? ??? ??? ????,
,
,
,
?? ?? ??? ????,
???? ????,
??? ?? ?????,
??? ?? ??? ?????,
??? ?? ??? ??????,
????? ???????? ??? ????,
,
,
,
?? ?? ??? ????,
???? ????,
??? ?? ?????,
??? ?? ??? ?????,
??? ?? ??? ??????,
???? ???? ??? ?? ????.,
,
,
???? ???? ?????,
,
??? ??? ??? ??? ?? ??????,
???? ??? ???????,
,
??????????,
?? ???? ??? ????,
??? ????,
???? ?????? ?? ??? ??????,
,
,
??? ??? ????,
????? ktx?? ??? ?? ????,
,
????? ???? ??? ??? ?????,
??? ???? ??? ????? ??? ????,
,
????? ??? ?????? ??? ?????,
???? ????,
???? ? ?? ??? ????,
???? ??? ?????,
???? ??? ??? ?????,
??? ????? ???? ??????,
??? ????? ??? ??? ????,
??? ???????,
????? ??? ??????,
,
????? ??? ????,
,
,
,
?? ??? ? ? ?????,
,
????? ??? ?????,
??? ???? ????,
??? ??? ?? ? ?????,
?????? ??? ??? ???? ??? ?????,
,
???? ???? ????? ??????.,
,
,
,
???????,
??? ??? ???,
??? ????,
???? ?????.,
,
???? ?? ??? ????,
,
?? ???? ????,
?? ????? ?? ????,
??? ? ? ????,
???? ?? ???????,
??? ???? ??? ?? ??????,
?? ???? ?? ????,
,
,
???? ?????? ????? ????? ?????,
,
,
,
?? ??? ??????,
????? ????? ? ?? ??? ????,
,
????? ??? ?????,
???? ??????? ?????? ? ?????,
???? ??????? ??? ????,
,
,
,
????? ???????,
????? ????? ? ?? ??? ????,
,
?? ??? ????? ????,
360?? ??????????,
????????? ????? ???????,
,
,
,
??? ??? ????,
????? ????? ? ?? ??? ????,
